id,title,description,link,image_link,availability,price,brand,condition,google_product_category
CCOT020,Hand-Painted Srikalahasti Pen Kalamkari Cotton Silk dupattas Saree (CCOT020),"Authentic 100% hand-painted Srikalahasti Pen Kalamkari pure silk saree (Code: CCOT020). Handcrafted with bamboo pens and natural organic vegetable mineral dyes in Srikalahasti, Andhra Pradesh. Fabric: Cotton Silk dupattas. Direct from Dhanalakshmi Kalamkari master artisans.",https://www.dhanalakshmikalamkari.in/?product=CCOT020,https://lh3.googleusercontent.com/d/1s5NJXz_JHgJ5CsYAtNXIhNNlEbuhey6g=w1200,in_stock,14500 INR,Dhanalakshmi Kalamkari,new,Apparel & Accessories > Clothing > Traditional & Ceremonial Clothing > Sarees
CCOT021,Hand-Painted Srikalahasti Pen Kalamkari Cotton Silk dupattas Saree (CCOT021),"Authentic 100% hand-painted Srikalahasti Pen Kalamkari pure silk saree (Code: CCOT021). Handcrafted with bamboo pens and natural organic vegetable mineral dyes in Srikalahasti, Andhra Pradesh. Fabric: Cotton Silk dupattas. Direct from Dhanalakshmi Kalamkari master artisans.",https://www.dhanalakshmikalamkari.in/?product=CCOT021,https://lh3.googleusercontent.com/d/1JwTcqE5_Pa8FPA7hP0vx6pQa8e-4Vs35=w1200,in_stock,14500 INR,Dhanalakshmi Kalamkari,new,Apparel & Accessories > Clothing > Traditional & Ceremonial Clothing > Sarees
CCOT022,Hand-Painted Srikalahasti Pen Kalamkari Cotton Silk dupattas Saree (CCOT022),"Authentic 100% hand-painted Srikalahasti Pen Kalamkari pure silk saree (Code: CCOT022). Handcrafted with bamboo pens and natural organic vegetable mineral dyes in Srikalahasti, Andhra Pradesh. Fabric: Cotton Silk dupattas. Direct from Dhanalakshmi Kalamkari master artisans.",https://www.dhanalakshmikalamkari.in/?product=CCOT022,https://lh3.googleusercontent.com/d/1gM0C5sqqsNS90_mki-6CmsN6qZykMLY8=w1200,in_stock,14500 INR,Dhanalakshmi Kalamkari,new,Apparel & Accessories > Clothing > Traditional & Ceremonial Clothing > Sarees
CCOT023,Hand-Painted Srikalahasti Pen Kalamkari Cotton Silk dupattas Saree (CCOT023),"Authentic 100% hand-painted Srikalahasti Pen Kalamkari pure silk saree (Code: CCOT023). Handcrafted with bamboo pens and natural organic vegetable mineral dyes in Srikalahasti, Andhra Pradesh. Fabric: Cotton Silk dupattas. Direct from Dhanalakshmi Kalamkari master artisans.",https://www.dhanalakshmikalamkari.in/?product=CCOT023,https://lh3.googleusercontent.com/d/1R9Zf88sZDnxt0Y3Phz9DjhIe7axtiDao=w1200,in_stock,14500 INR,Dhanalakshmi Kalamkari,new,Apparel & Accessories > Clothing > Traditional & Ceremonial Clothing > Sarees
CCOT024,Hand-Painted Srikalahasti Pen Kalamkari Cotton Silk dupattas Saree (CCOT024),"Authentic 100% hand-painted Srikalahasti Pen Kalamkari pure silk saree (Code: CCOT024). Handcrafted with bamboo pens and natural organic vegetable mineral dyes in Srikalahasti, Andhra Pradesh. Fabric: Cotton Silk dupattas. Direct from Dhanalakshmi Kalamkari master artisans.",https://www.dhanalakshmikalamkari.in/?product=CCOT024,https://lh3.googleusercontent.com/d/1iwJKn6cgtOFg3uqL8WjjNuP65pecveHy=w1200,in_stock,14500 INR,Dhanalakshmi Kalamkari,new,Apparel & Accessories > Clothing > Traditional & Ceremonial Clothing > Sarees
CCOT025,Hand-Painted Srikalahasti Pen Kalamkari Cotton black and white Sarees Saree (CCOT025),"Authentic 100% hand-painted Srikalahasti Pen Kalamkari pure silk saree (Code: CCOT025). Handcrafted with bamboo pens and natural organic vegetable mineral dyes in Srikalahasti, Andhra Pradesh. Fabric: Cotton black and white Sarees. Direct from Dhanalakshmi Kalamkari master artisans.",https://www.dhanalakshmikalamkari.in/?product=CCOT025,https://lh3.googleusercontent.com/d/1p3mq7a4A1zQ5qyT7k3CpF3hspLU2uS0x=w1200,in_stock,14500 INR,Dhanalakshmi Kalamkari,new,Apparel & Accessories > Clothing > Traditional & Ceremonial Clothing > Sarees
CCOT026,Hand-Painted Srikalahasti Pen Kalamkari Cotton black and white Sarees Saree (CCOT026),"Authentic 100% hand-painted Srikalahasti Pen Kalamkari pure silk saree (Code: CCOT026). Handcrafted with bamboo pens and natural organic vegetable mineral dyes in Srikalahasti, Andhra Pradesh. Fabric: Cotton black and white Sarees. Direct from Dhanalakshmi Kalamkari master artisans.",https://www.dhanalakshmikalamkari.in/?product=CCOT026,https://lh3.googleusercontent.com/d/13powzo8NxRy172lC2HNvUhR_d34jPPSv=w1200,in_stock,14500 INR,Dhanalakshmi Kalamkari,new,Apparel & Accessories > Clothing > Traditional & Ceremonial Clothing > Sarees
CCOT013,Hand-Painted Srikalahasti Pen Kalamkari Cotton black and white Sarees Saree (CCOT013),"Authentic 100% hand-painted Srikalahasti Pen Kalamkari pure silk saree (Code: CCOT013). Handcrafted with bamboo pens and natural organic vegetable mineral dyes in Srikalahasti, Andhra Pradesh. Fabric: Cotton black and white Sarees. Direct from Dhanalakshmi Kalamkari master artisans.",https://www.dhanalakshmikalamkari.in/?product=CCOT013,https://lh3.googleusercontent.com/d/1Fl9sbeORCLzDwbUDjdPwthho8ZZVV-_3=w1200,in_stock,14500 INR,Dhanalakshmi Kalamkari,new,Apparel & Accessories > Clothing > Traditional & Ceremonial Clothing > Sarees
CCOT014,Hand-Painted Srikalahasti Pen Kalamkari Cotton black and white Sarees Saree (CCOT014),"Authentic 100% hand-painted Srikalahasti Pen Kalamkari pure silk saree (Code: CCOT014). Handcrafted with bamboo pens and natural organic vegetable mineral dyes in Srikalahasti, Andhra Pradesh. Fabric: Cotton black and white Sarees. Direct from Dhanalakshmi Kalamkari master artisans.",https://www.dhanalakshmikalamkari.in/?product=CCOT014,https://lh3.googleusercontent.com/d/1oCYiKgxbgOA6_Gcc_GV-2_a9RDREeg6m=w1200,in_stock,14500 INR,Dhanalakshmi Kalamkari,new,Apparel & Accessories > Clothing > Traditional & Ceremonial Clothing > Sarees
CCOT015,Hand-Painted Srikalahasti Pen Kalamkari Cotton black and white Sarees Saree (CCOT015),"Authentic 100% hand-painted Srikalahasti Pen Kalamkari pure silk saree (Code: CCOT015). Handcrafted with bamboo pens and natural organic vegetable mineral dyes in Srikalahasti, Andhra Pradesh. Fabric: Cotton black and white Sarees. Direct from Dhanalakshmi Kalamkari master artisans.",https://www.dhanalakshmikalamkari.in/?product=CCOT015,https://lh3.googleusercontent.com/d/1iV4cG-pMox1U_kFH6V5nOzWco-kdWAVT=w1200,in_stock,14500 INR,Dhanalakshmi Kalamkari,new,Apparel & Accessories > Clothing > Traditional & Ceremonial Clothing > Sarees
CCOT016,Hand-Painted Srikalahasti Pen Kalamkari Cotton black and white Sarees Saree (CCOT016),"Authentic 100% hand-painted Srikalahasti Pen Kalamkari pure silk saree (Code: CCOT016). Handcrafted with bamboo pens and natural organic vegetable mineral dyes in Srikalahasti, Andhra Pradesh. Fabric: Cotton black and white Sarees. Direct from Dhanalakshmi Kalamkari master artisans.",https://www.dhanalakshmikalamkari.in/?product=CCOT016,https://lh3.googleusercontent.com/d/1UqA_6zeCQBZt6fRIBUGiBLY_SbNuyg8H=w1200,in_stock,14500 INR,Dhanalakshmi Kalamkari,new,Apparel & Accessories > Clothing > Traditional & Ceremonial Clothing > Sarees
CCOT017,Hand-Painted Srikalahasti Pen Kalamkari Cotton black and white Sarees Saree (CCOT017),"Authentic 100% hand-painted Srikalahasti Pen Kalamkari pure silk saree (Code: CCOT017). Handcrafted with bamboo pens and natural organic vegetable mineral dyes in Srikalahasti, Andhra Pradesh. Fabric: Cotton black and white Sarees. Direct from Dhanalakshmi Kalamkari master artisans.",https://www.dhanalakshmikalamkari.in/?product=CCOT017,https://lh3.googleusercontent.com/d/1rYs0ODRlJXVxwFEBGrP_2FyBDyJpDNq7=w1200,in_stock,14500 INR,Dhanalakshmi Kalamkari,new,Apparel & Accessories > Clothing > Traditional & Ceremonial Clothing > Sarees
CCOT018,Hand-Painted Srikalahasti Pen Kalamkari Cotton black and white Sarees Saree (CCOT018),"Authentic 100% hand-painted Srikalahasti Pen Kalamkari pure silk saree (Code: CCOT018). Handcrafted with bamboo pens and natural organic vegetable mineral dyes in Srikalahasti, Andhra Pradesh. Fabric: Cotton black and white Sarees. Direct from Dhanalakshmi Kalamkari master artisans.",https://www.dhanalakshmikalamkari.in/?product=CCOT018,https://lh3.googleusercontent.com/d/14QzWc28C9apd-S8cdD5QaRBSEWsU1TpH=w1200,in_stock,14500 INR,Dhanalakshmi Kalamkari,new,Apparel & Accessories > Clothing > Traditional & Ceremonial Clothing > Sarees
CCOT011,Hand-Painted Srikalahasti Pen Kalamkari Cotton black and white Sarees Saree (CCOT011),"Authentic 100% hand-painted Srikalahasti Pen Kalamkari pure silk saree (Code: CCOT011). Handcrafted with bamboo pens and natural organic vegetable mineral dyes in Srikalahasti, Andhra Pradesh. Fabric: Cotton black and white Sarees. Direct from Dhanalakshmi Kalamkari master artisans.",https://www.dhanalakshmikalamkari.in/?product=CCOT011,https://lh3.googleusercontent.com/d/1Qt2DhGL2-VLm8Hu5U7VA_CuTR9E691-l=w1200,in_stock,14500 INR,Dhanalakshmi Kalamkari,new,Apparel & Accessories > Clothing > Traditional & Ceremonial Clothing > Sarees
CCOT012,Hand-Painted Srikalahasti Pen Kalamkari Cotton black and white Sarees Saree (CCOT012),"Authentic 100% hand-painted Srikalahasti Pen Kalamkari pure silk saree (Code: CCOT012). Handcrafted with bamboo pens and natural organic vegetable mineral dyes in Srikalahasti, Andhra Pradesh. Fabric: Cotton black and white Sarees. Direct from Dhanalakshmi Kalamkari master artisans.",https://www.dhanalakshmikalamkari.in/?product=CCOT012,https://lh3.googleusercontent.com/d/1gPtqOnjUOXG1E-2jVXMoW9dNlsuSv0Jn=w1200,in_stock,14500 INR,Dhanalakshmi Kalamkari,new,Apparel & Accessories > Clothing > Traditional & Ceremonial Clothing > Sarees
CCOT006,Hand-Painted Srikalahasti Pen Kalamkari Pure Cotton Black&white Duppatas Saree (CCOT006),"Authentic 100% hand-painted Srikalahasti Pen Kalamkari pure silk saree (Code: CCOT006). Handcrafted with bamboo pens and natural organic vegetable mineral dyes in Srikalahasti, Andhra Pradesh. Fabric: Pure Cotton Black&white Duppatas. Direct from Dhanalakshmi Kalamkari master artisans.",https://www.dhanalakshmikalamkari.in/?product=CCOT006,https://lh3.googleusercontent.com/d/1dubCPBlqcmLzELQdUiq1Bk_5laq_-nNo=w1200,in_stock,950 INR,Dhanalakshmi Kalamkari,new,Apparel & Accessories > Clothing > Traditional & Ceremonial Clothing > Sarees
CCOT008,Hand-Painted Srikalahasti Pen Kalamkari Pure Cotton Black&white Duppatas Saree (CCOT008),"Authentic 100% hand-painted Srikalahasti Pen Kalamkari pure silk saree (Code: CCOT008). Handcrafted with bamboo pens and natural organic vegetable mineral dyes in Srikalahasti, Andhra Pradesh. Fabric: Pure Cotton Black&white Duppatas. Direct from Dhanalakshmi Kalamkari master artisans.",https://www.dhanalakshmikalamkari.in/?product=CCOT008,https://lh3.googleusercontent.com/d/14Kht9IybtNfqU3CeypzXTxul6KAzRCuH=w1200,in_stock,950 INR,Dhanalakshmi Kalamkari,new,Apparel & Accessories > Clothing > Traditional & Ceremonial Clothing > Sarees
CPCSD008,Hand-Painted Srikalahasti Pen Kalamkari Pure Cotton Multicoloured Duppatas Saree (CPCSD008),"Authentic 100% hand-painted Srikalahasti Pen Kalamkari pure silk saree (Code: CPCSD008). Handcrafted with bamboo pens and natural organic vegetable mineral dyes in Srikalahasti, Andhra Pradesh. Fabric: Pure Cotton Multicoloured Duppatas. Direct from Dhanalakshmi Kalamkari master artisans.",https://www.dhanalakshmikalamkari.in/?product=CPCSD008,https://lh3.googleusercontent.com/d/1B23YBlLRQdXntZ-rNvLTLzt17e3VWw49=w1200,in_stock,2200 INR,Dhanalakshmi Kalamkari,new,Apparel & Accessories > Clothing > Traditional & Ceremonial Clothing > Sarees
CPCSD009,Hand-Painted Srikalahasti Pen Kalamkari Pure Cotton Multicoloured Duppatas Saree (CPCSD009),"Authentic 100% hand-painted Srikalahasti Pen Kalamkari pure silk saree (Code: CPCSD009). Handcrafted with bamboo pens and natural organic vegetable mineral dyes in Srikalahasti, Andhra Pradesh. Fabric: Pure Cotton Multicoloured Duppatas. Direct from Dhanalakshmi Kalamkari master artisans.",https://www.dhanalakshmikalamkari.in/?product=CPCSD009,https://lh3.googleusercontent.com/d/1OPK-vvTn8Z65zLzz0XajapVG7ejjzQUX=w1200,in_stock,2200 INR,Dhanalakshmi Kalamkari,new,Apparel & Accessories > Clothing > Traditional & Ceremonial Clothing > Sarees
CPCSD011,Hand-Painted Srikalahasti Pen Kalamkari Pure Cotton Multicoloured Duppatas Saree (CPCSD011),"Authentic 100% hand-painted Srikalahasti Pen Kalamkari pure silk saree (Code: CPCSD011). Handcrafted with bamboo pens and natural organic vegetable mineral dyes in Srikalahasti, Andhra Pradesh. Fabric: Pure Cotton Multicoloured Duppatas. Direct from Dhanalakshmi Kalamkari master artisans.",https://www.dhanalakshmikalamkari.in/?product=CPCSD011,https://lh3.googleusercontent.com/d/1KyNCQsC3SbXNwS-mj2sHOY8fd0Kn1aFS=w1200,in_stock,2200 INR,Dhanalakshmi Kalamkari,new,Apparel & Accessories > Clothing > Traditional & Ceremonial Clothing > Sarees
CBMD086,Hand-Painted Srikalahasti Pen Kalamkari Pure Cotton Multicoloured Duppatas Saree (CBMD086),"Authentic 100% hand-painted Srikalahasti Pen Kalamkari pure silk saree (Code: CBMD086). Handcrafted with bamboo pens and natural organic vegetable mineral dyes in Srikalahasti, Andhra Pradesh. Fabric: Pure Cotton Multicoloured Duppatas. Direct from Dhanalakshmi Kalamkari master artisans.",https://www.dhanalakshmikalamkari.in/?product=CBMD086,https://lh3.googleusercontent.com/d/1kBIcZnl4xrJON1iqZ6wdKQbloF4DMNtc=w1200,in_stock,1500 INR,Dhanalakshmi Kalamkari,new,Apparel & Accessories > Clothing > Traditional & Ceremonial Clothing > Sarees
CPUR445,Hand-Painted Srikalahasti Pen Kalamkari Pure Cotton Multicoloured Duppatas Saree (CPUR445),"Authentic 100% hand-painted Srikalahasti Pen Kalamkari pure silk saree (Code: CPUR445). Handcrafted with bamboo pens and natural organic vegetable mineral dyes in Srikalahasti, Andhra Pradesh. Fabric: Pure Cotton Multicoloured Duppatas. Direct from Dhanalakshmi Kalamkari master artisans.",https://www.dhanalakshmikalamkari.in/?product=CPUR445,https://lh3.googleusercontent.com/d/18ZxvESMxZ1ul9uxRFtd9QyS59CTM8fwi=w1200,in_stock,1500 INR,Dhanalakshmi Kalamkari,new,Apparel & Accessories > Clothing > Traditional & Ceremonial Clothing > Sarees
CPUR446,Hand-Painted Srikalahasti Pen Kalamkari Pure Cotton Multicoloured Duppatas Saree (CPUR446),"Authentic 100% hand-painted Srikalahasti Pen Kalamkari pure silk saree (Code: CPUR446). Handcrafted with bamboo pens and natural organic vegetable mineral dyes in Srikalahasti, Andhra Pradesh. Fabric: Pure Cotton Multicoloured Duppatas. Direct from Dhanalakshmi Kalamkari master artisans.",https://www.dhanalakshmikalamkari.in/?product=CPUR446,https://lh3.googleusercontent.com/d/12vSjWOxxs17mYPRAMDw1yAztd4DmsPZL=w1200,in_stock,1500 INR,Dhanalakshmi Kalamkari,new,Apparel & Accessories > Clothing > Traditional & Ceremonial Clothing > Sarees
CPUR447,Hand-Painted Srikalahasti Pen Kalamkari Pure Cotton Multicoloured Duppatas Saree (CPUR447),"Authentic 100% hand-painted Srikalahasti Pen Kalamkari pure silk saree (Code: CPUR447). Handcrafted with bamboo pens and natural organic vegetable mineral dyes in Srikalahasti, Andhra Pradesh. Fabric: Pure Cotton Multicoloured Duppatas. Direct from Dhanalakshmi Kalamkari master artisans.",https://www.dhanalakshmikalamkari.in/?product=CPUR447,https://lh3.googleusercontent.com/d/1ZfhCCLfnrRzosq9NSkVAhAB3wSaDwMi0=w1200,in_stock,1500 INR,Dhanalakshmi Kalamkari,new,Apparel & Accessories > Clothing > Traditional & Ceremonial Clothing > Sarees
CPUR448,Hand-Painted Srikalahasti Pen Kalamkari Pure Cotton Multicoloured Duppatas Saree (CPUR448),"Authentic 100% hand-painted Srikalahasti Pen Kalamkari pure silk saree (Code: CPUR448). Handcrafted with bamboo pens and natural organic vegetable mineral dyes in Srikalahasti, Andhra Pradesh. Fabric: Pure Cotton Multicoloured Duppatas. Direct from Dhanalakshmi Kalamkari master artisans.",https://www.dhanalakshmikalamkari.in/?product=CPUR448,https://lh3.googleusercontent.com/d/1_3CVvbyg2iz8Eg6Ti_le9JV3YqJZKg9F=w1200,in_stock,1500 INR,Dhanalakshmi Kalamkari,new,Apparel & Accessories > Clothing > Traditional & Ceremonial Clothing > Sarees
CPCFD031,Hand-Painted Srikalahasti Pen Kalamkari Pure Cotton Multicoloured Duppatas Saree (CPCFD031),"Authentic 100% hand-painted Srikalahasti Pen Kalamkari pure silk saree (Code: CPCFD031). Handcrafted with bamboo pens and natural organic vegetable mineral dyes in Srikalahasti, Andhra Pradesh. Fabric: Pure Cotton Multicoloured Duppatas. Direct from Dhanalakshmi Kalamkari master artisans.",https://www.dhanalakshmikalamkari.in/?product=CPCFD031,https://lh3.googleusercontent.com/d/1CrHJCqQwfmUITxTqiBpmWZiqXUB35nHX=w1200,in_stock,1500 INR,Dhanalakshmi Kalamkari,new,Apparel & Accessories > Clothing > Traditional & Ceremonial Clothing > Sarees
CPCFD032,Hand-Painted Srikalahasti Pen Kalamkari Pure Cotton Multicoloured Duppatas Saree (CPCFD032),"Authentic 100% hand-painted Srikalahasti Pen Kalamkari pure silk saree (Code: CPCFD032). Handcrafted with bamboo pens and natural organic vegetable mineral dyes in Srikalahasti, Andhra Pradesh. Fabric: Pure Cotton Multicoloured Duppatas. Direct from Dhanalakshmi Kalamkari master artisans.",https://www.dhanalakshmikalamkari.in/?product=CPCFD032,https://lh3.googleusercontent.com/d/1Z56mvaHqhX2gKA7vwgnDCQzzKDJptflj=w1200,in_stock,1500 INR,Dhanalakshmi Kalamkari,new,Apparel & Accessories > Clothing > Traditional & Ceremonial Clothing > Sarees
CPCFD033,Hand-Painted Srikalahasti Pen Kalamkari Pure Cotton Multicoloured Duppatas Saree (CPCFD033),"Authentic 100% hand-painted Srikalahasti Pen Kalamkari pure silk saree (Code: CPCFD033). Handcrafted with bamboo pens and natural organic vegetable mineral dyes in Srikalahasti, Andhra Pradesh. Fabric: Pure Cotton Multicoloured Duppatas. Direct from Dhanalakshmi Kalamkari master artisans.",https://www.dhanalakshmikalamkari.in/?product=CPCFD033,https://lh3.googleusercontent.com/d/1XFNfLJbV7LL3A0_5jAGd5K_0FJMRmIjp=w1200,in_stock,1500 INR,Dhanalakshmi Kalamkari,new,Apparel & Accessories > Clothing > Traditional & Ceremonial Clothing > Sarees
CPCFD034,Hand-Painted Srikalahasti Pen Kalamkari Pure Cotton Multicoloured Duppatas Saree (CPCFD034),"Authentic 100% hand-painted Srikalahasti Pen Kalamkari pure silk saree (Code: CPCFD034). Handcrafted with bamboo pens and natural organic vegetable mineral dyes in Srikalahasti, Andhra Pradesh. Fabric: Pure Cotton Multicoloured Duppatas. Direct from Dhanalakshmi Kalamkari master artisans.",https://www.dhanalakshmikalamkari.in/?product=CPCFD034,https://lh3.googleusercontent.com/d/1sI49imhG_cCoagvbozpffkx7FVua1Auq=w1200,in_stock,1500 INR,Dhanalakshmi Kalamkari,new,Apparel & Accessories > Clothing > Traditional & Ceremonial Clothing > Sarees
CPCFD036,Hand-Painted Srikalahasti Pen Kalamkari Pure Cotton Multicoloured Duppatas Saree (CPCFD036),"Authentic 100% hand-painted Srikalahasti Pen Kalamkari pure silk saree (Code: CPCFD036). Handcrafted with bamboo pens and natural organic vegetable mineral dyes in Srikalahasti, Andhra Pradesh. Fabric: Pure Cotton Multicoloured Duppatas. Direct from Dhanalakshmi Kalamkari master artisans.",https://www.dhanalakshmikalamkari.in/?product=CPCFD036,https://lh3.googleusercontent.com/d/1QvPaZr__E3R408FWC9RYhZG2py-YkWBe=w1200,in_stock,1500 INR,Dhanalakshmi Kalamkari,new,Apparel & Accessories > Clothing > Traditional & Ceremonial Clothing > Sarees
CPCFD037,Hand-Painted Srikalahasti Pen Kalamkari Pure Cotton Multicoloured Duppatas Saree (CPCFD037),"Authentic 100% hand-painted Srikalahasti Pen Kalamkari pure silk saree (Code: CPCFD037). Handcrafted with bamboo pens and natural organic vegetable mineral dyes in Srikalahasti, Andhra Pradesh. Fabric: Pure Cotton Multicoloured Duppatas. Direct from Dhanalakshmi Kalamkari master artisans.",https://www.dhanalakshmikalamkari.in/?product=CPCFD037,https://lh3.googleusercontent.com/d/1H5f2lni-Ri65Qu3ut_Hs8emoQW1sjZoM=w1200,in_stock,1500 INR,Dhanalakshmi Kalamkari,new,Apparel & Accessories > Clothing > Traditional & Ceremonial Clothing > Sarees
CPCFD038,Hand-Painted Srikalahasti Pen Kalamkari Pure Cotton Multicoloured Duppatas Saree (CPCFD038),"Authentic 100% hand-painted Srikalahasti Pen Kalamkari pure silk saree (Code: CPCFD038). Handcrafted with bamboo pens and natural organic vegetable mineral dyes in Srikalahasti, Andhra Pradesh. Fabric: Pure Cotton Multicoloured Duppatas. Direct from Dhanalakshmi Kalamkari master artisans.",https://www.dhanalakshmikalamkari.in/?product=CPCFD038,https://lh3.googleusercontent.com/d/12L6ffkVC-55XZf5lD-oE9lBQThGZr1ou=w1200,in_stock,1500 INR,Dhanalakshmi Kalamkari,new,Apparel & Accessories > Clothing > Traditional & Ceremonial Clothing > Sarees
CPCFD039,Hand-Painted Srikalahasti Pen Kalamkari Pure Cotton Multicoloured Duppatas Saree (CPCFD039),"Authentic 100% hand-painted Srikalahasti Pen Kalamkari pure silk saree (Code: CPCFD039). Handcrafted with bamboo pens and natural organic vegetable mineral dyes in Srikalahasti, Andhra Pradesh. Fabric: Pure Cotton Multicoloured Duppatas. Direct from Dhanalakshmi Kalamkari master artisans.",https://www.dhanalakshmikalamkari.in/?product=CPCFD039,https://lh3.googleusercontent.com/d/13o_qH2degoDfFNXqaD_xp0zuFEYHDvVY=w1200,in_stock,1500 INR,Dhanalakshmi Kalamkari,new,Apparel & Accessories > Clothing > Traditional & Ceremonial Clothing > Sarees
CPCFD040,Hand-Painted Srikalahasti Pen Kalamkari Pure Cotton Multicoloured Duppatas Saree (CPCFD040),"Authentic 100% hand-painted Srikalahasti Pen Kalamkari pure silk saree (Code: CPCFD040). Handcrafted with bamboo pens and natural organic vegetable mineral dyes in Srikalahasti, Andhra Pradesh. Fabric: Pure Cotton Multicoloured Duppatas. Direct from Dhanalakshmi Kalamkari master artisans.",https://www.dhanalakshmikalamkari.in/?product=CPCFD040,https://lh3.googleusercontent.com/d/1usdpfkdrGf0c9nwoBk6DhnwlDaymE6ZM=w1200,in_stock,1500 INR,Dhanalakshmi Kalamkari,new,Apparel & Accessories > Clothing > Traditional & Ceremonial Clothing > Sarees
CPCFD041,Hand-Painted Srikalahasti Pen Kalamkari Pure Cotton Multicoloured Duppatas Saree (CPCFD041),"Authentic 100% hand-painted Srikalahasti Pen Kalamkari pure silk saree (Code: CPCFD041). Handcrafted with bamboo pens and natural organic vegetable mineral dyes in Srikalahasti, Andhra Pradesh. Fabric: Pure Cotton Multicoloured Duppatas. Direct from Dhanalakshmi Kalamkari master artisans.",https://www.dhanalakshmikalamkari.in/?product=CPCFD041,https://lh3.googleusercontent.com/d/1944lb7uEgeNn6bzk62FBqpz6G-Kh-rF7=w1200,in_stock,1500 INR,Dhanalakshmi Kalamkari,new,Apparel & Accessories > Clothing > Traditional & Ceremonial Clothing > Sarees
CPCFD043,Hand-Painted Srikalahasti Pen Kalamkari Pure Cotton Multicoloured Duppatas Saree (CPCFD043),"Authentic 100% hand-painted Srikalahasti Pen Kalamkari pure silk saree (Code: CPCFD043). Handcrafted with bamboo pens and natural organic vegetable mineral dyes in Srikalahasti, Andhra Pradesh. Fabric: Pure Cotton Multicoloured Duppatas. Direct from Dhanalakshmi Kalamkari master artisans.",https://www.dhanalakshmikalamkari.in/?product=CPCFD043,https://lh3.googleusercontent.com/d/1SEXCTJCipFOLfRmOjHOqqoRTQZMaR0Qm=w1200,in_stock,1500 INR,Dhanalakshmi Kalamkari,new,Apparel & Accessories > Clothing > Traditional & Ceremonial Clothing > Sarees
CPCFD044,Hand-Painted Srikalahasti Pen Kalamkari Pure Cotton Multicoloured Duppatas Saree (CPCFD044),"Authentic 100% hand-painted Srikalahasti Pen Kalamkari pure silk saree (Code: CPCFD044). Handcrafted with bamboo pens and natural organic vegetable mineral dyes in Srikalahasti, Andhra Pradesh. Fabric: Pure Cotton Multicoloured Duppatas. Direct from Dhanalakshmi Kalamkari master artisans.",https://www.dhanalakshmikalamkari.in/?product=CPCFD044,https://lh3.googleusercontent.com/d/1b9JPWGClvLquSsHvwBSYJmbUsbgPsKvC=w1200,in_stock,1500 INR,Dhanalakshmi Kalamkari,new,Apparel & Accessories > Clothing > Traditional & Ceremonial Clothing > Sarees
CPCFD045,Hand-Painted Srikalahasti Pen Kalamkari Pure Cotton Multicoloured Duppatas Saree (CPCFD045),"Authentic 100% hand-painted Srikalahasti Pen Kalamkari pure silk saree (Code: CPCFD045). Handcrafted with bamboo pens and natural organic vegetable mineral dyes in Srikalahasti, Andhra Pradesh. Fabric: Pure Cotton Multicoloured Duppatas. Direct from Dhanalakshmi Kalamkari master artisans.",https://www.dhanalakshmikalamkari.in/?product=CPCFD045,https://lh3.googleusercontent.com/d/1GFntF4gjud73P8SFgtpy8DqrfFdT9w2i=w1200,in_stock,1500 INR,Dhanalakshmi Kalamkari,new,Apparel & Accessories > Clothing > Traditional & Ceremonial Clothing > Sarees
CPCFD046,Hand-Painted Srikalahasti Pen Kalamkari Pure Cotton Multicoloured Duppatas Saree (CPCFD046),"Authentic 100% hand-painted Srikalahasti Pen Kalamkari pure silk saree (Code: CPCFD046). Handcrafted with bamboo pens and natural organic vegetable mineral dyes in Srikalahasti, Andhra Pradesh. Fabric: Pure Cotton Multicoloured Duppatas. Direct from Dhanalakshmi Kalamkari master artisans.",https://www.dhanalakshmikalamkari.in/?product=CPCFD046,https://lh3.googleusercontent.com/d/1lEO452g2ux9Z7qKHYwN-gt_DEnlkERLm=w1200,in_stock,1500 INR,Dhanalakshmi Kalamkari,new,Apparel & Accessories > Clothing > Traditional & Ceremonial Clothing > Sarees
CPCFD047,Hand-Painted Srikalahasti Pen Kalamkari Pure Cotton Multicoloured Duppatas Saree (CPCFD047),"Authentic 100% hand-painted Srikalahasti Pen Kalamkari pure silk saree (Code: CPCFD047). Handcrafted with bamboo pens and natural organic vegetable mineral dyes in Srikalahasti, Andhra Pradesh. Fabric: Pure Cotton Multicoloured Duppatas. Direct from Dhanalakshmi Kalamkari master artisans.",https://www.dhanalakshmikalamkari.in/?product=CPCFD047,https://lh3.googleusercontent.com/d/1cvy1ZNaTHKDwKjoCqkCOqG1A2j0_1ZED=w1200,in_stock,1500 INR,Dhanalakshmi Kalamkari,new,Apparel & Accessories > Clothing > Traditional & Ceremonial Clothing > Sarees
CPCFD048,Hand-Painted Srikalahasti Pen Kalamkari Pure Cotton Multicoloured Duppatas Saree (CPCFD048),"Authentic 100% hand-painted Srikalahasti Pen Kalamkari pure silk saree (Code: CPCFD048). Handcrafted with bamboo pens and natural organic vegetable mineral dyes in Srikalahasti, Andhra Pradesh. Fabric: Pure Cotton Multicoloured Duppatas. Direct from Dhanalakshmi Kalamkari master artisans.",https://www.dhanalakshmikalamkari.in/?product=CPCFD048,https://lh3.googleusercontent.com/d/1bWHEEkH15EQa3ldlUbeWVFO7zXBMDx3Q=w1200,in_stock,1500 INR,Dhanalakshmi Kalamkari,new,Apparel & Accessories > Clothing > Traditional & Ceremonial Clothing > Sarees
CPCFD050,Hand-Painted Srikalahasti Pen Kalamkari Pure Cotton Multicoloured Duppatas Saree (CPCFD050),"Authentic 100% hand-painted Srikalahasti Pen Kalamkari pure silk saree (Code: CPCFD050). Handcrafted with bamboo pens and natural organic vegetable mineral dyes in Srikalahasti, Andhra Pradesh. Fabric: Pure Cotton Multicoloured Duppatas. Direct from Dhanalakshmi Kalamkari master artisans.",https://www.dhanalakshmikalamkari.in/?product=CPCFD050,https://lh3.googleusercontent.com/d/1GqfzeUZNSj9OhPwBwQXBAXCZ1ibGR2cj=w1200,in_stock,1500 INR,Dhanalakshmi Kalamkari,new,Apparel & Accessories > Clothing > Traditional & Ceremonial Clothing > Sarees
CPCFD051,Hand-Painted Srikalahasti Pen Kalamkari Pure Cotton Multicoloured Duppatas Saree (CPCFD051),"Authentic 100% hand-painted Srikalahasti Pen Kalamkari pure silk saree (Code: CPCFD051). Handcrafted with bamboo pens and natural organic vegetable mineral dyes in Srikalahasti, Andhra Pradesh. Fabric: Pure Cotton Multicoloured Duppatas. Direct from Dhanalakshmi Kalamkari master artisans.",https://www.dhanalakshmikalamkari.in/?product=CPCFD051,https://lh3.googleusercontent.com/d/18y_IycryTe5R0epgwwBnuYVnPdF5Z4n4=w1200,in_stock,1500 INR,Dhanalakshmi Kalamkari,new,Apparel & Accessories > Clothing > Traditional & Ceremonial Clothing > Sarees
CPCFD053,Hand-Painted Srikalahasti Pen Kalamkari Pure Cotton Multicoloured Duppatas Saree (CPCFD053),"Authentic 100% hand-painted Srikalahasti Pen Kalamkari pure silk saree (Code: CPCFD053). Handcrafted with bamboo pens and natural organic vegetable mineral dyes in Srikalahasti, Andhra Pradesh. Fabric: Pure Cotton Multicoloured Duppatas. Direct from Dhanalakshmi Kalamkari master artisans.",https://www.dhanalakshmikalamkari.in/?product=CPCFD053,https://lh3.googleusercontent.com/d/10XNrLJ-eqoS6LY-o4TRHZatp6vrNVAvK=w1200,in_stock,1500 INR,Dhanalakshmi Kalamkari,new,Apparel & Accessories > Clothing > Traditional & Ceremonial Clothing > Sarees
CPCFD054,Hand-Painted Srikalahasti Pen Kalamkari Pure Cotton Multicoloured Duppatas Saree (CPCFD054),"Authentic 100% hand-painted Srikalahasti Pen Kalamkari pure silk saree (Code: CPCFD054). Handcrafted with bamboo pens and natural organic vegetable mineral dyes in Srikalahasti, Andhra Pradesh. Fabric: Pure Cotton Multicoloured Duppatas. Direct from Dhanalakshmi Kalamkari master artisans.",https://www.dhanalakshmikalamkari.in/?product=CPCFD054,https://lh3.googleusercontent.com/d/1rfYgcxv6Wxchl5NvLYj2aVUW2TXFBdgp=w1200,in_stock,1500 INR,Dhanalakshmi Kalamkari,new,Apparel & Accessories > Clothing > Traditional & Ceremonial Clothing > Sarees
CCRA001,Hand-Painted Srikalahasti Pen Kalamkari Pure Creepe Duppatas Saree (CCRA001),"Authentic 100% hand-painted Srikalahasti Pen Kalamkari pure silk saree (Code: CCRA001). Handcrafted with bamboo pens and natural organic vegetable mineral dyes in Srikalahasti, Andhra Pradesh. Fabric: Pure Creepe Duppatas. Direct from Dhanalakshmi Kalamkari master artisans.",https://www.dhanalakshmikalamkari.in/?product=CCRA001,https://lh3.googleusercontent.com/d/1PhuDRZcKsy-9lefkIOw5E81jKrdyMidT=w1200,in_stock,4200 INR,Dhanalakshmi Kalamkari,new,Apparel & Accessories > Clothing > Traditional & Ceremonial Clothing > Sarees
CCRA002,Hand-Painted Srikalahasti Pen Kalamkari Pure Creepe Duppatas Saree (CCRA002),"Authentic 100% hand-painted Srikalahasti Pen Kalamkari pure silk saree (Code: CCRA002). Handcrafted with bamboo pens and natural organic vegetable mineral dyes in Srikalahasti, Andhra Pradesh. Fabric: Pure Creepe Duppatas. Direct from Dhanalakshmi Kalamkari master artisans.",https://www.dhanalakshmikalamkari.in/?product=CCRA002,https://lh3.googleusercontent.com/d/1a9CWFBwbqEjCVzR897xFS4tL5YhWAV6a=w1200,in_stock,4200 INR,Dhanalakshmi Kalamkari,new,Apparel & Accessories > Clothing > Traditional & Ceremonial Clothing > Sarees
CCRA003,Hand-Painted Srikalahasti Pen Kalamkari Pure Creepe Duppatas Saree (CCRA003),"Authentic 100% hand-painted Srikalahasti Pen Kalamkari pure silk saree (Code: CCRA003). Handcrafted with bamboo pens and natural organic vegetable mineral dyes in Srikalahasti, Andhra Pradesh. Fabric: Pure Creepe Duppatas. Direct from Dhanalakshmi Kalamkari master artisans.",https://www.dhanalakshmikalamkari.in/?product=CCRA003,https://lh3.googleusercontent.com/d/1GrSG5JtCP1uwR4fUDpygCf0IEPHx0GmI=w1200,in_stock,4200 INR,Dhanalakshmi Kalamkari,new,Apparel & Accessories > Clothing > Traditional & Ceremonial Clothing > Sarees
CCRA004,Hand-Painted Srikalahasti Pen Kalamkari Pure Creepe Duppatas Saree (CCRA004),"Authentic 100% hand-painted Srikalahasti Pen Kalamkari pure silk saree (Code: CCRA004). Handcrafted with bamboo pens and natural organic vegetable mineral dyes in Srikalahasti, Andhra Pradesh. Fabric: Pure Creepe Duppatas. Direct from Dhanalakshmi Kalamkari master artisans.",https://www.dhanalakshmikalamkari.in/?product=CCRA004,https://lh3.googleusercontent.com/d/1Qbf1TNnb4vkIV6Ynsa2i9WBnmhTkCVYP=w1200,in_stock,4200 INR,Dhanalakshmi Kalamkari,new,Apparel & Accessories > Clothing > Traditional & Ceremonial Clothing > Sarees
CCRA005,Hand-Painted Srikalahasti Pen Kalamkari Pure Creepe Duppatas Saree (CCRA005),"Authentic 100% hand-painted Srikalahasti Pen Kalamkari pure silk saree (Code: CCRA005). Handcrafted with bamboo pens and natural organic vegetable mineral dyes in Srikalahasti, Andhra Pradesh. Fabric: Pure Creepe Duppatas. Direct from Dhanalakshmi Kalamkari master artisans.",https://www.dhanalakshmikalamkari.in/?product=CCRA005,https://lh3.googleusercontent.com/d/1CHnMwveM_o4nSn5VGgr70hAdslFBhC4X=w1200,in_stock,4200 INR,Dhanalakshmi Kalamkari,new,Apparel & Accessories > Clothing > Traditional & Ceremonial Clothing > Sarees
CCRA006,Hand-Painted Srikalahasti Pen Kalamkari Pure Creepe Duppatas Saree (CCRA006),"Authentic 100% hand-painted Srikalahasti Pen Kalamkari pure silk saree (Code: CCRA006). Handcrafted with bamboo pens and natural organic vegetable mineral dyes in Srikalahasti, Andhra Pradesh. Fabric: Pure Creepe Duppatas. Direct from Dhanalakshmi Kalamkari master artisans.",https://www.dhanalakshmikalamkari.in/?product=CCRA006,https://lh3.googleusercontent.com/d/13N2LZg4DqhqICYN0py2nFZfN7PdPoqYD=w1200,in_stock,4200 INR,Dhanalakshmi Kalamkari,new,Apparel & Accessories > Clothing > Traditional & Ceremonial Clothing > Sarees
CCRA007,Hand-Painted Srikalahasti Pen Kalamkari Pure Creepe Duppatas Saree (CCRA007),"Authentic 100% hand-painted Srikalahasti Pen Kalamkari pure silk saree (Code: CCRA007). Handcrafted with bamboo pens and natural organic vegetable mineral dyes in Srikalahasti, Andhra Pradesh. Fabric: Pure Creepe Duppatas. Direct from Dhanalakshmi Kalamkari master artisans.",https://www.dhanalakshmikalamkari.in/?product=CCRA007,https://lh3.googleusercontent.com/d/1Xt9xkzxSb3Jg1rvQXUwAGsMTlkpkamdN=w1200,in_stock,4200 INR,Dhanalakshmi Kalamkari,new,Apparel & Accessories > Clothing > Traditional & Ceremonial Clothing > Sarees
CCRA008,Hand-Painted Srikalahasti Pen Kalamkari Pure Creepe Duppatas Saree (CCRA008),"Authentic 100% hand-painted Srikalahasti Pen Kalamkari pure silk saree (Code: CCRA008). Handcrafted with bamboo pens and natural organic vegetable mineral dyes in Srikalahasti, Andhra Pradesh. Fabric: Pure Creepe Duppatas. Direct from Dhanalakshmi Kalamkari master artisans.",https://www.dhanalakshmikalamkari.in/?product=CCRA008,https://lh3.googleusercontent.com/d/1uF2bBnQNmgEnlYLXUZcpUtsdJ-OxjuQB=w1200,in_stock,4200 INR,Dhanalakshmi Kalamkari,new,Apparel & Accessories > Clothing > Traditional & Ceremonial Clothing > Sarees
CCRA009,Hand-Painted Srikalahasti Pen Kalamkari Pure Creepe Duppatas Saree (CCRA009),"Authentic 100% hand-painted Srikalahasti Pen Kalamkari pure silk saree (Code: CCRA009). Handcrafted with bamboo pens and natural organic vegetable mineral dyes in Srikalahasti, Andhra Pradesh. Fabric: Pure Creepe Duppatas. Direct from Dhanalakshmi Kalamkari master artisans.",https://www.dhanalakshmikalamkari.in/?product=CCRA009,https://lh3.googleusercontent.com/d/1j3lUuk6N6cLKkGO146Wz5-V5b2jaPGSc=w1200,in_stock,4200 INR,Dhanalakshmi Kalamkari,new,Apparel & Accessories > Clothing > Traditional & Ceremonial Clothing > Sarees
CCRA010,Hand-Painted Srikalahasti Pen Kalamkari Pure Creepe Duppatas Saree (CCRA010),"Authentic 100% hand-painted Srikalahasti Pen Kalamkari pure silk saree (Code: CCRA010). Handcrafted with bamboo pens and natural organic vegetable mineral dyes in Srikalahasti, Andhra Pradesh. Fabric: Pure Creepe Duppatas. Direct from Dhanalakshmi Kalamkari master artisans.",https://www.dhanalakshmikalamkari.in/?product=CCRA010,https://lh3.googleusercontent.com/d/1arDyRJucSTwCLhf7LjeMvsWVFoqvYjz_=w1200,in_stock,4200 INR,Dhanalakshmi Kalamkari,new,Apparel & Accessories > Clothing > Traditional & Ceremonial Clothing > Sarees
CCRA011,Hand-Painted Srikalahasti Pen Kalamkari Pure Creepe Duppatas Saree (CCRA011),"Authentic 100% hand-painted Srikalahasti Pen Kalamkari pure silk saree (Code: CCRA011). Handcrafted with bamboo pens and natural organic vegetable mineral dyes in Srikalahasti, Andhra Pradesh. Fabric: Pure Creepe Duppatas. Direct from Dhanalakshmi Kalamkari master artisans.",https://www.dhanalakshmikalamkari.in/?product=CCRA011,https://lh3.googleusercontent.com/d/1haAwJ_qdZ4UFtbGXawk4Y11j80jw1JR0=w1200,in_stock,4200 INR,Dhanalakshmi Kalamkari,new,Apparel & Accessories > Clothing > Traditional & Ceremonial Clothing > Sarees
CCRA012,Hand-Painted Srikalahasti Pen Kalamkari Pure Creepe Duppatas Saree (CCRA012),"Authentic 100% hand-painted Srikalahasti Pen Kalamkari pure silk saree (Code: CCRA012). Handcrafted with bamboo pens and natural organic vegetable mineral dyes in Srikalahasti, Andhra Pradesh. Fabric: Pure Creepe Duppatas. Direct from Dhanalakshmi Kalamkari master artisans.",https://www.dhanalakshmikalamkari.in/?product=CCRA012,https://lh3.googleusercontent.com/d/17NLAVDAP-vdpSCUidzi1xVViWAmle_SG=w1200,in_stock,4200 INR,Dhanalakshmi Kalamkari,new,Apparel & Accessories > Clothing > Traditional & Ceremonial Clothing > Sarees
CCRA013,Hand-Painted Srikalahasti Pen Kalamkari Pure Creepe Duppatas Saree (CCRA013),"Authentic 100% hand-painted Srikalahasti Pen Kalamkari pure silk saree (Code: CCRA013). Handcrafted with bamboo pens and natural organic vegetable mineral dyes in Srikalahasti, Andhra Pradesh. Fabric: Pure Creepe Duppatas. Direct from Dhanalakshmi Kalamkari master artisans.",https://www.dhanalakshmikalamkari.in/?product=CCRA013,https://lh3.googleusercontent.com/d/1cdB359aYoycehVg_Kc7CrOl2Drb_729f=w1200,in_stock,4200 INR,Dhanalakshmi Kalamkari,new,Apparel & Accessories > Clothing > Traditional & Ceremonial Clothing > Sarees
CCRA014,Hand-Painted Srikalahasti Pen Kalamkari Pure Creepe Duppatas Saree (CCRA014),"Authentic 100% hand-painted Srikalahasti Pen Kalamkari pure silk saree (Code: CCRA014). Handcrafted with bamboo pens and natural organic vegetable mineral dyes in Srikalahasti, Andhra Pradesh. Fabric: Pure Creepe Duppatas. Direct from Dhanalakshmi Kalamkari master artisans.",https://www.dhanalakshmikalamkari.in/?product=CCRA014,https://lh3.googleusercontent.com/d/11YoiTHbMjbc90TJxnUwru8b5uf9L3rrU=w1200,in_stock,4200 INR,Dhanalakshmi Kalamkari,new,Apparel & Accessories > Clothing > Traditional & Ceremonial Clothing > Sarees
CCRA015,Hand-Painted Srikalahasti Pen Kalamkari Pure Creepe Duppatas Saree (CCRA015),"Authentic 100% hand-painted Srikalahasti Pen Kalamkari pure silk saree (Code: CCRA015). Handcrafted with bamboo pens and natural organic vegetable mineral dyes in Srikalahasti, Andhra Pradesh. Fabric: Pure Creepe Duppatas. Direct from Dhanalakshmi Kalamkari master artisans.",https://www.dhanalakshmikalamkari.in/?product=CCRA015,https://lh3.googleusercontent.com/d/15VUZYKuhWZ3saayOmLiaOcHzcXbzOQWB=w1200,in_stock,4200 INR,Dhanalakshmi Kalamkari,new,Apparel & Accessories > Clothing > Traditional & Ceremonial Clothing > Sarees
CCRA016,Hand-Painted Srikalahasti Pen Kalamkari Pure Creepe Duppatas Saree (CCRA016),"Authentic 100% hand-painted Srikalahasti Pen Kalamkari pure silk saree (Code: CCRA016). Handcrafted with bamboo pens and natural organic vegetable mineral dyes in Srikalahasti, Andhra Pradesh. Fabric: Pure Creepe Duppatas. Direct from Dhanalakshmi Kalamkari master artisans.",https://www.dhanalakshmikalamkari.in/?product=CCRA016,https://lh3.googleusercontent.com/d/1cTe85X7V9gkDvWqbccfu9_ndU2E1DwL2=w1200,in_stock,4200 INR,Dhanalakshmi Kalamkari,new,Apparel & Accessories > Clothing > Traditional & Ceremonial Clothing > Sarees
CCRA017,Hand-Painted Srikalahasti Pen Kalamkari Pure Creepe Duppatas Saree (CCRA017),"Authentic 100% hand-painted Srikalahasti Pen Kalamkari pure silk saree (Code: CCRA017). Handcrafted with bamboo pens and natural organic vegetable mineral dyes in Srikalahasti, Andhra Pradesh. Fabric: Pure Creepe Duppatas. Direct from Dhanalakshmi Kalamkari master artisans.",https://www.dhanalakshmikalamkari.in/?product=CCRA017,https://lh3.googleusercontent.com/d/108yVsORoRPw5fpzR2cgwStg4SJ3ilaWX=w1200,in_stock,4200 INR,Dhanalakshmi Kalamkari,new,Apparel & Accessories > Clothing > Traditional & Ceremonial Clothing > Sarees
CCRA018,Hand-Painted Srikalahasti Pen Kalamkari Pure Creepe Duppatas Saree (CCRA018),"Authentic 100% hand-painted Srikalahasti Pen Kalamkari pure silk saree (Code: CCRA018). Handcrafted with bamboo pens and natural organic vegetable mineral dyes in Srikalahasti, Andhra Pradesh. Fabric: Pure Creepe Duppatas. Direct from Dhanalakshmi Kalamkari master artisans.",https://www.dhanalakshmikalamkari.in/?product=CCRA018,https://lh3.googleusercontent.com/d/1wPgQVPp0TRxnEN_GqRYbSlJUa9V_f7gz=w1200,in_stock,4200 INR,Dhanalakshmi Kalamkari,new,Apparel & Accessories > Clothing > Traditional & Ceremonial Clothing > Sarees
CCRA019,Hand-Painted Srikalahasti Pen Kalamkari Pure Creepe Duppatas Saree (CCRA019),"Authentic 100% hand-painted Srikalahasti Pen Kalamkari pure silk saree (Code: CCRA019). Handcrafted with bamboo pens and natural organic vegetable mineral dyes in Srikalahasti, Andhra Pradesh. Fabric: Pure Creepe Duppatas. Direct from Dhanalakshmi Kalamkari master artisans.",https://www.dhanalakshmikalamkari.in/?product=CCRA019,https://lh3.googleusercontent.com/d/1RtxyAUEFv5i-kGVQ4sIqtw3YPPNJVq50=w1200,in_stock,4200 INR,Dhanalakshmi Kalamkari,new,Apparel & Accessories > Clothing > Traditional & Ceremonial Clothing > Sarees
CCRA020,Hand-Painted Srikalahasti Pen Kalamkari Pure Creepe Duppatas Saree (CCRA020),"Authentic 100% hand-painted Srikalahasti Pen Kalamkari pure silk saree (Code: CCRA020). Handcrafted with bamboo pens and natural organic vegetable mineral dyes in Srikalahasti, Andhra Pradesh. Fabric: Pure Creepe Duppatas. Direct from Dhanalakshmi Kalamkari master artisans.",https://www.dhanalakshmikalamkari.in/?product=CCRA020,https://lh3.googleusercontent.com/d/1ONa4_02IOgSA2nuGx10yGjZ44CE_Af6B=w1200,in_stock,4200 INR,Dhanalakshmi Kalamkari,new,Apparel & Accessories > Clothing > Traditional & Ceremonial Clothing > Sarees
CCRA021,Hand-Painted Srikalahasti Pen Kalamkari Pure Creepe Duppatas Saree (CCRA021),"Authentic 100% hand-painted Srikalahasti Pen Kalamkari pure silk saree (Code: CCRA021). Handcrafted with bamboo pens and natural organic vegetable mineral dyes in Srikalahasti, Andhra Pradesh. Fabric: Pure Creepe Duppatas. Direct from Dhanalakshmi Kalamkari master artisans.",https://www.dhanalakshmikalamkari.in/?product=CCRA021,https://lh3.googleusercontent.com/d/1HbT50VVf52FKoRn1ieCOh6q7Bea65jjA=w1200,in_stock,4200 INR,Dhanalakshmi Kalamkari,new,Apparel & Accessories > Clothing > Traditional & Ceremonial Clothing > Sarees
CCRA022,Hand-Painted Srikalahasti Pen Kalamkari Pure Creepe Duppatas Saree (CCRA022),"Authentic 100% hand-painted Srikalahasti Pen Kalamkari pure silk saree (Code: CCRA022). Handcrafted with bamboo pens and natural organic vegetable mineral dyes in Srikalahasti, Andhra Pradesh. Fabric: Pure Creepe Duppatas. Direct from Dhanalakshmi Kalamkari master artisans.",https://www.dhanalakshmikalamkari.in/?product=CCRA022,https://lh3.googleusercontent.com/d/1fEItOb_Zvc0EB-FUcJe2vCaTZbJRcPXi=w1200,in_stock,4200 INR,Dhanalakshmi Kalamkari,new,Apparel & Accessories > Clothing > Traditional & Ceremonial Clothing > Sarees
CCRA023,Hand-Painted Srikalahasti Pen Kalamkari Pure Creepe Duppatas Saree (CCRA023),"Authentic 100% hand-painted Srikalahasti Pen Kalamkari pure silk saree (Code: CCRA023). Handcrafted with bamboo pens and natural organic vegetable mineral dyes in Srikalahasti, Andhra Pradesh. Fabric: Pure Creepe Duppatas. Direct from Dhanalakshmi Kalamkari master artisans.",https://www.dhanalakshmikalamkari.in/?product=CCRA023,https://lh3.googleusercontent.com/d/1lVcIPhel1HncrQGLiQ1nXKg1PxD3Dnpf=w1200,in_stock,4200 INR,Dhanalakshmi Kalamkari,new,Apparel & Accessories > Clothing > Traditional & Ceremonial Clothing > Sarees
CCRA024,Hand-Painted Srikalahasti Pen Kalamkari Pure Creepe Duppatas Saree (CCRA024),"Authentic 100% hand-painted Srikalahasti Pen Kalamkari pure silk saree (Code: CCRA024). Handcrafted with bamboo pens and natural organic vegetable mineral dyes in Srikalahasti, Andhra Pradesh. Fabric: Pure Creepe Duppatas. Direct from Dhanalakshmi Kalamkari master artisans.",https://www.dhanalakshmikalamkari.in/?product=CCRA024,https://lh3.googleusercontent.com/d/1k0-LR9SuoEtsTneiPdDsA_eyYhcp51pr=w1200,in_stock,4200 INR,Dhanalakshmi Kalamkari,new,Apparel & Accessories > Clothing > Traditional & Ceremonial Clothing > Sarees
CCRA025,Hand-Painted Srikalahasti Pen Kalamkari Pure Creepe Duppatas Saree (CCRA025),"Authentic 100% hand-painted Srikalahasti Pen Kalamkari pure silk saree (Code: CCRA025). Handcrafted with bamboo pens and natural organic vegetable mineral dyes in Srikalahasti, Andhra Pradesh. Fabric: Pure Creepe Duppatas. Direct from Dhanalakshmi Kalamkari master artisans.",https://www.dhanalakshmikalamkari.in/?product=CCRA025,https://lh3.googleusercontent.com/d/1yJtZ7bOD-MK-acP1-rIpL9bET2mkQL-2=w1200,in_stock,4200 INR,Dhanalakshmi Kalamkari,new,Apparel & Accessories > Clothing > Traditional & Ceremonial Clothing > Sarees
CCRA026,Hand-Painted Srikalahasti Pen Kalamkari Pure Creepe Duppatas Saree (CCRA026),"Authentic 100% hand-painted Srikalahasti Pen Kalamkari pure silk saree (Code: CCRA026). Handcrafted with bamboo pens and natural organic vegetable mineral dyes in Srikalahasti, Andhra Pradesh. Fabric: Pure Creepe Duppatas. Direct from Dhanalakshmi Kalamkari master artisans.",https://www.dhanalakshmikalamkari.in/?product=CCRA026,https://lh3.googleusercontent.com/d/15oiQpNnF0Z85isWKT4j8hOux04TuYZ6A=w1200,in_stock,4200 INR,Dhanalakshmi Kalamkari,new,Apparel & Accessories > Clothing > Traditional & Ceremonial Clothing > Sarees
CCRA027,Hand-Painted Srikalahasti Pen Kalamkari Pure Creepe Duppatas Saree (CCRA027),"Authentic 100% hand-painted Srikalahasti Pen Kalamkari pure silk saree (Code: CCRA027). Handcrafted with bamboo pens and natural organic vegetable mineral dyes in Srikalahasti, Andhra Pradesh. Fabric: Pure Creepe Duppatas. Direct from Dhanalakshmi Kalamkari master artisans.",https://www.dhanalakshmikalamkari.in/?product=CCRA027,https://lh3.googleusercontent.com/d/1Vh3Ix2jFUnql70LyWd6Uj6eGPGmpUFJ0=w1200,in_stock,4200 INR,Dhanalakshmi Kalamkari,new,Apparel & Accessories > Clothing > Traditional & Ceremonial Clothing > Sarees
CCRA028,Hand-Painted Srikalahasti Pen Kalamkari Pure Creepe Duppatas Saree (CCRA028),"Authentic 100% hand-painted Srikalahasti Pen Kalamkari pure silk saree (Code: CCRA028). Handcrafted with bamboo pens and natural organic vegetable mineral dyes in Srikalahasti, Andhra Pradesh. Fabric: Pure Creepe Duppatas. Direct from Dhanalakshmi Kalamkari master artisans.",https://www.dhanalakshmikalamkari.in/?product=CCRA028,https://lh3.googleusercontent.com/d/1GB-LbR5Jvfh2B0dxL1Lwvpkn11gR-Ujq=w1200,in_stock,4200 INR,Dhanalakshmi Kalamkari,new,Apparel & Accessories > Clothing > Traditional & Ceremonial Clothing > Sarees
CCRA029,Hand-Painted Srikalahasti Pen Kalamkari Pure Creepe Duppatas Saree (CCRA029),"Authentic 100% hand-painted Srikalahasti Pen Kalamkari pure silk saree (Code: CCRA029). Handcrafted with bamboo pens and natural organic vegetable mineral dyes in Srikalahasti, Andhra Pradesh. Fabric: Pure Creepe Duppatas. Direct from Dhanalakshmi Kalamkari master artisans.",https://www.dhanalakshmikalamkari.in/?product=CCRA029,https://lh3.googleusercontent.com/d/13lB_lUN0hlNppVwUP_zMp9zkyuivM1b5=w1200,in_stock,4200 INR,Dhanalakshmi Kalamkari,new,Apparel & Accessories > Clothing > Traditional & Ceremonial Clothing > Sarees
CCRA030,Hand-Painted Srikalahasti Pen Kalamkari Pure Creepe Duppatas Saree (CCRA030),"Authentic 100% hand-painted Srikalahasti Pen Kalamkari pure silk saree (Code: CCRA030). Handcrafted with bamboo pens and natural organic vegetable mineral dyes in Srikalahasti, Andhra Pradesh. Fabric: Pure Creepe Duppatas. Direct from Dhanalakshmi Kalamkari master artisans.",https://www.dhanalakshmikalamkari.in/?product=CCRA030,https://lh3.googleusercontent.com/d/1QNpytP9C6LlBnXVAIDxRxof-vNNw_bz1=w1200,in_stock,4200 INR,Dhanalakshmi Kalamkari,new,Apparel & Accessories > Clothing > Traditional & Ceremonial Clothing > Sarees
CCD4003,Hand-Painted Srikalahasti Pen Kalamkari Pure Creepe Duppatas Saree (CCD4003),"Authentic 100% hand-painted Srikalahasti Pen Kalamkari pure silk saree (Code: CCD4003). Handcrafted with bamboo pens and natural organic vegetable mineral dyes in Srikalahasti, Andhra Pradesh. Fabric: Pure Creepe Duppatas. Direct from Dhanalakshmi Kalamkari master artisans.",https://www.dhanalakshmikalamkari.in/?product=CCD4003,https://lh3.googleusercontent.com/d/18dBGDqv2N8IDG0B-W2RWb9sjpYJDsVFl=w1200,in_stock,4500 INR,Dhanalakshmi Kalamkari,new,Apparel & Accessories > Clothing > Traditional & Ceremonial Clothing > Sarees
CCD4004,Hand-Painted Srikalahasti Pen Kalamkari Pure Creepe Duppatas Saree (CCD4004),"Authentic 100% hand-painted Srikalahasti Pen Kalamkari pure silk saree (Code: CCD4004). Handcrafted with bamboo pens and natural organic vegetable mineral dyes in Srikalahasti, Andhra Pradesh. Fabric: Pure Creepe Duppatas. Direct from Dhanalakshmi Kalamkari master artisans.",https://www.dhanalakshmikalamkari.in/?product=CCD4004,https://lh3.googleusercontent.com/d/1uZgAuc03JndLJr34bY0imoS0gJS_lAvU=w1200,in_stock,4500 INR,Dhanalakshmi Kalamkari,new,Apparel & Accessories > Clothing > Traditional & Ceremonial Clothing > Sarees
CCD4005,Hand-Painted Srikalahasti Pen Kalamkari Pure Creepe Duppatas Saree (CCD4005),"Authentic 100% hand-painted Srikalahasti Pen Kalamkari pure silk saree (Code: CCD4005). Handcrafted with bamboo pens and natural organic vegetable mineral dyes in Srikalahasti, Andhra Pradesh. Fabric: Pure Creepe Duppatas. Direct from Dhanalakshmi Kalamkari master artisans.",https://www.dhanalakshmikalamkari.in/?product=CCD4005,https://lh3.googleusercontent.com/d/1-8oTAUSL460sSNy1JSioqSQF6AqoKFo1=w1200,in_stock,4500 INR,Dhanalakshmi Kalamkari,new,Apparel & Accessories > Clothing > Traditional & Ceremonial Clothing > Sarees
CCD4002,Hand-Painted Srikalahasti Pen Kalamkari Pure Creepe Duppatas Saree (CCD4002),"Authentic 100% hand-painted Srikalahasti Pen Kalamkari pure silk saree (Code: CCD4002). Handcrafted with bamboo pens and natural organic vegetable mineral dyes in Srikalahasti, Andhra Pradesh. Fabric: Pure Creepe Duppatas. Direct from Dhanalakshmi Kalamkari master artisans.",https://www.dhanalakshmikalamkari.in/?product=CCD4002,https://lh3.googleusercontent.com/d/1ALy-toKMuyyX9kVu7FwZBoBSVKBCbVce=w1200,in_stock,4500 INR,Dhanalakshmi Kalamkari,new,Apparel & Accessories > Clothing > Traditional & Ceremonial Clothing > Sarees
CBMD093,Hand-Painted Srikalahasti Pen Kalamkari Bangalore Silk multicoloured Duppatas Saree (CBMD093),"Authentic 100% hand-painted Srikalahasti Pen Kalamkari pure silk saree (Code: CBMD093). Handcrafted with bamboo pens and natural organic vegetable mineral dyes in Srikalahasti, Andhra Pradesh. Fabric: Bangalore Silk multicoloured Duppatas. Direct from Dhanalakshmi Kalamkari master artisans.",https://www.dhanalakshmikalamkari.in/?product=CBMD093,https://lh3.googleusercontent.com/d/13HJgi2RMqW8Bz9grri-U_JQpFsiIf0D4=w1200,in_stock,1800 INR,Dhanalakshmi Kalamkari,new,Apparel & Accessories > Clothing > Traditional & Ceremonial Clothing > Sarees
CBMD094,Hand-Painted Srikalahasti Pen Kalamkari Bangalore Silk multicoloured Duppatas Saree (CBMD094),"Authentic 100% hand-painted Srikalahasti Pen Kalamkari pure silk saree (Code: CBMD094). Handcrafted with bamboo pens and natural organic vegetable mineral dyes in Srikalahasti, Andhra Pradesh. Fabric: Bangalore Silk multicoloured Duppatas. Direct from Dhanalakshmi Kalamkari master artisans.",https://www.dhanalakshmikalamkari.in/?product=CBMD094,https://lh3.googleusercontent.com/d/1OOOyVW8ylDeND7Jo1oqDOQRf4f43Svge=w1200,in_stock,1800 INR,Dhanalakshmi Kalamkari,new,Apparel & Accessories > Clothing > Traditional & Ceremonial Clothing > Sarees
CBMD095,Hand-Painted Srikalahasti Pen Kalamkari Bangalore Silk multicoloured Duppatas Saree (CBMD095),"Authentic 100% hand-painted Srikalahasti Pen Kalamkari pure silk saree (Code: CBMD095). Handcrafted with bamboo pens and natural organic vegetable mineral dyes in Srikalahasti, Andhra Pradesh. Fabric: Bangalore Silk multicoloured Duppatas. Direct from Dhanalakshmi Kalamkari master artisans.",https://www.dhanalakshmikalamkari.in/?product=CBMD095,https://lh3.googleusercontent.com/d/1H5EUD_yN8I_J2RgB48xGo7FPNsaS0v93=w1200,in_stock,1800 INR,Dhanalakshmi Kalamkari,new,Apparel & Accessories > Clothing > Traditional & Ceremonial Clothing > Sarees
CBMD096,Hand-Painted Srikalahasti Pen Kalamkari Bangalore Silk multicoloured Duppatas Saree (CBMD096),"Authentic 100% hand-painted Srikalahasti Pen Kalamkari pure silk saree (Code: CBMD096). Handcrafted with bamboo pens and natural organic vegetable mineral dyes in Srikalahasti, Andhra Pradesh. Fabric: Bangalore Silk multicoloured Duppatas. Direct from Dhanalakshmi Kalamkari master artisans.",https://www.dhanalakshmikalamkari.in/?product=CBMD096,https://lh3.googleusercontent.com/d/1TJqmM8R30W_NYGUgKI0rDu9y2jHTwWoK=w1200,in_stock,1800 INR,Dhanalakshmi Kalamkari,new,Apparel & Accessories > Clothing > Traditional & Ceremonial Clothing > Sarees
CBMD097,Hand-Painted Srikalahasti Pen Kalamkari Bangalore Silk multicoloured Duppatas Saree (CBMD097),"Authentic 100% hand-painted Srikalahasti Pen Kalamkari pure silk saree (Code: CBMD097). Handcrafted with bamboo pens and natural organic vegetable mineral dyes in Srikalahasti, Andhra Pradesh. Fabric: Bangalore Silk multicoloured Duppatas. Direct from Dhanalakshmi Kalamkari master artisans.",https://www.dhanalakshmikalamkari.in/?product=CBMD097,https://lh3.googleusercontent.com/d/14O1sEanaU9Nf7uO6pbYEOEGgOamqus9h=w1200,in_stock,1800 INR,Dhanalakshmi Kalamkari,new,Apparel & Accessories > Clothing > Traditional & Ceremonial Clothing > Sarees
CBMD098,Hand-Painted Srikalahasti Pen Kalamkari Bangalore Silk multicoloured Duppatas Saree (CBMD098),"Authentic 100% hand-painted Srikalahasti Pen Kalamkari pure silk saree (Code: CBMD098). Handcrafted with bamboo pens and natural organic vegetable mineral dyes in Srikalahasti, Andhra Pradesh. Fabric: Bangalore Silk multicoloured Duppatas. Direct from Dhanalakshmi Kalamkari master artisans.",https://www.dhanalakshmikalamkari.in/?product=CBMD098,https://lh3.googleusercontent.com/d/13RGDz0ijhOS6Uoe9WTSUnfIaTSTsFvWQ=w1200,in_stock,1800 INR,Dhanalakshmi Kalamkari,new,Apparel & Accessories > Clothing > Traditional & Ceremonial Clothing > Sarees
CBMD099,Hand-Painted Srikalahasti Pen Kalamkari Bangalore Silk multicoloured Duppatas Saree (CBMD099),"Authentic 100% hand-painted Srikalahasti Pen Kalamkari pure silk saree (Code: CBMD099). Handcrafted with bamboo pens and natural organic vegetable mineral dyes in Srikalahasti, Andhra Pradesh. Fabric: Bangalore Silk multicoloured Duppatas. Direct from Dhanalakshmi Kalamkari master artisans.",https://www.dhanalakshmikalamkari.in/?product=CBMD099,https://lh3.googleusercontent.com/d/1i7QCmdFjDBmpg-bXsH5LT8MztwjjTEj_=w1200,in_stock,1800 INR,Dhanalakshmi Kalamkari,new,Apparel & Accessories > Clothing > Traditional & Ceremonial Clothing > Sarees
CBMD082,Hand-Painted Srikalahasti Pen Kalamkari Bangalore Silk multicoloured Duppatas Saree (CBMD082),"Authentic 100% hand-painted Srikalahasti Pen Kalamkari pure silk saree (Code: CBMD082). Handcrafted with bamboo pens and natural organic vegetable mineral dyes in Srikalahasti, Andhra Pradesh. Fabric: Bangalore Silk multicoloured Duppatas. Direct from Dhanalakshmi Kalamkari master artisans.",https://www.dhanalakshmikalamkari.in/?product=CBMD082,https://lh3.googleusercontent.com/d/1rE9DqNWimf6bu3AQa29jw-BDMMEXzEuj=w1200,in_stock,1800 INR,Dhanalakshmi Kalamkari,new,Apparel & Accessories > Clothing > Traditional & Ceremonial Clothing > Sarees
CBMD085,Hand-Painted Srikalahasti Pen Kalamkari Bangalore Silk multicoloured Duppatas Saree (CBMD085),"Authentic 100% hand-painted Srikalahasti Pen Kalamkari pure silk saree (Code: CBMD085). Handcrafted with bamboo pens and natural organic vegetable mineral dyes in Srikalahasti, Andhra Pradesh. Fabric: Bangalore Silk multicoloured Duppatas. Direct from Dhanalakshmi Kalamkari master artisans.",https://www.dhanalakshmikalamkari.in/?product=CBMD085,https://lh3.googleusercontent.com/d/1fBwOr0Bvgv-RhRtvUbUB2BlOoYX6gl7Q=w1200,in_stock,1800 INR,Dhanalakshmi Kalamkari,new,Apparel & Accessories > Clothing > Traditional & Ceremonial Clothing > Sarees
CBMD087,Hand-Painted Srikalahasti Pen Kalamkari Bangalore Silk multicoloured Duppatas Saree (CBMD087),"Authentic 100% hand-painted Srikalahasti Pen Kalamkari pure silk saree (Code: CBMD087). Handcrafted with bamboo pens and natural organic vegetable mineral dyes in Srikalahasti, Andhra Pradesh. Fabric: Bangalore Silk multicoloured Duppatas. Direct from Dhanalakshmi Kalamkari master artisans.",https://www.dhanalakshmikalamkari.in/?product=CBMD087,https://lh3.googleusercontent.com/d/19dY2gw2v80gw_bxJZOgsHktIPKIsdX5l=w1200,in_stock,1800 INR,Dhanalakshmi Kalamkari,new,Apparel & Accessories > Clothing > Traditional & Ceremonial Clothing > Sarees
CBMD088,Hand-Painted Srikalahasti Pen Kalamkari Bangalore Silk multicoloured Duppatas Saree (CBMD088),"Authentic 100% hand-painted Srikalahasti Pen Kalamkari pure silk saree (Code: CBMD088). Handcrafted with bamboo pens and natural organic vegetable mineral dyes in Srikalahasti, Andhra Pradesh. Fabric: Bangalore Silk multicoloured Duppatas. Direct from Dhanalakshmi Kalamkari master artisans.",https://www.dhanalakshmikalamkari.in/?product=CBMD088,https://lh3.googleusercontent.com/d/1seL_POEuDpBfJuVVUdzw_fq6Z_BZs5gL=w1200,in_stock,1800 INR,Dhanalakshmi Kalamkari,new,Apparel & Accessories > Clothing > Traditional & Ceremonial Clothing > Sarees
CBMD089,Hand-Painted Srikalahasti Pen Kalamkari Bangalore Silk multicoloured Duppatas Saree (CBMD089),"Authentic 100% hand-painted Srikalahasti Pen Kalamkari pure silk saree (Code: CBMD089). Handcrafted with bamboo pens and natural organic vegetable mineral dyes in Srikalahasti, Andhra Pradesh. Fabric: Bangalore Silk multicoloured Duppatas. Direct from Dhanalakshmi Kalamkari master artisans.",https://www.dhanalakshmikalamkari.in/?product=CBMD089,https://lh3.googleusercontent.com/d/1CtEQ-y3bYOwf3-U9jXTPOVDhMVXymoOp=w1200,in_stock,1800 INR,Dhanalakshmi Kalamkari,new,Apparel & Accessories > Clothing > Traditional & Ceremonial Clothing > Sarees
CBMD090,Hand-Painted Srikalahasti Pen Kalamkari Bangalore Silk multicoloured Duppatas Saree (CBMD090),"Authentic 100% hand-painted Srikalahasti Pen Kalamkari pure silk saree (Code: CBMD090). Handcrafted with bamboo pens and natural organic vegetable mineral dyes in Srikalahasti, Andhra Pradesh. Fabric: Bangalore Silk multicoloured Duppatas. Direct from Dhanalakshmi Kalamkari master artisans.",https://www.dhanalakshmikalamkari.in/?product=CBMD090,https://lh3.googleusercontent.com/d/1j8fSlWRFG0Nsr0wxgAyivby2fKL8F0I0=w1200,in_stock,1800 INR,Dhanalakshmi Kalamkari,new,Apparel & Accessories > Clothing > Traditional & Ceremonial Clothing > Sarees
CBMD091,Hand-Painted Srikalahasti Pen Kalamkari Bangalore Silk multicoloured Duppatas Saree (CBMD091),"Authentic 100% hand-painted Srikalahasti Pen Kalamkari pure silk saree (Code: CBMD091). Handcrafted with bamboo pens and natural organic vegetable mineral dyes in Srikalahasti, Andhra Pradesh. Fabric: Bangalore Silk multicoloured Duppatas. Direct from Dhanalakshmi Kalamkari master artisans.",https://www.dhanalakshmikalamkari.in/?product=CBMD091,https://lh3.googleusercontent.com/d/1JeA2OM7saMxVyxu_vpVQccXWRdkP8y-m=w1200,in_stock,1800 INR,Dhanalakshmi Kalamkari,new,Apparel & Accessories > Clothing > Traditional & Ceremonial Clothing > Sarees
CBMD092,Hand-Painted Srikalahasti Pen Kalamkari Bangalore Silk multicoloured Duppatas Saree (CBMD092),"Authentic 100% hand-painted Srikalahasti Pen Kalamkari pure silk saree (Code: CBMD092). Handcrafted with bamboo pens and natural organic vegetable mineral dyes in Srikalahasti, Andhra Pradesh. Fabric: Bangalore Silk multicoloured Duppatas. Direct from Dhanalakshmi Kalamkari master artisans.",https://www.dhanalakshmikalamkari.in/?product=CBMD092,https://lh3.googleusercontent.com/d/14QhAsgejAgmrzsDbabYst1hQTJ5VZVUn=w1200,in_stock,1800 INR,Dhanalakshmi Kalamkari,new,Apparel & Accessories > Clothing > Traditional & Ceremonial Clothing > Sarees
CBMD081,Hand-Painted Srikalahasti Pen Kalamkari Bangalore Silk multicoloured Duppatas Saree (CBMD081),"Authentic 100% hand-painted Srikalahasti Pen Kalamkari pure silk saree (Code: CBMD081). Handcrafted with bamboo pens and natural organic vegetable mineral dyes in Srikalahasti, Andhra Pradesh. Fabric: Bangalore Silk multicoloured Duppatas. Direct from Dhanalakshmi Kalamkari master artisans.",https://www.dhanalakshmikalamkari.in/?product=CBMD081,https://lh3.googleusercontent.com/d/1AY1WTjIki3Is8hWUcCS6zVRb8MYRXcLJ=w1200,in_stock,1800 INR,Dhanalakshmi Kalamkari,new,Apparel & Accessories > Clothing > Traditional & Ceremonial Clothing > Sarees
CBMD003,Hand-Painted Srikalahasti Pen Kalamkari Bangalore Silk multicoloured Duppatas Saree (CBMD003),"Authentic 100% hand-painted Srikalahasti Pen Kalamkari pure silk saree (Code: CBMD003). Handcrafted with bamboo pens and natural organic vegetable mineral dyes in Srikalahasti, Andhra Pradesh. Fabric: Bangalore Silk multicoloured Duppatas. Direct from Dhanalakshmi Kalamkari master artisans.",https://www.dhanalakshmikalamkari.in/?product=CBMD003,https://lh3.googleusercontent.com/d/1VfwrPQ0SYVo3d1wnwHtZLKu2ef-zjBQj=w1200,in_stock,1800 INR,Dhanalakshmi Kalamkari,new,Apparel & Accessories > Clothing > Traditional & Ceremonial Clothing > Sarees
CBMD005,Hand-Painted Srikalahasti Pen Kalamkari Bangalore Silk multicoloured Duppatas Saree (CBMD005),"Authentic 100% hand-painted Srikalahasti Pen Kalamkari pure silk saree (Code: CBMD005). Handcrafted with bamboo pens and natural organic vegetable mineral dyes in Srikalahasti, Andhra Pradesh. Fabric: Bangalore Silk multicoloured Duppatas. Direct from Dhanalakshmi Kalamkari master artisans.",https://www.dhanalakshmikalamkari.in/?product=CBMD005,https://lh3.googleusercontent.com/d/1KP2SEDNX7R09oHkW5OpsPSYJJAF0k3b6=w1200,in_stock,1800 INR,Dhanalakshmi Kalamkari,new,Apparel & Accessories > Clothing > Traditional & Ceremonial Clothing > Sarees
CBMD016,Hand-Painted Srikalahasti Pen Kalamkari Bangalore Silk multicoloured Duppatas Saree (CBMD016),"Authentic 100% hand-painted Srikalahasti Pen Kalamkari pure silk saree (Code: CBMD016). Handcrafted with bamboo pens and natural organic vegetable mineral dyes in Srikalahasti, Andhra Pradesh. Fabric: Bangalore Silk multicoloured Duppatas. Direct from Dhanalakshmi Kalamkari master artisans.",https://www.dhanalakshmikalamkari.in/?product=CBMD016,https://lh3.googleusercontent.com/d/1kkXw9Kv4Siih_M4lilBGc4enyocBDvsb=w1200,in_stock,1800 INR,Dhanalakshmi Kalamkari,new,Apparel & Accessories > Clothing > Traditional & Ceremonial Clothing > Sarees
CBMD017,Hand-Painted Srikalahasti Pen Kalamkari Bangalore Silk multicoloured Duppatas Saree (CBMD017),"Authentic 100% hand-painted Srikalahasti Pen Kalamkari pure silk saree (Code: CBMD017). Handcrafted with bamboo pens and natural organic vegetable mineral dyes in Srikalahasti, Andhra Pradesh. Fabric: Bangalore Silk multicoloured Duppatas. Direct from Dhanalakshmi Kalamkari master artisans.",https://www.dhanalakshmikalamkari.in/?product=CBMD017,https://lh3.googleusercontent.com/d/1OVpM2PjNVba7ieXY5cw6op0FbuLPzYif=w1200,in_stock,1800 INR,Dhanalakshmi Kalamkari,new,Apparel & Accessories > Clothing > Traditional & Ceremonial Clothing > Sarees
CBMD018,Hand-Painted Srikalahasti Pen Kalamkari Bangalore Silk multicoloured Duppatas Saree (CBMD018),"Authentic 100% hand-painted Srikalahasti Pen Kalamkari pure silk saree (Code: CBMD018). Handcrafted with bamboo pens and natural organic vegetable mineral dyes in Srikalahasti, Andhra Pradesh. Fabric: Bangalore Silk multicoloured Duppatas. Direct from Dhanalakshmi Kalamkari master artisans.",https://www.dhanalakshmikalamkari.in/?product=CBMD018,https://lh3.googleusercontent.com/d/1shKJCiilOm7FLul2Qp20H5NZpyRXifiH=w1200,in_stock,1800 INR,Dhanalakshmi Kalamkari,new,Apparel & Accessories > Clothing > Traditional & Ceremonial Clothing > Sarees
CBMD019,Hand-Painted Srikalahasti Pen Kalamkari Bangalore Silk multicoloured Duppatas Saree (CBMD019),"Authentic 100% hand-painted Srikalahasti Pen Kalamkari pure silk saree (Code: CBMD019). Handcrafted with bamboo pens and natural organic vegetable mineral dyes in Srikalahasti, Andhra Pradesh. Fabric: Bangalore Silk multicoloured Duppatas. Direct from Dhanalakshmi Kalamkari master artisans.",https://www.dhanalakshmikalamkari.in/?product=CBMD019,https://lh3.googleusercontent.com/d/1KhqLzTCuZ8cM728jGzdzJrh5XQ2tBI0A=w1200,in_stock,1800 INR,Dhanalakshmi Kalamkari,new,Apparel & Accessories > Clothing > Traditional & Ceremonial Clothing > Sarees
CBMD020,Hand-Painted Srikalahasti Pen Kalamkari Bangalore Silk multicoloured Duppatas Saree (CBMD020),"Authentic 100% hand-painted Srikalahasti Pen Kalamkari pure silk saree (Code: CBMD020). Handcrafted with bamboo pens and natural organic vegetable mineral dyes in Srikalahasti, Andhra Pradesh. Fabric: Bangalore Silk multicoloured Duppatas. Direct from Dhanalakshmi Kalamkari master artisans.",https://www.dhanalakshmikalamkari.in/?product=CBMD020,https://lh3.googleusercontent.com/d/17HsSI27OVqPyiAootsHidyagpic0yg_V=w1200,in_stock,1800 INR,Dhanalakshmi Kalamkari,new,Apparel & Accessories > Clothing > Traditional & Ceremonial Clothing > Sarees
CBMD021,Hand-Painted Srikalahasti Pen Kalamkari Bangalore Silk multicoloured Duppatas Saree (CBMD021),"Authentic 100% hand-painted Srikalahasti Pen Kalamkari pure silk saree (Code: CBMD021). Handcrafted with bamboo pens and natural organic vegetable mineral dyes in Srikalahasti, Andhra Pradesh. Fabric: Bangalore Silk multicoloured Duppatas. Direct from Dhanalakshmi Kalamkari master artisans.",https://www.dhanalakshmikalamkari.in/?product=CBMD021,https://lh3.googleusercontent.com/d/1BSx_DlbZZAlMjW5OLpv86Mg-ckvNDBcd=w1200,in_stock,1800 INR,Dhanalakshmi Kalamkari,new,Apparel & Accessories > Clothing > Traditional & Ceremonial Clothing > Sarees
CBMD022,Hand-Painted Srikalahasti Pen Kalamkari Bangalore Silk multicoloured Duppatas Saree (CBMD022),"Authentic 100% hand-painted Srikalahasti Pen Kalamkari pure silk saree (Code: CBMD022). Handcrafted with bamboo pens and natural organic vegetable mineral dyes in Srikalahasti, Andhra Pradesh. Fabric: Bangalore Silk multicoloured Duppatas. Direct from Dhanalakshmi Kalamkari master artisans.",https://www.dhanalakshmikalamkari.in/?product=CBMD022,https://lh3.googleusercontent.com/d/1TchDCOSqulzhYlRZ-8c9PN_fh2b_ePkE=w1200,in_stock,1800 INR,Dhanalakshmi Kalamkari,new,Apparel & Accessories > Clothing > Traditional & Ceremonial Clothing > Sarees
CBMD023,Hand-Painted Srikalahasti Pen Kalamkari Bangalore Silk multicoloured Duppatas Saree (CBMD023),"Authentic 100% hand-painted Srikalahasti Pen Kalamkari pure silk saree (Code: CBMD023). Handcrafted with bamboo pens and natural organic vegetable mineral dyes in Srikalahasti, Andhra Pradesh. Fabric: Bangalore Silk multicoloured Duppatas. Direct from Dhanalakshmi Kalamkari master artisans.",https://www.dhanalakshmikalamkari.in/?product=CBMD023,https://lh3.googleusercontent.com/d/1R-3r5ipOgK_2q0t95FkUgPBqTqfM3mAj=w1200,in_stock,1800 INR,Dhanalakshmi Kalamkari,new,Apparel & Accessories > Clothing > Traditional & Ceremonial Clothing > Sarees
CBMD025,Hand-Painted Srikalahasti Pen Kalamkari Bangalore Silk multicoloured Duppatas Saree (CBMD025),"Authentic 100% hand-painted Srikalahasti Pen Kalamkari pure silk saree (Code: CBMD025). Handcrafted with bamboo pens and natural organic vegetable mineral dyes in Srikalahasti, Andhra Pradesh. Fabric: Bangalore Silk multicoloured Duppatas. Direct from Dhanalakshmi Kalamkari master artisans.",https://www.dhanalakshmikalamkari.in/?product=CBMD025,https://lh3.googleusercontent.com/d/1CYzWspz7LS948Y6aulk6DsfhLAsk9OIG=w1200,in_stock,1800 INR,Dhanalakshmi Kalamkari,new,Apparel & Accessories > Clothing > Traditional & Ceremonial Clothing > Sarees
CBMD029,Hand-Painted Srikalahasti Pen Kalamkari Bangalore Silk multicoloured Duppatas Saree (CBMD029),"Authentic 100% hand-painted Srikalahasti Pen Kalamkari pure silk saree (Code: CBMD029). Handcrafted with bamboo pens and natural organic vegetable mineral dyes in Srikalahasti, Andhra Pradesh. Fabric: Bangalore Silk multicoloured Duppatas. Direct from Dhanalakshmi Kalamkari master artisans.",https://www.dhanalakshmikalamkari.in/?product=CBMD029,https://lh3.googleusercontent.com/d/1rsE7p_CrPoCeBGswpYwhU1QTShfnUe-o=w1200,in_stock,1800 INR,Dhanalakshmi Kalamkari,new,Apparel & Accessories > Clothing > Traditional & Ceremonial Clothing > Sarees
CBMD030,Hand-Painted Srikalahasti Pen Kalamkari Bangalore Silk multicoloured Duppatas Saree (CBMD030),"Authentic 100% hand-painted Srikalahasti Pen Kalamkari pure silk saree (Code: CBMD030). Handcrafted with bamboo pens and natural organic vegetable mineral dyes in Srikalahasti, Andhra Pradesh. Fabric: Bangalore Silk multicoloured Duppatas. Direct from Dhanalakshmi Kalamkari master artisans.",https://www.dhanalakshmikalamkari.in/?product=CBMD030,https://lh3.googleusercontent.com/d/1mj8rsxjqqZ4lCFjdOro_RbCEkpgEr8GS=w1200,in_stock,1800 INR,Dhanalakshmi Kalamkari,new,Apparel & Accessories > Clothing > Traditional & Ceremonial Clothing > Sarees
CBMD035,Hand-Painted Srikalahasti Pen Kalamkari Bangalore Silk multicoloured Duppatas Saree (CBMD035),"Authentic 100% hand-painted Srikalahasti Pen Kalamkari pure silk saree (Code: CBMD035). Handcrafted with bamboo pens and natural organic vegetable mineral dyes in Srikalahasti, Andhra Pradesh. Fabric: Bangalore Silk multicoloured Duppatas. Direct from Dhanalakshmi Kalamkari master artisans.",https://www.dhanalakshmikalamkari.in/?product=CBMD035,https://lh3.googleusercontent.com/d/12y60wchvMzAWjjZ_LY55JfDLxrYdnHdX=w1200,in_stock,1800 INR,Dhanalakshmi Kalamkari,new,Apparel & Accessories > Clothing > Traditional & Ceremonial Clothing > Sarees
CBMD036,Hand-Painted Srikalahasti Pen Kalamkari Bangalore Silk multicoloured Duppatas Saree (CBMD036),"Authentic 100% hand-painted Srikalahasti Pen Kalamkari pure silk saree (Code: CBMD036). Handcrafted with bamboo pens and natural organic vegetable mineral dyes in Srikalahasti, Andhra Pradesh. Fabric: Bangalore Silk multicoloured Duppatas. Direct from Dhanalakshmi Kalamkari master artisans.",https://www.dhanalakshmikalamkari.in/?product=CBMD036,https://lh3.googleusercontent.com/d/1Tu0C3Ck9W4g6UITS2sJjKbOwMFE507qw=w1200,in_stock,1800 INR,Dhanalakshmi Kalamkari,new,Apparel & Accessories > Clothing > Traditional & Ceremonial Clothing > Sarees
CBMD037,Hand-Painted Srikalahasti Pen Kalamkari Bangalore Silk multicoloured Duppatas Saree (CBMD037),"Authentic 100% hand-painted Srikalahasti Pen Kalamkari pure silk saree (Code: CBMD037). Handcrafted with bamboo pens and natural organic vegetable mineral dyes in Srikalahasti, Andhra Pradesh. Fabric: Bangalore Silk multicoloured Duppatas. Direct from Dhanalakshmi Kalamkari master artisans.",https://www.dhanalakshmikalamkari.in/?product=CBMD037,https://lh3.googleusercontent.com/d/1CKPbZ0KTZnYXGgOu-KdiOwoEgVkzVZ-_=w1200,in_stock,1800 INR,Dhanalakshmi Kalamkari,new,Apparel & Accessories > Clothing > Traditional & Ceremonial Clothing > Sarees
CBMD040,Hand-Painted Srikalahasti Pen Kalamkari Bangalore Silk multicoloured Duppatas Saree (CBMD040),"Authentic 100% hand-painted Srikalahasti Pen Kalamkari pure silk saree (Code: CBMD040). Handcrafted with bamboo pens and natural organic vegetable mineral dyes in Srikalahasti, Andhra Pradesh. Fabric: Bangalore Silk multicoloured Duppatas. Direct from Dhanalakshmi Kalamkari master artisans.",https://www.dhanalakshmikalamkari.in/?product=CBMD040,https://lh3.googleusercontent.com/d/1CHNNeI-Cwh-BkQEFN81xF9PsCIQgH_6Z=w1200,in_stock,1800 INR,Dhanalakshmi Kalamkari,new,Apparel & Accessories > Clothing > Traditional & Ceremonial Clothing > Sarees
CBMD043,Hand-Painted Srikalahasti Pen Kalamkari Bangalore Silk multicoloured Duppatas Saree (CBMD043),"Authentic 100% hand-painted Srikalahasti Pen Kalamkari pure silk saree (Code: CBMD043). Handcrafted with bamboo pens and natural organic vegetable mineral dyes in Srikalahasti, Andhra Pradesh. Fabric: Bangalore Silk multicoloured Duppatas. Direct from Dhanalakshmi Kalamkari master artisans.",https://www.dhanalakshmikalamkari.in/?product=CBMD043,https://lh3.googleusercontent.com/d/17j-w1rOSviKlTgic-9CzOEgKYGPgUX44=w1200,in_stock,1800 INR,Dhanalakshmi Kalamkari,new,Apparel & Accessories > Clothing > Traditional & Ceremonial Clothing > Sarees
CBMD045,Hand-Painted Srikalahasti Pen Kalamkari Bangalore Silk multicoloured Duppatas Saree (CBMD045),"Authentic 100% hand-painted Srikalahasti Pen Kalamkari pure silk saree (Code: CBMD045). Handcrafted with bamboo pens and natural organic vegetable mineral dyes in Srikalahasti, Andhra Pradesh. Fabric: Bangalore Silk multicoloured Duppatas. Direct from Dhanalakshmi Kalamkari master artisans.",https://www.dhanalakshmikalamkari.in/?product=CBMD045,https://lh3.googleusercontent.com/d/1HfmlaqOvzTtc5YNZhlG3MB2LgpMdpZYh=w1200,in_stock,1800 INR,Dhanalakshmi Kalamkari,new,Apparel & Accessories > Clothing > Traditional & Ceremonial Clothing > Sarees
CBMD046,Hand-Painted Srikalahasti Pen Kalamkari Bangalore Silk multicoloured Duppatas Saree (CBMD046),"Authentic 100% hand-painted Srikalahasti Pen Kalamkari pure silk saree (Code: CBMD046). Handcrafted with bamboo pens and natural organic vegetable mineral dyes in Srikalahasti, Andhra Pradesh. Fabric: Bangalore Silk multicoloured Duppatas. Direct from Dhanalakshmi Kalamkari master artisans.",https://www.dhanalakshmikalamkari.in/?product=CBMD046,https://lh3.googleusercontent.com/d/15EkMYAFbu8YIfPI5dKUh80XxPEYt-gxs=w1200,in_stock,1800 INR,Dhanalakshmi Kalamkari,new,Apparel & Accessories > Clothing > Traditional & Ceremonial Clothing > Sarees
CBMD049,Hand-Painted Srikalahasti Pen Kalamkari Bangalore Silk multicoloured Duppatas Saree (CBMD049),"Authentic 100% hand-painted Srikalahasti Pen Kalamkari pure silk saree (Code: CBMD049). Handcrafted with bamboo pens and natural organic vegetable mineral dyes in Srikalahasti, Andhra Pradesh. Fabric: Bangalore Silk multicoloured Duppatas. Direct from Dhanalakshmi Kalamkari master artisans.",https://www.dhanalakshmikalamkari.in/?product=CBMD049,https://lh3.googleusercontent.com/d/1p7-aS78ce9BmhyvGGTkdRPKq5zFJo57s=w1200,in_stock,1800 INR,Dhanalakshmi Kalamkari,new,Apparel & Accessories > Clothing > Traditional & Ceremonial Clothing > Sarees
CBMD050,Hand-Painted Srikalahasti Pen Kalamkari Bangalore Silk multicoloured Duppatas Saree (CBMD050),"Authentic 100% hand-painted Srikalahasti Pen Kalamkari pure silk saree (Code: CBMD050). Handcrafted with bamboo pens and natural organic vegetable mineral dyes in Srikalahasti, Andhra Pradesh. Fabric: Bangalore Silk multicoloured Duppatas. Direct from Dhanalakshmi Kalamkari master artisans.",https://www.dhanalakshmikalamkari.in/?product=CBMD050,https://lh3.googleusercontent.com/d/1yLjPHopBbgJJ9sp0h3xZZJMlgQPMAuAs=w1200,in_stock,1800 INR,Dhanalakshmi Kalamkari,new,Apparel & Accessories > Clothing > Traditional & Ceremonial Clothing > Sarees
CBMD052,Hand-Painted Srikalahasti Pen Kalamkari Bangalore Silk multicoloured Duppatas Saree (CBMD052),"Authentic 100% hand-painted Srikalahasti Pen Kalamkari pure silk saree (Code: CBMD052). Handcrafted with bamboo pens and natural organic vegetable mineral dyes in Srikalahasti, Andhra Pradesh. Fabric: Bangalore Silk multicoloured Duppatas. Direct from Dhanalakshmi Kalamkari master artisans.",https://www.dhanalakshmikalamkari.in/?product=CBMD052,https://lh3.googleusercontent.com/d/1qpPler6ejIgP0x9T30h4-iD7Yg85r3-s=w1200,in_stock,1800 INR,Dhanalakshmi Kalamkari,new,Apparel & Accessories > Clothing > Traditional & Ceremonial Clothing > Sarees
CBMD053,Hand-Painted Srikalahasti Pen Kalamkari Bangalore Silk multicoloured Duppatas Saree (CBMD053),"Authentic 100% hand-painted Srikalahasti Pen Kalamkari pure silk saree (Code: CBMD053). Handcrafted with bamboo pens and natural organic vegetable mineral dyes in Srikalahasti, Andhra Pradesh. Fabric: Bangalore Silk multicoloured Duppatas. Direct from Dhanalakshmi Kalamkari master artisans.",https://www.dhanalakshmikalamkari.in/?product=CBMD053,https://lh3.googleusercontent.com/d/1FJhk6-HxJMxWIwvlrRKWLBPwF-1QtfEK=w1200,in_stock,1800 INR,Dhanalakshmi Kalamkari,new,Apparel & Accessories > Clothing > Traditional & Ceremonial Clothing > Sarees
CBMD061,Hand-Painted Srikalahasti Pen Kalamkari Bangalore Silk multicoloured Duppatas Saree (CBMD061),"Authentic 100% hand-painted Srikalahasti Pen Kalamkari pure silk saree (Code: CBMD061). Handcrafted with bamboo pens and natural organic vegetable mineral dyes in Srikalahasti, Andhra Pradesh. Fabric: Bangalore Silk multicoloured Duppatas. Direct from Dhanalakshmi Kalamkari master artisans.",https://www.dhanalakshmikalamkari.in/?product=CBMD061,https://lh3.googleusercontent.com/d/1EKNa4lw8q-SPUGFXoo7JezSaoYt3XH9u=w1200,in_stock,1800 INR,Dhanalakshmi Kalamkari,new,Apparel & Accessories > Clothing > Traditional & Ceremonial Clothing > Sarees
CBMD065,Hand-Painted Srikalahasti Pen Kalamkari Bangalore Silk multicoloured Duppatas Saree (CBMD065),"Authentic 100% hand-painted Srikalahasti Pen Kalamkari pure silk saree (Code: CBMD065). Handcrafted with bamboo pens and natural organic vegetable mineral dyes in Srikalahasti, Andhra Pradesh. Fabric: Bangalore Silk multicoloured Duppatas. Direct from Dhanalakshmi Kalamkari master artisans.",https://www.dhanalakshmikalamkari.in/?product=CBMD065,https://lh3.googleusercontent.com/d/1XqLt5Lsgb9CiC1Mx7i87jV4pUhLOm__t=w1200,in_stock,1800 INR,Dhanalakshmi Kalamkari,new,Apparel & Accessories > Clothing > Traditional & Ceremonial Clothing > Sarees
CBMD100,Hand-Painted Srikalahasti Pen Kalamkari Bangalore Silk multicoloured Duppatas Saree (CBMD100),"Authentic 100% hand-painted Srikalahasti Pen Kalamkari pure silk saree (Code: CBMD100). Handcrafted with bamboo pens and natural organic vegetable mineral dyes in Srikalahasti, Andhra Pradesh. Fabric: Bangalore Silk multicoloured Duppatas. Direct from Dhanalakshmi Kalamkari master artisans.",https://www.dhanalakshmikalamkari.in/?product=CBMD100,https://lh3.googleusercontent.com/d/137XKud4rN_l9VTEp6_xhGK7rpoX_2rdp=w1200,in_stock,2500 INR,Dhanalakshmi Kalamkari,new,Apparel & Accessories > Clothing > Traditional & Ceremonial Clothing > Sarees
CBMD101,Hand-Painted Srikalahasti Pen Kalamkari Bangalore Silk multicoloured Duppatas Saree (CBMD101),"Authentic 100% hand-painted Srikalahasti Pen Kalamkari pure silk saree (Code: CBMD101). Handcrafted with bamboo pens and natural organic vegetable mineral dyes in Srikalahasti, Andhra Pradesh. Fabric: Bangalore Silk multicoloured Duppatas. Direct from Dhanalakshmi Kalamkari master artisans.",https://www.dhanalakshmikalamkari.in/?product=CBMD101,https://lh3.googleusercontent.com/d/1-cbrUY8vvt-4j2F0Mmw1aLsbbo6jVMTt=w1200,in_stock,2500 INR,Dhanalakshmi Kalamkari,new,Apparel & Accessories > Clothing > Traditional & Ceremonial Clothing > Sarees
CBMD102,Hand-Painted Srikalahasti Pen Kalamkari Bangalore Silk multicoloured Duppatas Saree (CBMD102),"Authentic 100% hand-painted Srikalahasti Pen Kalamkari pure silk saree (Code: CBMD102). Handcrafted with bamboo pens and natural organic vegetable mineral dyes in Srikalahasti, Andhra Pradesh. Fabric: Bangalore Silk multicoloured Duppatas. Direct from Dhanalakshmi Kalamkari master artisans.",https://www.dhanalakshmikalamkari.in/?product=CBMD102,https://lh3.googleusercontent.com/d/1lDoAStqYxazpRRQYjIxbaDt3DYazmrbq=w1200,in_stock,2500 INR,Dhanalakshmi Kalamkari,new,Apparel & Accessories > Clothing > Traditional & Ceremonial Clothing > Sarees
CBMD074,Hand-Painted Srikalahasti Pen Kalamkari Bangalore Silk multicoloured Duppatas Saree (CBMD074),"Authentic 100% hand-painted Srikalahasti Pen Kalamkari pure silk saree (Code: CBMD074). Handcrafted with bamboo pens and natural organic vegetable mineral dyes in Srikalahasti, Andhra Pradesh. Fabric: Bangalore Silk multicoloured Duppatas. Direct from Dhanalakshmi Kalamkari master artisans.",https://www.dhanalakshmikalamkari.in/?product=CBMD074,https://lh3.googleusercontent.com/d/15iqw7CWIz9uXOglRtlrYf-awvkR0pRA6=w1200,in_stock,2500 INR,Dhanalakshmi Kalamkari,new,Apparel & Accessories > Clothing > Traditional & Ceremonial Clothing > Sarees
CBMD075,Hand-Painted Srikalahasti Pen Kalamkari Bangalore Silk multicoloured Duppatas Saree (CBMD075),"Authentic 100% hand-painted Srikalahasti Pen Kalamkari pure silk saree (Code: CBMD075). Handcrafted with bamboo pens and natural organic vegetable mineral dyes in Srikalahasti, Andhra Pradesh. Fabric: Bangalore Silk multicoloured Duppatas. Direct from Dhanalakshmi Kalamkari master artisans.",https://www.dhanalakshmikalamkari.in/?product=CBMD075,https://lh3.googleusercontent.com/d/10VhAVnz4GHnUV9fYrJx4XxOsLwXRWnXy=w1200,in_stock,2500 INR,Dhanalakshmi Kalamkari,new,Apparel & Accessories > Clothing > Traditional & Ceremonial Clothing > Sarees
CBMD076,Hand-Painted Srikalahasti Pen Kalamkari Bangalore Silk multicoloured Duppatas Saree (CBMD076),"Authentic 100% hand-painted Srikalahasti Pen Kalamkari pure silk saree (Code: CBMD076). Handcrafted with bamboo pens and natural organic vegetable mineral dyes in Srikalahasti, Andhra Pradesh. Fabric: Bangalore Silk multicoloured Duppatas. Direct from Dhanalakshmi Kalamkari master artisans.",https://www.dhanalakshmikalamkari.in/?product=CBMD076,https://lh3.googleusercontent.com/d/18WyhZEFa0Vy73uSAROHSAXQ0rhlXwz1e=w1200,in_stock,2500 INR,Dhanalakshmi Kalamkari,new,Apparel & Accessories > Clothing > Traditional & Ceremonial Clothing > Sarees
CB95045,Hand-Painted Srikalahasti Pen Kalamkari Banglore Silk Colour Sarees Saree (CB95045),"Authentic 100% hand-painted Srikalahasti Pen Kalamkari pure silk saree (Code: CB95045). Handcrafted with bamboo pens and natural organic vegetable mineral dyes in Srikalahasti, Andhra Pradesh. Fabric: Banglore Silk Colour Sarees. Direct from Dhanalakshmi Kalamkari master artisans.",https://www.dhanalakshmikalamkari.in/?product=CB95045,https://lh3.googleusercontent.com/d/1L8Uh9W7hFdYZC3yNX7letPjXLYLZ-rix=w1200,in_stock,9500 INR,Dhanalakshmi Kalamkari,new,Apparel & Accessories > Clothing > Traditional & Ceremonial Clothing > Sarees
CB95046,Hand-Painted Srikalahasti Pen Kalamkari Banglore Silk Colour Sarees Saree (CB95046),"Authentic 100% hand-painted Srikalahasti Pen Kalamkari pure silk saree (Code: CB95046). Handcrafted with bamboo pens and natural organic vegetable mineral dyes in Srikalahasti, Andhra Pradesh. Fabric: Banglore Silk Colour Sarees. Direct from Dhanalakshmi Kalamkari master artisans.",https://www.dhanalakshmikalamkari.in/?product=CB95046,https://lh3.googleusercontent.com/d/1qeF2yLSVF_iKE-US1rq9STueI8q_zBCq=w1200,in_stock,9500 INR,Dhanalakshmi Kalamkari,new,Apparel & Accessories > Clothing > Traditional & Ceremonial Clothing > Sarees
CB95047,Hand-Painted Srikalahasti Pen Kalamkari Banglore Silk Colour Sarees Saree (CB95047),"Authentic 100% hand-painted Srikalahasti Pen Kalamkari pure silk saree (Code: CB95047). Handcrafted with bamboo pens and natural organic vegetable mineral dyes in Srikalahasti, Andhra Pradesh. Fabric: Banglore Silk Colour Sarees. Direct from Dhanalakshmi Kalamkari master artisans.",https://www.dhanalakshmikalamkari.in/?product=CB95047,https://lh3.googleusercontent.com/d/1FE8mvOGsVllj8hBJW8QTtHUCxL8iyX6o=w1200,in_stock,9500 INR,Dhanalakshmi Kalamkari,new,Apparel & Accessories > Clothing > Traditional & Ceremonial Clothing > Sarees
CB95048,Hand-Painted Srikalahasti Pen Kalamkari Banglore Silk Colour Sarees Saree (CB95048),"Authentic 100% hand-painted Srikalahasti Pen Kalamkari pure silk saree (Code: CB95048). Handcrafted with bamboo pens and natural organic vegetable mineral dyes in Srikalahasti, Andhra Pradesh. Fabric: Banglore Silk Colour Sarees. Direct from Dhanalakshmi Kalamkari master artisans.",https://www.dhanalakshmikalamkari.in/?product=CB95048,https://lh3.googleusercontent.com/d/1OKhpwR42BT0fkULXw_zg-hPPaQPOrdVG=w1200,in_stock,9500 INR,Dhanalakshmi Kalamkari,new,Apparel & Accessories > Clothing > Traditional & Ceremonial Clothing > Sarees
CB95049,Hand-Painted Srikalahasti Pen Kalamkari Banglore Silk Colour Sarees Saree (CB95049),"Authentic 100% hand-painted Srikalahasti Pen Kalamkari pure silk saree (Code: CB95049). Handcrafted with bamboo pens and natural organic vegetable mineral dyes in Srikalahasti, Andhra Pradesh. Fabric: Banglore Silk Colour Sarees. Direct from Dhanalakshmi Kalamkari master artisans.",https://www.dhanalakshmikalamkari.in/?product=CB95049,https://lh3.googleusercontent.com/d/1iDqh6NGufxU3r8-FZWFVr1jmG87TstcV=w1200,in_stock,9500 INR,Dhanalakshmi Kalamkari,new,Apparel & Accessories > Clothing > Traditional & Ceremonial Clothing > Sarees
CB95050,Hand-Painted Srikalahasti Pen Kalamkari Banglore Silk Colour Sarees Saree (CB95050),"Authentic 100% hand-painted Srikalahasti Pen Kalamkari pure silk saree (Code: CB95050). Handcrafted with bamboo pens and natural organic vegetable mineral dyes in Srikalahasti, Andhra Pradesh. Fabric: Banglore Silk Colour Sarees. Direct from Dhanalakshmi Kalamkari master artisans.",https://www.dhanalakshmikalamkari.in/?product=CB95050,https://lh3.googleusercontent.com/d/1v8ejgsoE8_xaw7Rii0ULv16bTdbySAHb=w1200,in_stock,9500 INR,Dhanalakshmi Kalamkari,new,Apparel & Accessories > Clothing > Traditional & Ceremonial Clothing > Sarees
CB95051,Hand-Painted Srikalahasti Pen Kalamkari Banglore Silk Colour Sarees Saree (CB95051),"Authentic 100% hand-painted Srikalahasti Pen Kalamkari pure silk saree (Code: CB95051). Handcrafted with bamboo pens and natural organic vegetable mineral dyes in Srikalahasti, Andhra Pradesh. Fabric: Banglore Silk Colour Sarees. Direct from Dhanalakshmi Kalamkari master artisans.",https://www.dhanalakshmikalamkari.in/?product=CB95051,https://lh3.googleusercontent.com/d/1yREYhsLws2KGBYnMDjeFXUR8jXkcrZ23=w1200,in_stock,9500 INR,Dhanalakshmi Kalamkari,new,Apparel & Accessories > Clothing > Traditional & Ceremonial Clothing > Sarees
CB95052,Hand-Painted Srikalahasti Pen Kalamkari Banglore Silk Colour Sarees Saree (CB95052),"Authentic 100% hand-painted Srikalahasti Pen Kalamkari pure silk saree (Code: CB95052). Handcrafted with bamboo pens and natural organic vegetable mineral dyes in Srikalahasti, Andhra Pradesh. Fabric: Banglore Silk Colour Sarees. Direct from Dhanalakshmi Kalamkari master artisans.",https://www.dhanalakshmikalamkari.in/?product=CB95052,https://lh3.googleusercontent.com/d/1-p5YAtPWggVXAdbZ-oT2sm0V5wN3nv23=w1200,in_stock,9500 INR,Dhanalakshmi Kalamkari,new,Apparel & Accessories > Clothing > Traditional & Ceremonial Clothing > Sarees
CB95053,Hand-Painted Srikalahasti Pen Kalamkari Banglore Silk Colour Sarees Saree (CB95053),"Authentic 100% hand-painted Srikalahasti Pen Kalamkari pure silk saree (Code: CB95053). Handcrafted with bamboo pens and natural organic vegetable mineral dyes in Srikalahasti, Andhra Pradesh. Fabric: Banglore Silk Colour Sarees. Direct from Dhanalakshmi Kalamkari master artisans.",https://www.dhanalakshmikalamkari.in/?product=CB95053,https://lh3.googleusercontent.com/d/1f3a73x49DCTP8xrVzxrRcwyttIrOaoDl=w1200,in_stock,9500 INR,Dhanalakshmi Kalamkari,new,Apparel & Accessories > Clothing > Traditional & Ceremonial Clothing > Sarees
CB95054,Hand-Painted Srikalahasti Pen Kalamkari Banglore Silk Colour Sarees Saree (CB95054),"Authentic 100% hand-painted Srikalahasti Pen Kalamkari pure silk saree (Code: CB95054). Handcrafted with bamboo pens and natural organic vegetable mineral dyes in Srikalahasti, Andhra Pradesh. Fabric: Banglore Silk Colour Sarees. Direct from Dhanalakshmi Kalamkari master artisans.",https://www.dhanalakshmikalamkari.in/?product=CB95054,https://lh3.googleusercontent.com/d/1pPKl0ocJmbMV3cIE_bAH8OQO_F6geQ0I=w1200,in_stock,9500 INR,Dhanalakshmi Kalamkari,new,Apparel & Accessories > Clothing > Traditional & Ceremonial Clothing > Sarees
CB95055,Hand-Painted Srikalahasti Pen Kalamkari Banglore Silk Colour Sarees Saree (CB95055),"Authentic 100% hand-painted Srikalahasti Pen Kalamkari pure silk saree (Code: CB95055). Handcrafted with bamboo pens and natural organic vegetable mineral dyes in Srikalahasti, Andhra Pradesh. Fabric: Banglore Silk Colour Sarees. Direct from Dhanalakshmi Kalamkari master artisans.",https://www.dhanalakshmikalamkari.in/?product=CB95055,https://lh3.googleusercontent.com/d/12k9BVrILDziKOJWN7DLZsmgviGG4KUww=w1200,in_stock,9500 INR,Dhanalakshmi Kalamkari,new,Apparel & Accessories > Clothing > Traditional & Ceremonial Clothing > Sarees
CB95056,Hand-Painted Srikalahasti Pen Kalamkari Banglore Silk Colour Sarees Saree (CB95056),"Authentic 100% hand-painted Srikalahasti Pen Kalamkari pure silk saree (Code: CB95056). Handcrafted with bamboo pens and natural organic vegetable mineral dyes in Srikalahasti, Andhra Pradesh. Fabric: Banglore Silk Colour Sarees. Direct from Dhanalakshmi Kalamkari master artisans.",https://www.dhanalakshmikalamkari.in/?product=CB95056,https://lh3.googleusercontent.com/d/1wUIR3cqFBh7DsgrY4iyRZJHt8WZB5YWi=w1200,in_stock,9500 INR,Dhanalakshmi Kalamkari,new,Apparel & Accessories > Clothing > Traditional & Ceremonial Clothing > Sarees
CB95057,Hand-Painted Srikalahasti Pen Kalamkari Banglore Silk Colour Sarees Saree (CB95057),"Authentic 100% hand-painted Srikalahasti Pen Kalamkari pure silk saree (Code: CB95057). Handcrafted with bamboo pens and natural organic vegetable mineral dyes in Srikalahasti, Andhra Pradesh. Fabric: Banglore Silk Colour Sarees. Direct from Dhanalakshmi Kalamkari master artisans.",https://www.dhanalakshmikalamkari.in/?product=CB95057,https://lh3.googleusercontent.com/d/178QSAS97iRUE9IzVnxk4WQCLFyp0gQ1S=w1200,in_stock,9500 INR,Dhanalakshmi Kalamkari,new,Apparel & Accessories > Clothing > Traditional & Ceremonial Clothing > Sarees
CB95044,Hand-Painted Srikalahasti Pen Kalamkari Banglore Silk Colour Sarees Saree (CB95044),"Authentic 100% hand-painted Srikalahasti Pen Kalamkari pure silk saree (Code: CB95044). Handcrafted with bamboo pens and natural organic vegetable mineral dyes in Srikalahasti, Andhra Pradesh. Fabric: Banglore Silk Colour Sarees. Direct from Dhanalakshmi Kalamkari master artisans.",https://www.dhanalakshmikalamkari.in/?product=CB95044,https://lh3.googleusercontent.com/d/1v_W-RQER2apu2I6YUuVN1Archna7sdTM=w1200,in_stock,9500 INR,Dhanalakshmi Kalamkari,new,Apparel & Accessories > Clothing > Traditional & Ceremonial Clothing > Sarees
CB95028,Hand-Painted Srikalahasti Pen Kalamkari Banglore Silk Colour Sarees Saree (CB95028),"Authentic 100% hand-painted Srikalahasti Pen Kalamkari pure silk saree (Code: CB95028). Handcrafted with bamboo pens and natural organic vegetable mineral dyes in Srikalahasti, Andhra Pradesh. Fabric: Banglore Silk Colour Sarees. Direct from Dhanalakshmi Kalamkari master artisans.",https://www.dhanalakshmikalamkari.in/?product=CB95028,https://lh3.googleusercontent.com/d/15T0TClhdSqd-9PD_tznCnXfR8QwvygB6=w1200,in_stock,9500 INR,Dhanalakshmi Kalamkari,new,Apparel & Accessories > Clothing > Traditional & Ceremonial Clothing > Sarees
CB95032,Hand-Painted Srikalahasti Pen Kalamkari Banglore Silk Colour Sarees Saree (CB95032),"Authentic 100% hand-painted Srikalahasti Pen Kalamkari pure silk saree (Code: CB95032). Handcrafted with bamboo pens and natural organic vegetable mineral dyes in Srikalahasti, Andhra Pradesh. Fabric: Banglore Silk Colour Sarees. Direct from Dhanalakshmi Kalamkari master artisans.",https://www.dhanalakshmikalamkari.in/?product=CB95032,https://lh3.googleusercontent.com/d/1WzBPSOmXN4JLtiLAz0rZ0d1Qb0wpELy5=w1200,in_stock,9500 INR,Dhanalakshmi Kalamkari,new,Apparel & Accessories > Clothing > Traditional & Ceremonial Clothing > Sarees
CB95033,Hand-Painted Srikalahasti Pen Kalamkari Banglore Silk Colour Sarees Saree (CB95033),"Authentic 100% hand-painted Srikalahasti Pen Kalamkari pure silk saree (Code: CB95033). Handcrafted with bamboo pens and natural organic vegetable mineral dyes in Srikalahasti, Andhra Pradesh. Fabric: Banglore Silk Colour Sarees. Direct from Dhanalakshmi Kalamkari master artisans.",https://www.dhanalakshmikalamkari.in/?product=CB95033,https://lh3.googleusercontent.com/d/1H8Y61nD4qCSxE0KJ7c9rboOJPIVoM-qf=w1200,in_stock,9500 INR,Dhanalakshmi Kalamkari,new,Apparel & Accessories > Clothing > Traditional & Ceremonial Clothing > Sarees
CB95034,Hand-Painted Srikalahasti Pen Kalamkari Banglore Silk Colour Sarees Saree (CB95034),"Authentic 100% hand-painted Srikalahasti Pen Kalamkari pure silk saree (Code: CB95034). Handcrafted with bamboo pens and natural organic vegetable mineral dyes in Srikalahasti, Andhra Pradesh. Fabric: Banglore Silk Colour Sarees. Direct from Dhanalakshmi Kalamkari master artisans.",https://www.dhanalakshmikalamkari.in/?product=CB95034,https://lh3.googleusercontent.com/d/1HMOEx7kPs7BY48KyUGRha1RnGe5ZL-xB=w1200,in_stock,9500 INR,Dhanalakshmi Kalamkari,new,Apparel & Accessories > Clothing > Traditional & Ceremonial Clothing > Sarees
CB95035,Hand-Painted Srikalahasti Pen Kalamkari Banglore Silk Colour Sarees Saree (CB95035),"Authentic 100% hand-painted Srikalahasti Pen Kalamkari pure silk saree (Code: CB95035). Handcrafted with bamboo pens and natural organic vegetable mineral dyes in Srikalahasti, Andhra Pradesh. Fabric: Banglore Silk Colour Sarees. Direct from Dhanalakshmi Kalamkari master artisans.",https://www.dhanalakshmikalamkari.in/?product=CB95035,https://lh3.googleusercontent.com/d/1yCzEEUbP13EQRxCkFI30L5HwQiOIuWw3=w1200,in_stock,9500 INR,Dhanalakshmi Kalamkari,new,Apparel & Accessories > Clothing > Traditional & Ceremonial Clothing > Sarees
CB95036,Hand-Painted Srikalahasti Pen Kalamkari Banglore Silk Colour Sarees Saree (CB95036),"Authentic 100% hand-painted Srikalahasti Pen Kalamkari pure silk saree (Code: CB95036). Handcrafted with bamboo pens and natural organic vegetable mineral dyes in Srikalahasti, Andhra Pradesh. Fabric: Banglore Silk Colour Sarees. Direct from Dhanalakshmi Kalamkari master artisans.",https://www.dhanalakshmikalamkari.in/?product=CB95036,https://lh3.googleusercontent.com/d/17u5WJPQVRqgtoGlJ2VEs6IMXLZmPLi6q=w1200,in_stock,9500 INR,Dhanalakshmi Kalamkari,new,Apparel & Accessories > Clothing > Traditional & Ceremonial Clothing > Sarees
CB95037,Hand-Painted Srikalahasti Pen Kalamkari Banglore Silk Colour Sarees Saree (CB95037),"Authentic 100% hand-painted Srikalahasti Pen Kalamkari pure silk saree (Code: CB95037). Handcrafted with bamboo pens and natural organic vegetable mineral dyes in Srikalahasti, Andhra Pradesh. Fabric: Banglore Silk Colour Sarees. Direct from Dhanalakshmi Kalamkari master artisans.",https://www.dhanalakshmikalamkari.in/?product=CB95037,https://lh3.googleusercontent.com/d/1wkeaL4dQkXXRpTLWKDqHGEGPZqBhjWBQ=w1200,in_stock,9500 INR,Dhanalakshmi Kalamkari,new,Apparel & Accessories > Clothing > Traditional & Ceremonial Clothing > Sarees
CB95039,Hand-Painted Srikalahasti Pen Kalamkari Banglore Silk Colour Sarees Saree (CB95039),"Authentic 100% hand-painted Srikalahasti Pen Kalamkari pure silk saree (Code: CB95039). Handcrafted with bamboo pens and natural organic vegetable mineral dyes in Srikalahasti, Andhra Pradesh. Fabric: Banglore Silk Colour Sarees. Direct from Dhanalakshmi Kalamkari master artisans.",https://www.dhanalakshmikalamkari.in/?product=CB95039,https://lh3.googleusercontent.com/d/1acbB4flEd6lZ4lZUrhbOq5OPgL9u-PQb=w1200,in_stock,9500 INR,Dhanalakshmi Kalamkari,new,Apparel & Accessories > Clothing > Traditional & Ceremonial Clothing > Sarees
CB95041,Hand-Painted Srikalahasti Pen Kalamkari Banglore Silk Colour Sarees Saree (CB95041),"Authentic 100% hand-painted Srikalahasti Pen Kalamkari pure silk saree (Code: CB95041). Handcrafted with bamboo pens and natural organic vegetable mineral dyes in Srikalahasti, Andhra Pradesh. Fabric: Banglore Silk Colour Sarees. Direct from Dhanalakshmi Kalamkari master artisans.",https://www.dhanalakshmikalamkari.in/?product=CB95041,https://lh3.googleusercontent.com/d/1B9dbVNjGdezy2UdJD0bnJxbIP071uhkv=w1200,in_stock,9500 INR,Dhanalakshmi Kalamkari,new,Apparel & Accessories > Clothing > Traditional & Ceremonial Clothing > Sarees
CB90045,Hand-Painted Srikalahasti Pen Kalamkari Banglore Silk Colour Sarees Saree (CB90045),"Authentic 100% hand-painted Srikalahasti Pen Kalamkari pure silk saree (Code: CB90045). Handcrafted with bamboo pens and natural organic vegetable mineral dyes in Srikalahasti, Andhra Pradesh. Fabric: Banglore Silk Colour Sarees. Direct from Dhanalakshmi Kalamkari master artisans.",https://www.dhanalakshmikalamkari.in/?product=CB90045,https://lh3.googleusercontent.com/d/1DibTOoFqz44ffJhwPISKsBB063kf1AMC=w1200,in_stock,9000 INR,Dhanalakshmi Kalamkari,new,Apparel & Accessories > Clothing > Traditional & Ceremonial Clothing > Sarees
CB90046,Hand-Painted Srikalahasti Pen Kalamkari Banglore Silk Colour Sarees Saree (CB90046),"Authentic 100% hand-painted Srikalahasti Pen Kalamkari pure silk saree (Code: CB90046). Handcrafted with bamboo pens and natural organic vegetable mineral dyes in Srikalahasti, Andhra Pradesh. Fabric: Banglore Silk Colour Sarees. Direct from Dhanalakshmi Kalamkari master artisans.",https://www.dhanalakshmikalamkari.in/?product=CB90046,https://lh3.googleusercontent.com/d/16azYeooH5O3g2LazT-8leY3Ap9sKyBPe=w1200,in_stock,9000 INR,Dhanalakshmi Kalamkari,new,Apparel & Accessories > Clothing > Traditional & Ceremonial Clothing > Sarees
CB90047,Hand-Painted Srikalahasti Pen Kalamkari Banglore Silk Colour Sarees Saree (CB90047),"Authentic 100% hand-painted Srikalahasti Pen Kalamkari pure silk saree (Code: CB90047). Handcrafted with bamboo pens and natural organic vegetable mineral dyes in Srikalahasti, Andhra Pradesh. Fabric: Banglore Silk Colour Sarees. Direct from Dhanalakshmi Kalamkari master artisans.",https://www.dhanalakshmikalamkari.in/?product=CB90047,https://lh3.googleusercontent.com/d/1KrsZQRbJRJyS7tA1rcCZhycyax250atd=w1200,in_stock,9000 INR,Dhanalakshmi Kalamkari,new,Apparel & Accessories > Clothing > Traditional & Ceremonial Clothing > Sarees
CB90048,Hand-Painted Srikalahasti Pen Kalamkari Banglore Silk Colour Sarees Saree (CB90048),"Authentic 100% hand-painted Srikalahasti Pen Kalamkari pure silk saree (Code: CB90048). Handcrafted with bamboo pens and natural organic vegetable mineral dyes in Srikalahasti, Andhra Pradesh. Fabric: Banglore Silk Colour Sarees. Direct from Dhanalakshmi Kalamkari master artisans.",https://www.dhanalakshmikalamkari.in/?product=CB90048,https://lh3.googleusercontent.com/d/16yii3ukCgVby5Dvg-R2BiGoYDiR7xX75=w1200,in_stock,9000 INR,Dhanalakshmi Kalamkari,new,Apparel & Accessories > Clothing > Traditional & Ceremonial Clothing > Sarees
CB90049,Hand-Painted Srikalahasti Pen Kalamkari Banglore Silk Colour Sarees Saree (CB90049),"Authentic 100% hand-painted Srikalahasti Pen Kalamkari pure silk saree (Code: CB90049). Handcrafted with bamboo pens and natural organic vegetable mineral dyes in Srikalahasti, Andhra Pradesh. Fabric: Banglore Silk Colour Sarees. Direct from Dhanalakshmi Kalamkari master artisans.",https://www.dhanalakshmikalamkari.in/?product=CB90049,https://lh3.googleusercontent.com/d/12wC7X3ZTLyXlt8U-WQU3UqDwlkVKxyN9=w1200,in_stock,9000 INR,Dhanalakshmi Kalamkari,new,Apparel & Accessories > Clothing > Traditional & Ceremonial Clothing > Sarees
CB90055,Hand-Painted Srikalahasti Pen Kalamkari Banglore Silk Colour Sarees Saree (CB90055),"Authentic 100% hand-painted Srikalahasti Pen Kalamkari pure silk saree (Code: CB90055). Handcrafted with bamboo pens and natural organic vegetable mineral dyes in Srikalahasti, Andhra Pradesh. Fabric: Banglore Silk Colour Sarees. Direct from Dhanalakshmi Kalamkari master artisans.",https://www.dhanalakshmikalamkari.in/?product=CB90055,https://lh3.googleusercontent.com/d/1WAu0Ab0uQwQtDQz0x15WhMjuDGrvDv_9=w1200,in_stock,9000 INR,Dhanalakshmi Kalamkari,new,Apparel & Accessories > Clothing > Traditional & Ceremonial Clothing > Sarees
CB90056,Hand-Painted Srikalahasti Pen Kalamkari Banglore Silk Colour Sarees Saree (CB90056),"Authentic 100% hand-painted Srikalahasti Pen Kalamkari pure silk saree (Code: CB90056). Handcrafted with bamboo pens and natural organic vegetable mineral dyes in Srikalahasti, Andhra Pradesh. Fabric: Banglore Silk Colour Sarees. Direct from Dhanalakshmi Kalamkari master artisans.",https://www.dhanalakshmikalamkari.in/?product=CB90056,https://lh3.googleusercontent.com/d/1cDmtNQ19aW70zlWKT0q9qAm8aEFfWbJn=w1200,in_stock,9000 INR,Dhanalakshmi Kalamkari,new,Apparel & Accessories > Clothing > Traditional & Ceremonial Clothing > Sarees
CB90058,Hand-Painted Srikalahasti Pen Kalamkari Banglore Silk Colour Sarees Saree (CB90058),"Authentic 100% hand-painted Srikalahasti Pen Kalamkari pure silk saree (Code: CB90058). Handcrafted with bamboo pens and natural organic vegetable mineral dyes in Srikalahasti, Andhra Pradesh. Fabric: Banglore Silk Colour Sarees. Direct from Dhanalakshmi Kalamkari master artisans.",https://www.dhanalakshmikalamkari.in/?product=CB90058,https://lh3.googleusercontent.com/d/1tXggsROMu0pDJp4MlCNsp64VO-2lXLYs=w1200,in_stock,9000 INR,Dhanalakshmi Kalamkari,new,Apparel & Accessories > Clothing > Traditional & Ceremonial Clothing > Sarees
CB90059,Hand-Painted Srikalahasti Pen Kalamkari Banglore Silk Colour Sarees Saree (CB90059),"Authentic 100% hand-painted Srikalahasti Pen Kalamkari pure silk saree (Code: CB90059). Handcrafted with bamboo pens and natural organic vegetable mineral dyes in Srikalahasti, Andhra Pradesh. Fabric: Banglore Silk Colour Sarees. Direct from Dhanalakshmi Kalamkari master artisans.",https://www.dhanalakshmikalamkari.in/?product=CB90059,https://lh3.googleusercontent.com/d/13K7SwmOrmTvHEjtsSYxy7suaNRpxDlYl=w1200,in_stock,9000 INR,Dhanalakshmi Kalamkari,new,Apparel & Accessories > Clothing > Traditional & Ceremonial Clothing > Sarees
CB90060,Hand-Painted Srikalahasti Pen Kalamkari Banglore Silk Colour Sarees Saree (CB90060),"Authentic 100% hand-painted Srikalahasti Pen Kalamkari pure silk saree (Code: CB90060). Handcrafted with bamboo pens and natural organic vegetable mineral dyes in Srikalahasti, Andhra Pradesh. Fabric: Banglore Silk Colour Sarees. Direct from Dhanalakshmi Kalamkari master artisans.",https://www.dhanalakshmikalamkari.in/?product=CB90060,https://lh3.googleusercontent.com/d/16ABFaumLJT9xxnHF7HBmmuBSz9oAqpXQ=w1200,in_stock,9000 INR,Dhanalakshmi Kalamkari,new,Apparel & Accessories > Clothing > Traditional & Ceremonial Clothing > Sarees
CB90061,Hand-Painted Srikalahasti Pen Kalamkari Banglore Silk Colour Sarees Saree (CB90061),"Authentic 100% hand-painted Srikalahasti Pen Kalamkari pure silk saree (Code: CB90061). Handcrafted with bamboo pens and natural organic vegetable mineral dyes in Srikalahasti, Andhra Pradesh. Fabric: Banglore Silk Colour Sarees. Direct from Dhanalakshmi Kalamkari master artisans.",https://www.dhanalakshmikalamkari.in/?product=CB90061,https://lh3.googleusercontent.com/d/1QvX_S6mrgrgsrmJuLcZOr7cd7UiB3MJB=w1200,in_stock,9000 INR,Dhanalakshmi Kalamkari,new,Apparel & Accessories > Clothing > Traditional & Ceremonial Clothing > Sarees
CB90062,Hand-Painted Srikalahasti Pen Kalamkari Banglore Silk Colour Sarees Saree (CB90062),"Authentic 100% hand-painted Srikalahasti Pen Kalamkari pure silk saree (Code: CB90062). Handcrafted with bamboo pens and natural organic vegetable mineral dyes in Srikalahasti, Andhra Pradesh. Fabric: Banglore Silk Colour Sarees. Direct from Dhanalakshmi Kalamkari master artisans.",https://www.dhanalakshmikalamkari.in/?product=CB90062,https://lh3.googleusercontent.com/d/1IR3GWeMnD8Jmw-eGpEf88-pRHySuDr2h=w1200,in_stock,9000 INR,Dhanalakshmi Kalamkari,new,Apparel & Accessories > Clothing > Traditional & Ceremonial Clothing > Sarees
CB90063,Hand-Painted Srikalahasti Pen Kalamkari Banglore Silk Colour Sarees Saree (CB90063),"Authentic 100% hand-painted Srikalahasti Pen Kalamkari pure silk saree (Code: CB90063). Handcrafted with bamboo pens and natural organic vegetable mineral dyes in Srikalahasti, Andhra Pradesh. Fabric: Banglore Silk Colour Sarees. Direct from Dhanalakshmi Kalamkari master artisans.",https://www.dhanalakshmikalamkari.in/?product=CB90063,https://lh3.googleusercontent.com/d/1QTd58XBEKEdKJqFS56O4-Mv9VF8ISq-T=w1200,in_stock,9000 INR,Dhanalakshmi Kalamkari,new,Apparel & Accessories > Clothing > Traditional & Ceremonial Clothing > Sarees
CB90065,Hand-Painted Srikalahasti Pen Kalamkari Banglore Silk Colour Sarees Saree (CB90065),"Authentic 100% hand-painted Srikalahasti Pen Kalamkari pure silk saree (Code: CB90065). Handcrafted with bamboo pens and natural organic vegetable mineral dyes in Srikalahasti, Andhra Pradesh. Fabric: Banglore Silk Colour Sarees. Direct from Dhanalakshmi Kalamkari master artisans.",https://www.dhanalakshmikalamkari.in/?product=CB90065,https://lh3.googleusercontent.com/d/1q1PRx0HB2h-UOqTWOtOUeaYuYZucLrO8=w1200,in_stock,9000 INR,Dhanalakshmi Kalamkari,new,Apparel & Accessories > Clothing > Traditional & Ceremonial Clothing > Sarees
CB90068,Hand-Painted Srikalahasti Pen Kalamkari Banglore Silk Colour Sarees Saree (CB90068),"Authentic 100% hand-painted Srikalahasti Pen Kalamkari pure silk saree (Code: CB90068). Handcrafted with bamboo pens and natural organic vegetable mineral dyes in Srikalahasti, Andhra Pradesh. Fabric: Banglore Silk Colour Sarees. Direct from Dhanalakshmi Kalamkari master artisans.",https://www.dhanalakshmikalamkari.in/?product=CB90068,https://lh3.googleusercontent.com/d/1A-dWIkYqPRI5th5KFKVYcjjTiVnL1nfi=w1200,in_stock,9000 INR,Dhanalakshmi Kalamkari,new,Apparel & Accessories > Clothing > Traditional & Ceremonial Clothing > Sarees
CB90069,Hand-Painted Srikalahasti Pen Kalamkari Banglore Silk Colour Sarees Saree (CB90069),"Authentic 100% hand-painted Srikalahasti Pen Kalamkari pure silk saree (Code: CB90069). Handcrafted with bamboo pens and natural organic vegetable mineral dyes in Srikalahasti, Andhra Pradesh. Fabric: Banglore Silk Colour Sarees. Direct from Dhanalakshmi Kalamkari master artisans.",https://www.dhanalakshmikalamkari.in/?product=CB90069,https://lh3.googleusercontent.com/d/1UoFMdHBhLrHYy60iWADfNAHnTzy26P1P=w1200,in_stock,9000 INR,Dhanalakshmi Kalamkari,new,Apparel & Accessories > Clothing > Traditional & Ceremonial Clothing > Sarees
CB85072,Hand-Painted Srikalahasti Pen Kalamkari Banglore Silk Colour Sarees Saree (CB85072),"Authentic 100% hand-painted Srikalahasti Pen Kalamkari pure silk saree (Code: CB85072). Handcrafted with bamboo pens and natural organic vegetable mineral dyes in Srikalahasti, Andhra Pradesh. Fabric: Banglore Silk Colour Sarees. Direct from Dhanalakshmi Kalamkari master artisans.",https://www.dhanalakshmikalamkari.in/?product=CB85072,https://lh3.googleusercontent.com/d/1gO-jXuGrtQp4XKjUY_YqG--0rF3JLhBo=w1200,in_stock,8500 INR,Dhanalakshmi Kalamkari,new,Apparel & Accessories > Clothing > Traditional & Ceremonial Clothing > Sarees
CB85073,Hand-Painted Srikalahasti Pen Kalamkari Banglore Silk Colour Sarees Saree (CB85073),"Authentic 100% hand-painted Srikalahasti Pen Kalamkari pure silk saree (Code: CB85073). Handcrafted with bamboo pens and natural organic vegetable mineral dyes in Srikalahasti, Andhra Pradesh. Fabric: Banglore Silk Colour Sarees. Direct from Dhanalakshmi Kalamkari master artisans.",https://www.dhanalakshmikalamkari.in/?product=CB85073,https://lh3.googleusercontent.com/d/1EtLgnwrwqD_zrFadRDWNj9qrjozT3E-U=w1200,in_stock,8500 INR,Dhanalakshmi Kalamkari,new,Apparel & Accessories > Clothing > Traditional & Ceremonial Clothing > Sarees
CB85074,Hand-Painted Srikalahasti Pen Kalamkari Banglore Silk Colour Sarees Saree (CB85074),"Authentic 100% hand-painted Srikalahasti Pen Kalamkari pure silk saree (Code: CB85074). Handcrafted with bamboo pens and natural organic vegetable mineral dyes in Srikalahasti, Andhra Pradesh. Fabric: Banglore Silk Colour Sarees. Direct from Dhanalakshmi Kalamkari master artisans.",https://www.dhanalakshmikalamkari.in/?product=CB85074,https://lh3.googleusercontent.com/d/1Scun0_zjVoRtAbb8k2BmRGFJJ2Fr40Ti=w1200,in_stock,8500 INR,Dhanalakshmi Kalamkari,new,Apparel & Accessories > Clothing > Traditional & Ceremonial Clothing > Sarees
CB85075,Hand-Painted Srikalahasti Pen Kalamkari Banglore Silk Colour Sarees Saree (CB85075),"Authentic 100% hand-painted Srikalahasti Pen Kalamkari pure silk saree (Code: CB85075). Handcrafted with bamboo pens and natural organic vegetable mineral dyes in Srikalahasti, Andhra Pradesh. Fabric: Banglore Silk Colour Sarees. Direct from Dhanalakshmi Kalamkari master artisans.",https://www.dhanalakshmikalamkari.in/?product=CB85075,https://lh3.googleusercontent.com/d/1a6wPv6tUCypMDPK0GLYs2aL7TcTEkQZ2=w1200,in_stock,8500 INR,Dhanalakshmi Kalamkari,new,Apparel & Accessories > Clothing > Traditional & Ceremonial Clothing > Sarees
CB85076,Hand-Painted Srikalahasti Pen Kalamkari Banglore Silk Colour Sarees Saree (CB85076),"Authentic 100% hand-painted Srikalahasti Pen Kalamkari pure silk saree (Code: CB85076). Handcrafted with bamboo pens and natural organic vegetable mineral dyes in Srikalahasti, Andhra Pradesh. Fabric: Banglore Silk Colour Sarees. Direct from Dhanalakshmi Kalamkari master artisans.",https://www.dhanalakshmikalamkari.in/?product=CB85076,https://lh3.googleusercontent.com/d/1_OXpU4yM-eHHGMcitfEQDeZZHvX3IB0-=w1200,in_stock,8500 INR,Dhanalakshmi Kalamkari,new,Apparel & Accessories > Clothing > Traditional & Ceremonial Clothing > Sarees
CB85077,Hand-Painted Srikalahasti Pen Kalamkari Banglore Silk Colour Sarees Saree (CB85077),"Authentic 100% hand-painted Srikalahasti Pen Kalamkari pure silk saree (Code: CB85077). Handcrafted with bamboo pens and natural organic vegetable mineral dyes in Srikalahasti, Andhra Pradesh. Fabric: Banglore Silk Colour Sarees. Direct from Dhanalakshmi Kalamkari master artisans.",https://www.dhanalakshmikalamkari.in/?product=CB85077,https://lh3.googleusercontent.com/d/1Xnw0yXP5wJ9bI9GZ2AIQ4J_SawpJ-HWS=w1200,in_stock,8500 INR,Dhanalakshmi Kalamkari,new,Apparel & Accessories > Clothing > Traditional & Ceremonial Clothing > Sarees
CB85078,Hand-Painted Srikalahasti Pen Kalamkari Banglore Silk Colour Sarees Saree (CB85078),"Authentic 100% hand-painted Srikalahasti Pen Kalamkari pure silk saree (Code: CB85078). Handcrafted with bamboo pens and natural organic vegetable mineral dyes in Srikalahasti, Andhra Pradesh. Fabric: Banglore Silk Colour Sarees. Direct from Dhanalakshmi Kalamkari master artisans.",https://www.dhanalakshmikalamkari.in/?product=CB85078,https://lh3.googleusercontent.com/d/1XJ-aOl3DRScnpaQeB5VgDLS_wRDZbqK0=w1200,in_stock,8500 INR,Dhanalakshmi Kalamkari,new,Apparel & Accessories > Clothing > Traditional & Ceremonial Clothing > Sarees
CB85079,Hand-Painted Srikalahasti Pen Kalamkari Banglore Silk Colour Sarees Saree (CB85079),"Authentic 100% hand-painted Srikalahasti Pen Kalamkari pure silk saree (Code: CB85079). Handcrafted with bamboo pens and natural organic vegetable mineral dyes in Srikalahasti, Andhra Pradesh. Fabric: Banglore Silk Colour Sarees. Direct from Dhanalakshmi Kalamkari master artisans.",https://www.dhanalakshmikalamkari.in/?product=CB85079,https://lh3.googleusercontent.com/d/12dPrnscXEoR01JLa4qy-w222kFhMw3LU=w1200,in_stock,8500 INR,Dhanalakshmi Kalamkari,new,Apparel & Accessories > Clothing > Traditional & Ceremonial Clothing > Sarees
CB85080,Hand-Painted Srikalahasti Pen Kalamkari Banglore Silk Colour Sarees Saree (CB85080),"Authentic 100% hand-painted Srikalahasti Pen Kalamkari pure silk saree (Code: CB85080). Handcrafted with bamboo pens and natural organic vegetable mineral dyes in Srikalahasti, Andhra Pradesh. Fabric: Banglore Silk Colour Sarees. Direct from Dhanalakshmi Kalamkari master artisans.",https://www.dhanalakshmikalamkari.in/?product=CB85080,https://lh3.googleusercontent.com/d/10buZ6oGnNQuiYdWYizryAJkPN4KoigMj=w1200,in_stock,8500 INR,Dhanalakshmi Kalamkari,new,Apparel & Accessories > Clothing > Traditional & Ceremonial Clothing > Sarees
CB85081,Hand-Painted Srikalahasti Pen Kalamkari Banglore Silk Colour Sarees Saree (CB85081),"Authentic 100% hand-painted Srikalahasti Pen Kalamkari pure silk saree (Code: CB85081). Handcrafted with bamboo pens and natural organic vegetable mineral dyes in Srikalahasti, Andhra Pradesh. Fabric: Banglore Silk Colour Sarees. Direct from Dhanalakshmi Kalamkari master artisans.",https://www.dhanalakshmikalamkari.in/?product=CB85081,https://lh3.googleusercontent.com/d/1XlbSxx_mtpRfEV_lFNFzqW0cgmr-6P52=w1200,in_stock,8500 INR,Dhanalakshmi Kalamkari,new,Apparel & Accessories > Clothing > Traditional & Ceremonial Clothing > Sarees
CB85082,Hand-Painted Srikalahasti Pen Kalamkari Banglore Silk Colour Sarees Saree (CB85082),"Authentic 100% hand-painted Srikalahasti Pen Kalamkari pure silk saree (Code: CB85082). Handcrafted with bamboo pens and natural organic vegetable mineral dyes in Srikalahasti, Andhra Pradesh. Fabric: Banglore Silk Colour Sarees. Direct from Dhanalakshmi Kalamkari master artisans.",https://www.dhanalakshmikalamkari.in/?product=CB85082,https://lh3.googleusercontent.com/d/1l_SpSwAAw4agrxU7DmhCNKdhQNLEC6rf=w1200,in_stock,8500 INR,Dhanalakshmi Kalamkari,new,Apparel & Accessories > Clothing > Traditional & Ceremonial Clothing > Sarees
CB85083,Hand-Painted Srikalahasti Pen Kalamkari Banglore Silk Colour Sarees Saree (CB85083),"Authentic 100% hand-painted Srikalahasti Pen Kalamkari pure silk saree (Code: CB85083). Handcrafted with bamboo pens and natural organic vegetable mineral dyes in Srikalahasti, Andhra Pradesh. Fabric: Banglore Silk Colour Sarees. Direct from Dhanalakshmi Kalamkari master artisans.",https://www.dhanalakshmikalamkari.in/?product=CB85083,https://lh3.googleusercontent.com/d/1_btRePmbh6klrHI38Qq35-dz2zTMgS_V=w1200,in_stock,8500 INR,Dhanalakshmi Kalamkari,new,Apparel & Accessories > Clothing > Traditional & Ceremonial Clothing > Sarees
CB85084,Hand-Painted Srikalahasti Pen Kalamkari Banglore Silk Colour Sarees Saree (CB85084),"Authentic 100% hand-painted Srikalahasti Pen Kalamkari pure silk saree (Code: CB85084). Handcrafted with bamboo pens and natural organic vegetable mineral dyes in Srikalahasti, Andhra Pradesh. Fabric: Banglore Silk Colour Sarees. Direct from Dhanalakshmi Kalamkari master artisans.",https://www.dhanalakshmikalamkari.in/?product=CB85084,https://lh3.googleusercontent.com/d/1t9i0TieiVFV18JbBoSpmACVdFwagXyjC=w1200,in_stock,8500 INR,Dhanalakshmi Kalamkari,new,Apparel & Accessories > Clothing > Traditional & Ceremonial Clothing > Sarees
CB85085,Hand-Painted Srikalahasti Pen Kalamkari Banglore Silk Colour Sarees Saree (CB85085),"Authentic 100% hand-painted Srikalahasti Pen Kalamkari pure silk saree (Code: CB85085). Handcrafted with bamboo pens and natural organic vegetable mineral dyes in Srikalahasti, Andhra Pradesh. Fabric: Banglore Silk Colour Sarees. Direct from Dhanalakshmi Kalamkari master artisans.",https://www.dhanalakshmikalamkari.in/?product=CB85085,https://lh3.googleusercontent.com/d/1XrID7ynpLUedyQKLHaeeAnC704CmJYxj=w1200,in_stock,8500 INR,Dhanalakshmi Kalamkari,new,Apparel & Accessories > Clothing > Traditional & Ceremonial Clothing > Sarees
CB85086,Hand-Painted Srikalahasti Pen Kalamkari Banglore Silk Colour Sarees Saree (CB85086),"Authentic 100% hand-painted Srikalahasti Pen Kalamkari pure silk saree (Code: CB85086). Handcrafted with bamboo pens and natural organic vegetable mineral dyes in Srikalahasti, Andhra Pradesh. Fabric: Banglore Silk Colour Sarees. Direct from Dhanalakshmi Kalamkari master artisans.",https://www.dhanalakshmikalamkari.in/?product=CB85086,https://lh3.googleusercontent.com/d/1zPSL1JWgaMayGz-_e1T6VttmZWGMBXmy=w1200,in_stock,8500 INR,Dhanalakshmi Kalamkari,new,Apparel & Accessories > Clothing > Traditional & Ceremonial Clothing > Sarees
CB85087,Hand-Painted Srikalahasti Pen Kalamkari Banglore Silk Colour Sarees Saree (CB85087),"Authentic 100% hand-painted Srikalahasti Pen Kalamkari pure silk saree (Code: CB85087). Handcrafted with bamboo pens and natural organic vegetable mineral dyes in Srikalahasti, Andhra Pradesh. Fabric: Banglore Silk Colour Sarees. Direct from Dhanalakshmi Kalamkari master artisans.",https://www.dhanalakshmikalamkari.in/?product=CB85087,https://lh3.googleusercontent.com/d/1czOWH5oOWboHFZV-kOl-m-oafeNciSRY=w1200,in_stock,8500 INR,Dhanalakshmi Kalamkari,new,Apparel & Accessories > Clothing > Traditional & Ceremonial Clothing > Sarees
CB85089,Hand-Painted Srikalahasti Pen Kalamkari Banglore Silk Colour Sarees Saree (CB85089),"Authentic 100% hand-painted Srikalahasti Pen Kalamkari pure silk saree (Code: CB85089). Handcrafted with bamboo pens and natural organic vegetable mineral dyes in Srikalahasti, Andhra Pradesh. Fabric: Banglore Silk Colour Sarees. Direct from Dhanalakshmi Kalamkari master artisans.",https://www.dhanalakshmikalamkari.in/?product=CB85089,https://lh3.googleusercontent.com/d/1htrSQABkwjQHSHXWpdZuDfeMyhcKSfIw=w1200,in_stock,8500 INR,Dhanalakshmi Kalamkari,new,Apparel & Accessories > Clothing > Traditional & Ceremonial Clothing > Sarees
CB85071,Hand-Painted Srikalahasti Pen Kalamkari Banglore Silk Colour Sarees Saree (CB85071),"Authentic 100% hand-painted Srikalahasti Pen Kalamkari pure silk saree (Code: CB85071). Handcrafted with bamboo pens and natural organic vegetable mineral dyes in Srikalahasti, Andhra Pradesh. Fabric: Banglore Silk Colour Sarees. Direct from Dhanalakshmi Kalamkari master artisans.",https://www.dhanalakshmikalamkari.in/?product=CB85071,https://lh3.googleusercontent.com/d/1uvWH1Hl0gKdf9QxnW-zn-B5-yZKVv7F6=w1200,in_stock,8500 INR,Dhanalakshmi Kalamkari,new,Apparel & Accessories > Clothing > Traditional & Ceremonial Clothing > Sarees
CB85045,Hand-Painted Srikalahasti Pen Kalamkari Banglore Silk Colour Sarees Saree (CB85045),"Authentic 100% hand-painted Srikalahasti Pen Kalamkari pure silk saree (Code: CB85045). Handcrafted with bamboo pens and natural organic vegetable mineral dyes in Srikalahasti, Andhra Pradesh. Fabric: Banglore Silk Colour Sarees. Direct from Dhanalakshmi Kalamkari master artisans.",https://www.dhanalakshmikalamkari.in/?product=CB85045,https://lh3.googleusercontent.com/d/1SxqONOk0nk8VW9xq7SfauWMGsZRp0tA3=w1200,in_stock,8500 INR,Dhanalakshmi Kalamkari,new,Apparel & Accessories > Clothing > Traditional & Ceremonial Clothing > Sarees
CB85046,Hand-Painted Srikalahasti Pen Kalamkari Banglore Silk Colour Sarees Saree (CB85046),"Authentic 100% hand-painted Srikalahasti Pen Kalamkari pure silk saree (Code: CB85046). Handcrafted with bamboo pens and natural organic vegetable mineral dyes in Srikalahasti, Andhra Pradesh. Fabric: Banglore Silk Colour Sarees. Direct from Dhanalakshmi Kalamkari master artisans.",https://www.dhanalakshmikalamkari.in/?product=CB85046,https://lh3.googleusercontent.com/d/14qXt_x7Qptn1SvEl2ysNra9dIBh9cGwk=w1200,in_stock,8500 INR,Dhanalakshmi Kalamkari,new,Apparel & Accessories > Clothing > Traditional & Ceremonial Clothing > Sarees
CB85049,Hand-Painted Srikalahasti Pen Kalamkari Banglore Silk Colour Sarees Saree (CB85049),"Authentic 100% hand-painted Srikalahasti Pen Kalamkari pure silk saree (Code: CB85049). Handcrafted with bamboo pens and natural organic vegetable mineral dyes in Srikalahasti, Andhra Pradesh. Fabric: Banglore Silk Colour Sarees. Direct from Dhanalakshmi Kalamkari master artisans.",https://www.dhanalakshmikalamkari.in/?product=CB85049,https://lh3.googleusercontent.com/d/1B3jfqYckBjWbauakdeqXycMaa4YJKAgl=w1200,in_stock,8500 INR,Dhanalakshmi Kalamkari,new,Apparel & Accessories > Clothing > Traditional & Ceremonial Clothing > Sarees
CB85050,Hand-Painted Srikalahasti Pen Kalamkari Banglore Silk Colour Sarees Saree (CB85050),"Authentic 100% hand-painted Srikalahasti Pen Kalamkari pure silk saree (Code: CB85050). Handcrafted with bamboo pens and natural organic vegetable mineral dyes in Srikalahasti, Andhra Pradesh. Fabric: Banglore Silk Colour Sarees. Direct from Dhanalakshmi Kalamkari master artisans.",https://www.dhanalakshmikalamkari.in/?product=CB85050,https://lh3.googleusercontent.com/d/1svUUefddzjJPBOCxq8h8ylTT79PDrDJN=w1200,in_stock,8500 INR,Dhanalakshmi Kalamkari,new,Apparel & Accessories > Clothing > Traditional & Ceremonial Clothing > Sarees
CB85053,Hand-Painted Srikalahasti Pen Kalamkari Banglore Silk Colour Sarees Saree (CB85053),"Authentic 100% hand-painted Srikalahasti Pen Kalamkari pure silk saree (Code: CB85053). Handcrafted with bamboo pens and natural organic vegetable mineral dyes in Srikalahasti, Andhra Pradesh. Fabric: Banglore Silk Colour Sarees. Direct from Dhanalakshmi Kalamkari master artisans.",https://www.dhanalakshmikalamkari.in/?product=CB85053,https://lh3.googleusercontent.com/d/1nQwrDYxDsYZhKVjLSt3cX9s4k4i9tGTX=w1200,in_stock,8500 INR,Dhanalakshmi Kalamkari,new,Apparel & Accessories > Clothing > Traditional & Ceremonial Clothing > Sarees
CB85055,Hand-Painted Srikalahasti Pen Kalamkari Banglore Silk Colour Sarees Saree (CB85055),"Authentic 100% hand-painted Srikalahasti Pen Kalamkari pure silk saree (Code: CB85055). Handcrafted with bamboo pens and natural organic vegetable mineral dyes in Srikalahasti, Andhra Pradesh. Fabric: Banglore Silk Colour Sarees. Direct from Dhanalakshmi Kalamkari master artisans.",https://www.dhanalakshmikalamkari.in/?product=CB85055,https://lh3.googleusercontent.com/d/1c1aucGZtISPOawQBit4frnQRJXrXwHZV=w1200,in_stock,8500 INR,Dhanalakshmi Kalamkari,new,Apparel & Accessories > Clothing > Traditional & Ceremonial Clothing > Sarees
CB85056,Hand-Painted Srikalahasti Pen Kalamkari Banglore Silk Colour Sarees Saree (CB85056),"Authentic 100% hand-painted Srikalahasti Pen Kalamkari pure silk saree (Code: CB85056). Handcrafted with bamboo pens and natural organic vegetable mineral dyes in Srikalahasti, Andhra Pradesh. Fabric: Banglore Silk Colour Sarees. Direct from Dhanalakshmi Kalamkari master artisans.",https://www.dhanalakshmikalamkari.in/?product=CB85056,https://lh3.googleusercontent.com/d/11IFuibSYijyVMsclbTYAjC8XSQlZAINh=w1200,in_stock,8500 INR,Dhanalakshmi Kalamkari,new,Apparel & Accessories > Clothing > Traditional & Ceremonial Clothing > Sarees
CB85057,Hand-Painted Srikalahasti Pen Kalamkari Banglore Silk Colour Sarees Saree (CB85057),"Authentic 100% hand-painted Srikalahasti Pen Kalamkari pure silk saree (Code: CB85057). Handcrafted with bamboo pens and natural organic vegetable mineral dyes in Srikalahasti, Andhra Pradesh. Fabric: Banglore Silk Colour Sarees. Direct from Dhanalakshmi Kalamkari master artisans.",https://www.dhanalakshmikalamkari.in/?product=CB85057,https://lh3.googleusercontent.com/d/1YD7mrdTb8wSd1JKkn7Mr2Zy87-ftpuUp=w1200,in_stock,8500 INR,Dhanalakshmi Kalamkari,new,Apparel & Accessories > Clothing > Traditional & Ceremonial Clothing > Sarees
CB85058,Hand-Painted Srikalahasti Pen Kalamkari Banglore Silk Colour Sarees Saree (CB85058),"Authentic 100% hand-painted Srikalahasti Pen Kalamkari pure silk saree (Code: CB85058). Handcrafted with bamboo pens and natural organic vegetable mineral dyes in Srikalahasti, Andhra Pradesh. Fabric: Banglore Silk Colour Sarees. Direct from Dhanalakshmi Kalamkari master artisans.",https://www.dhanalakshmikalamkari.in/?product=CB85058,https://lh3.googleusercontent.com/d/1avYOfHuLmV-WY1eL5vCxNlGB43x7T1f1=w1200,in_stock,8500 INR,Dhanalakshmi Kalamkari,new,Apparel & Accessories > Clothing > Traditional & Ceremonial Clothing > Sarees
CB85059,Hand-Painted Srikalahasti Pen Kalamkari Banglore Silk Colour Sarees Saree (CB85059),"Authentic 100% hand-painted Srikalahasti Pen Kalamkari pure silk saree (Code: CB85059). Handcrafted with bamboo pens and natural organic vegetable mineral dyes in Srikalahasti, Andhra Pradesh. Fabric: Banglore Silk Colour Sarees. Direct from Dhanalakshmi Kalamkari master artisans.",https://www.dhanalakshmikalamkari.in/?product=CB85059,https://lh3.googleusercontent.com/d/1LvDQlTshjSf2w5Q2gQvsaJHPd60Fe8_d=w1200,in_stock,8500 INR,Dhanalakshmi Kalamkari,new,Apparel & Accessories > Clothing > Traditional & Ceremonial Clothing > Sarees
CB85060,Hand-Painted Srikalahasti Pen Kalamkari Banglore Silk Colour Sarees Saree (CB85060),"Authentic 100% hand-painted Srikalahasti Pen Kalamkari pure silk saree (Code: CB85060). Handcrafted with bamboo pens and natural organic vegetable mineral dyes in Srikalahasti, Andhra Pradesh. Fabric: Banglore Silk Colour Sarees. Direct from Dhanalakshmi Kalamkari master artisans.",https://www.dhanalakshmikalamkari.in/?product=CB85060,https://lh3.googleusercontent.com/d/1EX87OgAidFThVnpjuB3VXP_6smH7d74p=w1200,in_stock,8500 INR,Dhanalakshmi Kalamkari,new,Apparel & Accessories > Clothing > Traditional & Ceremonial Clothing > Sarees
CB85061,Hand-Painted Srikalahasti Pen Kalamkari Banglore Silk Colour Sarees Saree (CB85061),"Authentic 100% hand-painted Srikalahasti Pen Kalamkari pure silk saree (Code: CB85061). Handcrafted with bamboo pens and natural organic vegetable mineral dyes in Srikalahasti, Andhra Pradesh. Fabric: Banglore Silk Colour Sarees. Direct from Dhanalakshmi Kalamkari master artisans.",https://www.dhanalakshmikalamkari.in/?product=CB85061,https://lh3.googleusercontent.com/d/1fjo_py_0hPbRxTEAsOBny2hpWm5Nrmif=w1200,in_stock,8500 INR,Dhanalakshmi Kalamkari,new,Apparel & Accessories > Clothing > Traditional & Ceremonial Clothing > Sarees
CB85062,Hand-Painted Srikalahasti Pen Kalamkari Banglore Silk Colour Sarees Saree (CB85062),"Authentic 100% hand-painted Srikalahasti Pen Kalamkari pure silk saree (Code: CB85062). Handcrafted with bamboo pens and natural organic vegetable mineral dyes in Srikalahasti, Andhra Pradesh. Fabric: Banglore Silk Colour Sarees. Direct from Dhanalakshmi Kalamkari master artisans.",https://www.dhanalakshmikalamkari.in/?product=CB85062,https://lh3.googleusercontent.com/d/1WuCtG10ecm_l9adQcRqfj0ncKof3502X=w1200,in_stock,8500 INR,Dhanalakshmi Kalamkari,new,Apparel & Accessories > Clothing > Traditional & Ceremonial Clothing > Sarees
CB85064,Hand-Painted Srikalahasti Pen Kalamkari Banglore Silk Colour Sarees Saree (CB85064),"Authentic 100% hand-painted Srikalahasti Pen Kalamkari pure silk saree (Code: CB85064). Handcrafted with bamboo pens and natural organic vegetable mineral dyes in Srikalahasti, Andhra Pradesh. Fabric: Banglore Silk Colour Sarees. Direct from Dhanalakshmi Kalamkari master artisans.",https://www.dhanalakshmikalamkari.in/?product=CB85064,https://lh3.googleusercontent.com/d/1uTicTLJNgoXzA3JnAyXfKO-wq2bYpoF3=w1200,in_stock,8500 INR,Dhanalakshmi Kalamkari,new,Apparel & Accessories > Clothing > Traditional & Ceremonial Clothing > Sarees
CB85065,Hand-Painted Srikalahasti Pen Kalamkari Banglore Silk Colour Sarees Saree (CB85065),"Authentic 100% hand-painted Srikalahasti Pen Kalamkari pure silk saree (Code: CB85065). Handcrafted with bamboo pens and natural organic vegetable mineral dyes in Srikalahasti, Andhra Pradesh. Fabric: Banglore Silk Colour Sarees. Direct from Dhanalakshmi Kalamkari master artisans.",https://www.dhanalakshmikalamkari.in/?product=CB85065,https://lh3.googleusercontent.com/d/1KQN6CclQHOKTp49xrhZX3Qx5wxFa3ohs=w1200,in_stock,8500 INR,Dhanalakshmi Kalamkari,new,Apparel & Accessories > Clothing > Traditional & Ceremonial Clothing > Sarees
CB85067,Hand-Painted Srikalahasti Pen Kalamkari Banglore Silk Colour Sarees Saree (CB85067),"Authentic 100% hand-painted Srikalahasti Pen Kalamkari pure silk saree (Code: CB85067). Handcrafted with bamboo pens and natural organic vegetable mineral dyes in Srikalahasti, Andhra Pradesh. Fabric: Banglore Silk Colour Sarees. Direct from Dhanalakshmi Kalamkari master artisans.",https://www.dhanalakshmikalamkari.in/?product=CB85067,https://lh3.googleusercontent.com/d/1Oi0-xRK0BqTyt36qYBD7NoXzYBDTy7l7=w1200,in_stock,8500 INR,Dhanalakshmi Kalamkari,new,Apparel & Accessories > Clothing > Traditional & Ceremonial Clothing > Sarees
CB85068,Hand-Painted Srikalahasti Pen Kalamkari Banglore Silk Colour Sarees Saree (CB85068),"Authentic 100% hand-painted Srikalahasti Pen Kalamkari pure silk saree (Code: CB85068). Handcrafted with bamboo pens and natural organic vegetable mineral dyes in Srikalahasti, Andhra Pradesh. Fabric: Banglore Silk Colour Sarees. Direct from Dhanalakshmi Kalamkari master artisans.",https://www.dhanalakshmikalamkari.in/?product=CB85068,https://lh3.googleusercontent.com/d/1MyB3_yWoknJh3QF6Cy2293vsM5jwYq_b=w1200,in_stock,8500 INR,Dhanalakshmi Kalamkari,new,Apparel & Accessories > Clothing > Traditional & Ceremonial Clothing > Sarees
CB85069,Hand-Painted Srikalahasti Pen Kalamkari Banglore Silk Colour Sarees Saree (CB85069),"Authentic 100% hand-painted Srikalahasti Pen Kalamkari pure silk saree (Code: CB85069). Handcrafted with bamboo pens and natural organic vegetable mineral dyes in Srikalahasti, Andhra Pradesh. Fabric: Banglore Silk Colour Sarees. Direct from Dhanalakshmi Kalamkari master artisans.",https://www.dhanalakshmikalamkari.in/?product=CB85069,https://lh3.googleusercontent.com/d/1LNKIa8iHe8gi2zs1ONW8NeFwD1wPLMA6=w1200,in_stock,8500 INR,Dhanalakshmi Kalamkari,new,Apparel & Accessories > Clothing > Traditional & Ceremonial Clothing > Sarees
CB85070,Hand-Painted Srikalahasti Pen Kalamkari Banglore Silk Colour Sarees Saree (CB85070),"Authentic 100% hand-painted Srikalahasti Pen Kalamkari pure silk saree (Code: CB85070). Handcrafted with bamboo pens and natural organic vegetable mineral dyes in Srikalahasti, Andhra Pradesh. Fabric: Banglore Silk Colour Sarees. Direct from Dhanalakshmi Kalamkari master artisans.",https://www.dhanalakshmikalamkari.in/?product=CB85070,https://lh3.googleusercontent.com/d/1YNoZ2LMcSNcU47Dq9p87Imy-iK8iEfJ2=w1200,in_stock,8500 INR,Dhanalakshmi Kalamkari,new,Apparel & Accessories > Clothing > Traditional & Ceremonial Clothing > Sarees
CCHE002,Hand-Painted Srikalahasti Pen Kalamkari Chennuri Silk black&white Sarees Saree (CCHE002),"Authentic 100% hand-painted Srikalahasti Pen Kalamkari pure silk saree (Code: CCHE002). Handcrafted with bamboo pens and natural organic vegetable mineral dyes in Srikalahasti, Andhra Pradesh. Fabric: Chennuri Silk black&white Sarees. Direct from Dhanalakshmi Kalamkari master artisans.",https://www.dhanalakshmikalamkari.in/?product=CCHE002,https://lh3.googleusercontent.com/d/1oeow-nwmC__f-MxW0pKNmtUZZG5TrZiR=w1200,in_stock,3500 INR,Dhanalakshmi Kalamkari,new,Apparel & Accessories > Clothing > Traditional & Ceremonial Clothing > Sarees
CPIS082,Hand-Painted Srikalahasti Pen Kalamkari Pure Ikkath Silk Sarees Saree (CPIS082),"Authentic 100% hand-painted Srikalahasti Pen Kalamkari pure silk saree (Code: CPIS082). Handcrafted with bamboo pens and natural organic vegetable mineral dyes in Srikalahasti, Andhra Pradesh. Fabric: Pure Ikkath Silk Sarees. Direct from Dhanalakshmi Kalamkari master artisans.",https://www.dhanalakshmikalamkari.in/?product=CPIS082,https://lh3.googleusercontent.com/d/1K4CQ6yhBdxs__4FAEIzfD_U5uB0suHv8=w1200,in_stock,34500 INR,Dhanalakshmi Kalamkari,new,Apparel & Accessories > Clothing > Traditional & Ceremonial Clothing > Sarees
CPIS038,Hand-Painted Srikalahasti Pen Kalamkari Pure Ikkath Silk Sarees Saree (CPIS038),"Authentic 100% hand-painted Srikalahasti Pen Kalamkari pure silk saree (Code: CPIS038). Handcrafted with bamboo pens and natural organic vegetable mineral dyes in Srikalahasti, Andhra Pradesh. Fabric: Pure Ikkath Silk Sarees. Direct from Dhanalakshmi Kalamkari master artisans.",https://www.dhanalakshmikalamkari.in/?product=CPIS038,https://lh3.googleusercontent.com/d/1-ZaDS8OuhJG6A76z90I88xVKAgVnMyVQ=w1200,in_stock,34500 INR,Dhanalakshmi Kalamkari,new,Apparel & Accessories > Clothing > Traditional & Ceremonial Clothing > Sarees
CPIS041,Hand-Painted Srikalahasti Pen Kalamkari Pure Ikkath Silk Sarees Saree (CPIS041),"Authentic 100% hand-painted Srikalahasti Pen Kalamkari pure silk saree (Code: CPIS041). Handcrafted with bamboo pens and natural organic vegetable mineral dyes in Srikalahasti, Andhra Pradesh. Fabric: Pure Ikkath Silk Sarees. Direct from Dhanalakshmi Kalamkari master artisans.",https://www.dhanalakshmikalamkari.in/?product=CPIS041,https://lh3.googleusercontent.com/d/1-Wr41lD2hTZSHPGoXRsomPf3bAKDnlr3=w1200,in_stock,34500 INR,Dhanalakshmi Kalamkari,new,Apparel & Accessories > Clothing > Traditional & Ceremonial Clothing > Sarees
CPIS042,Hand-Painted Srikalahasti Pen Kalamkari Pure Ikkath Silk Sarees Saree (CPIS042),"Authentic 100% hand-painted Srikalahasti Pen Kalamkari pure silk saree (Code: CPIS042). Handcrafted with bamboo pens and natural organic vegetable mineral dyes in Srikalahasti, Andhra Pradesh. Fabric: Pure Ikkath Silk Sarees. Direct from Dhanalakshmi Kalamkari master artisans.",https://www.dhanalakshmikalamkari.in/?product=CPIS042,https://lh3.googleusercontent.com/d/1oB8NKcFAX2j_oSmtcGK_pdTMzAGMDq7h=w1200,in_stock,34500 INR,Dhanalakshmi Kalamkari,new,Apparel & Accessories > Clothing > Traditional & Ceremonial Clothing > Sarees
CPIS043,Hand-Painted Srikalahasti Pen Kalamkari Pure Ikkath Silk Sarees Saree (CPIS043),"Authentic 100% hand-painted Srikalahasti Pen Kalamkari pure silk saree (Code: CPIS043). Handcrafted with bamboo pens and natural organic vegetable mineral dyes in Srikalahasti, Andhra Pradesh. Fabric: Pure Ikkath Silk Sarees. Direct from Dhanalakshmi Kalamkari master artisans.",https://www.dhanalakshmikalamkari.in/?product=CPIS043,https://lh3.googleusercontent.com/d/1lWQwV9BcjP1vDHrLEzUNkH0nmPZFvMAN=w1200,in_stock,34500 INR,Dhanalakshmi Kalamkari,new,Apparel & Accessories > Clothing > Traditional & Ceremonial Clothing > Sarees
CPIS044,Hand-Painted Srikalahasti Pen Kalamkari Pure Ikkath Silk Sarees Saree (CPIS044),"Authentic 100% hand-painted Srikalahasti Pen Kalamkari pure silk saree (Code: CPIS044). Handcrafted with bamboo pens and natural organic vegetable mineral dyes in Srikalahasti, Andhra Pradesh. Fabric: Pure Ikkath Silk Sarees. Direct from Dhanalakshmi Kalamkari master artisans.",https://www.dhanalakshmikalamkari.in/?product=CPIS044,https://lh3.googleusercontent.com/d/1VcEWPvn8NREjHsa8N3X0VsXyCVoWs_b0=w1200,in_stock,34500 INR,Dhanalakshmi Kalamkari,new,Apparel & Accessories > Clothing > Traditional & Ceremonial Clothing > Sarees
CPIS045,Hand-Painted Srikalahasti Pen Kalamkari Pure Ikkath Silk Sarees Saree (CPIS045),"Authentic 100% hand-painted Srikalahasti Pen Kalamkari pure silk saree (Code: CPIS045). Handcrafted with bamboo pens and natural organic vegetable mineral dyes in Srikalahasti, Andhra Pradesh. Fabric: Pure Ikkath Silk Sarees. Direct from Dhanalakshmi Kalamkari master artisans.",https://www.dhanalakshmikalamkari.in/?product=CPIS045,https://lh3.googleusercontent.com/d/1VrjUWUeEaYBR9ws1DSLyYNK37bLQd410=w1200,in_stock,34500 INR,Dhanalakshmi Kalamkari,new,Apparel & Accessories > Clothing > Traditional & Ceremonial Clothing > Sarees
CPIS083,Hand-Painted Srikalahasti Pen Kalamkari Pure Ikkath Silk Sarees Saree (CPIS083),"Authentic 100% hand-painted Srikalahasti Pen Kalamkari pure silk saree (Code: CPIS083). Handcrafted with bamboo pens and natural organic vegetable mineral dyes in Srikalahasti, Andhra Pradesh. Fabric: Pure Ikkath Silk Sarees. Direct from Dhanalakshmi Kalamkari master artisans.",https://www.dhanalakshmikalamkari.in/?product=CPIS083,https://lh3.googleusercontent.com/d/1dAXCQlaaEo41oitWF-AVOfsudPOrETi4=w1200,in_stock,27500 INR,Dhanalakshmi Kalamkari,new,Apparel & Accessories > Clothing > Traditional & Ceremonial Clothing > Sarees
CPIS080,Hand-Painted Srikalahasti Pen Kalamkari Pure Ikkath Silk Sarees Saree (CPIS080),"Authentic 100% hand-painted Srikalahasti Pen Kalamkari pure silk saree (Code: CPIS080). Handcrafted with bamboo pens and natural organic vegetable mineral dyes in Srikalahasti, Andhra Pradesh. Fabric: Pure Ikkath Silk Sarees. Direct from Dhanalakshmi Kalamkari master artisans.",https://www.dhanalakshmikalamkari.in/?product=CPIS080,https://lh3.googleusercontent.com/d/1EmhDwjxi3oes_8ec5ZojtdSyx7bkRZZv=w1200,in_stock,27500 INR,Dhanalakshmi Kalamkari,new,Apparel & Accessories > Clothing > Traditional & Ceremonial Clothing > Sarees
CPIS078,Hand-Painted Srikalahasti Pen Kalamkari Pure Ikkath Silk Sarees Saree (CPIS078),"Authentic 100% hand-painted Srikalahasti Pen Kalamkari pure silk saree (Code: CPIS078). Handcrafted with bamboo pens and natural organic vegetable mineral dyes in Srikalahasti, Andhra Pradesh. Fabric: Pure Ikkath Silk Sarees. Direct from Dhanalakshmi Kalamkari master artisans.",https://www.dhanalakshmikalamkari.in/?product=CPIS078,https://lh3.googleusercontent.com/d/1xr17Z34fI49MJip3Iu2Mw3oJkO8Nr7Y4=w1200,in_stock,27500 INR,Dhanalakshmi Kalamkari,new,Apparel & Accessories > Clothing > Traditional & Ceremonial Clothing > Sarees
CPIS079,Hand-Painted Srikalahasti Pen Kalamkari Pure Ikkath Silk Sarees Saree (CPIS079),"Authentic 100% hand-painted Srikalahasti Pen Kalamkari pure silk saree (Code: CPIS079). Handcrafted with bamboo pens and natural organic vegetable mineral dyes in Srikalahasti, Andhra Pradesh. Fabric: Pure Ikkath Silk Sarees. Direct from Dhanalakshmi Kalamkari master artisans.",https://www.dhanalakshmikalamkari.in/?product=CPIS079,https://lh3.googleusercontent.com/d/1LlPFKgFYgDsAjI7hCCd6hE9jjH-92boQ=w1200,in_stock,27500 INR,Dhanalakshmi Kalamkari,new,Apparel & Accessories > Clothing > Traditional & Ceremonial Clothing > Sarees
CPIS073,Hand-Painted Srikalahasti Pen Kalamkari Pure Ikkath Silk Sarees Saree (CPIS073),"Authentic 100% hand-painted Srikalahasti Pen Kalamkari pure silk saree (Code: CPIS073). Handcrafted with bamboo pens and natural organic vegetable mineral dyes in Srikalahasti, Andhra Pradesh. Fabric: Pure Ikkath Silk Sarees. Direct from Dhanalakshmi Kalamkari master artisans.",https://www.dhanalakshmikalamkari.in/?product=CPIS073,https://lh3.googleusercontent.com/d/1g1TXOcBjiKrlHzee3BlylGe6jE1hPNNG=w1200,in_stock,27500 INR,Dhanalakshmi Kalamkari,new,Apparel & Accessories > Clothing > Traditional & Ceremonial Clothing > Sarees
CPIS074,Hand-Painted Srikalahasti Pen Kalamkari Pure Ikkath Silk Sarees Saree (CPIS074),"Authentic 100% hand-painted Srikalahasti Pen Kalamkari pure silk saree (Code: CPIS074). Handcrafted with bamboo pens and natural organic vegetable mineral dyes in Srikalahasti, Andhra Pradesh. Fabric: Pure Ikkath Silk Sarees. Direct from Dhanalakshmi Kalamkari master artisans.",https://www.dhanalakshmikalamkari.in/?product=CPIS074,https://lh3.googleusercontent.com/d/1JId3V6PjWFC1PCJGirCeio8_rUdW29N0=w1200,in_stock,27500 INR,Dhanalakshmi Kalamkari,new,Apparel & Accessories > Clothing > Traditional & Ceremonial Clothing > Sarees
CPIS075,Hand-Painted Srikalahasti Pen Kalamkari Pure Ikkath Silk Sarees Saree (CPIS075),"Authentic 100% hand-painted Srikalahasti Pen Kalamkari pure silk saree (Code: CPIS075). Handcrafted with bamboo pens and natural organic vegetable mineral dyes in Srikalahasti, Andhra Pradesh. Fabric: Pure Ikkath Silk Sarees. Direct from Dhanalakshmi Kalamkari master artisans.",https://www.dhanalakshmikalamkari.in/?product=CPIS075,https://lh3.googleusercontent.com/d/1oDl6IUW7ezMx3SNeiKHdc4Fvs4wC_LuP=w1200,in_stock,27500 INR,Dhanalakshmi Kalamkari,new,Apparel & Accessories > Clothing > Traditional & Ceremonial Clothing > Sarees
CPIS076,Hand-Painted Srikalahasti Pen Kalamkari Pure Ikkath Silk Sarees Saree (CPIS076),"Authentic 100% hand-painted Srikalahasti Pen Kalamkari pure silk saree (Code: CPIS076). Handcrafted with bamboo pens and natural organic vegetable mineral dyes in Srikalahasti, Andhra Pradesh. Fabric: Pure Ikkath Silk Sarees. Direct from Dhanalakshmi Kalamkari master artisans.",https://www.dhanalakshmikalamkari.in/?product=CPIS076,https://lh3.googleusercontent.com/d/13sdrYh4TUFcZgE-Dlng0cYf1MvX8kQ7D=w1200,in_stock,27500 INR,Dhanalakshmi Kalamkari,new,Apparel & Accessories > Clothing > Traditional & Ceremonial Clothing > Sarees
CPIS071,Hand-Painted Srikalahasti Pen Kalamkari Pure Ikkath Silk Sarees Saree (CPIS071),"Authentic 100% hand-painted Srikalahasti Pen Kalamkari pure silk saree (Code: CPIS071). Handcrafted with bamboo pens and natural organic vegetable mineral dyes in Srikalahasti, Andhra Pradesh. Fabric: Pure Ikkath Silk Sarees. Direct from Dhanalakshmi Kalamkari master artisans.",https://www.dhanalakshmikalamkari.in/?product=CPIS071,https://lh3.googleusercontent.com/d/1UUI_fiNj0gQXV8s_f2LpCXW9-ezZIdrD=w1200,in_stock,27500 INR,Dhanalakshmi Kalamkari,new,Apparel & Accessories > Clothing > Traditional & Ceremonial Clothing > Sarees
CPIS072,Hand-Painted Srikalahasti Pen Kalamkari Pure Ikkath Silk Sarees Saree (CPIS072),"Authentic 100% hand-painted Srikalahasti Pen Kalamkari pure silk saree (Code: CPIS072). Handcrafted with bamboo pens and natural organic vegetable mineral dyes in Srikalahasti, Andhra Pradesh. Fabric: Pure Ikkath Silk Sarees. Direct from Dhanalakshmi Kalamkari master artisans.",https://www.dhanalakshmikalamkari.in/?product=CPIS072,https://lh3.googleusercontent.com/d/1EwY24KYR2NEQvblTBkr0rTHyVddIS3Vp=w1200,in_stock,27500 INR,Dhanalakshmi Kalamkari,new,Apparel & Accessories > Clothing > Traditional & Ceremonial Clothing > Sarees
CPIS062,Hand-Painted Srikalahasti Pen Kalamkari Pure Ikkath Silk Sarees Saree (CPIS062),"Authentic 100% hand-painted Srikalahasti Pen Kalamkari pure silk saree (Code: CPIS062). Handcrafted with bamboo pens and natural organic vegetable mineral dyes in Srikalahasti, Andhra Pradesh. Fabric: Pure Ikkath Silk Sarees. Direct from Dhanalakshmi Kalamkari master artisans.",https://www.dhanalakshmikalamkari.in/?product=CPIS062,https://lh3.googleusercontent.com/d/1Y5XVigiYYZz1-74n5TB7sWQuKVcjbGZY=w1200,in_stock,27500 INR,Dhanalakshmi Kalamkari,new,Apparel & Accessories > Clothing > Traditional & Ceremonial Clothing > Sarees
CPIS063,Hand-Painted Srikalahasti Pen Kalamkari Pure Ikkath Silk Sarees Saree (CPIS063),"Authentic 100% hand-painted Srikalahasti Pen Kalamkari pure silk saree (Code: CPIS063). Handcrafted with bamboo pens and natural organic vegetable mineral dyes in Srikalahasti, Andhra Pradesh. Fabric: Pure Ikkath Silk Sarees. Direct from Dhanalakshmi Kalamkari master artisans.",https://www.dhanalakshmikalamkari.in/?product=CPIS063,https://lh3.googleusercontent.com/d/1Pn3eIdPHG094ysiQis9w22vp9hPnaUrc=w1200,in_stock,27500 INR,Dhanalakshmi Kalamkari,new,Apparel & Accessories > Clothing > Traditional & Ceremonial Clothing > Sarees
CPIS048,Hand-Painted Srikalahasti Pen Kalamkari Pure Ikkath Silk Sarees Saree (CPIS048),"Authentic 100% hand-painted Srikalahasti Pen Kalamkari pure silk saree (Code: CPIS048). Handcrafted with bamboo pens and natural organic vegetable mineral dyes in Srikalahasti, Andhra Pradesh. Fabric: Pure Ikkath Silk Sarees. Direct from Dhanalakshmi Kalamkari master artisans.",https://www.dhanalakshmikalamkari.in/?product=CPIS048,https://lh3.googleusercontent.com/d/1-cztuDlxZAj8FYGg7WAnT2LMtHozP9Aa=w1200,in_stock,27500 INR,Dhanalakshmi Kalamkari,new,Apparel & Accessories > Clothing > Traditional & Ceremonial Clothing > Sarees
CPIS065,Hand-Painted Srikalahasti Pen Kalamkari Pure Ikkath Silk Sarees Saree (CPIS065),"Authentic 100% hand-painted Srikalahasti Pen Kalamkari pure silk saree (Code: CPIS065). Handcrafted with bamboo pens and natural organic vegetable mineral dyes in Srikalahasti, Andhra Pradesh. Fabric: Pure Ikkath Silk Sarees. Direct from Dhanalakshmi Kalamkari master artisans.",https://www.dhanalakshmikalamkari.in/?product=CPIS065,https://lh3.googleusercontent.com/d/1o-ck6h-PRP2t_p9A8hJ2VFDvnzO0bvOU=w1200,in_stock,27500 INR,Dhanalakshmi Kalamkari,new,Apparel & Accessories > Clothing > Traditional & Ceremonial Clothing > Sarees
CPIS054,Hand-Painted Srikalahasti Pen Kalamkari Pure Ikkath Silk Sarees Saree (CPIS054),"Authentic 100% hand-painted Srikalahasti Pen Kalamkari pure silk saree (Code: CPIS054). Handcrafted with bamboo pens and natural organic vegetable mineral dyes in Srikalahasti, Andhra Pradesh. Fabric: Pure Ikkath Silk Sarees. Direct from Dhanalakshmi Kalamkari master artisans.",https://www.dhanalakshmikalamkari.in/?product=CPIS054,https://lh3.googleusercontent.com/d/1FNJZcaASOJ_aqP_pL9SeHSVRd2EiDO8f=w1200,in_stock,27500 INR,Dhanalakshmi Kalamkari,new,Apparel & Accessories > Clothing > Traditional & Ceremonial Clothing > Sarees
CPIS055,Hand-Painted Srikalahasti Pen Kalamkari Pure Ikkath Silk Sarees Saree (CPIS055),"Authentic 100% hand-painted Srikalahasti Pen Kalamkari pure silk saree (Code: CPIS055). Handcrafted with bamboo pens and natural organic vegetable mineral dyes in Srikalahasti, Andhra Pradesh. Fabric: Pure Ikkath Silk Sarees. Direct from Dhanalakshmi Kalamkari master artisans.",https://www.dhanalakshmikalamkari.in/?product=CPIS055,https://lh3.googleusercontent.com/d/1SptKD0gxYe9mt9D1KqT66n4ZhEW2xg5y=w1200,in_stock,27500 INR,Dhanalakshmi Kalamkari,new,Apparel & Accessories > Clothing > Traditional & Ceremonial Clothing > Sarees
CPIS056,Hand-Painted Srikalahasti Pen Kalamkari Pure Ikkath Silk Sarees Saree (CPIS056),"Authentic 100% hand-painted Srikalahasti Pen Kalamkari pure silk saree (Code: CPIS056). Handcrafted with bamboo pens and natural organic vegetable mineral dyes in Srikalahasti, Andhra Pradesh. Fabric: Pure Ikkath Silk Sarees. Direct from Dhanalakshmi Kalamkari master artisans.",https://www.dhanalakshmikalamkari.in/?product=CPIS056,https://lh3.googleusercontent.com/d/1xRuLJ1HDctEqBo1Ov06IdulLFfQMt9bB=w1200,in_stock,27500 INR,Dhanalakshmi Kalamkari,new,Apparel & Accessories > Clothing > Traditional & Ceremonial Clothing > Sarees
CPIS057,Hand-Painted Srikalahasti Pen Kalamkari Pure Ikkath Silk Sarees Saree (CPIS057),"Authentic 100% hand-painted Srikalahasti Pen Kalamkari pure silk saree (Code: CPIS057). Handcrafted with bamboo pens and natural organic vegetable mineral dyes in Srikalahasti, Andhra Pradesh. Fabric: Pure Ikkath Silk Sarees. Direct from Dhanalakshmi Kalamkari master artisans.",https://www.dhanalakshmikalamkari.in/?product=CPIS057,https://lh3.googleusercontent.com/d/1_yHqcHd9I6tQjcM1s1KyLE4wJm2KPPYH=w1200,in_stock,27500 INR,Dhanalakshmi Kalamkari,new,Apparel & Accessories > Clothing > Traditional & Ceremonial Clothing > Sarees
CPIS058,Hand-Painted Srikalahasti Pen Kalamkari Pure Ikkath Silk Sarees Saree (CPIS058),"Authentic 100% hand-painted Srikalahasti Pen Kalamkari pure silk saree (Code: CPIS058). Handcrafted with bamboo pens and natural organic vegetable mineral dyes in Srikalahasti, Andhra Pradesh. Fabric: Pure Ikkath Silk Sarees. Direct from Dhanalakshmi Kalamkari master artisans.",https://www.dhanalakshmikalamkari.in/?product=CPIS058,https://lh3.googleusercontent.com/d/1WPuDKXhUK-kl2As56bdnq6epyC6IPt4d=w1200,in_stock,27500 INR,Dhanalakshmi Kalamkari,new,Apparel & Accessories > Clothing > Traditional & Ceremonial Clothing > Sarees
CPIS059,Hand-Painted Srikalahasti Pen Kalamkari Pure Ikkath Silk Sarees Saree (CPIS059),"Authentic 100% hand-painted Srikalahasti Pen Kalamkari pure silk saree (Code: CPIS059). Handcrafted with bamboo pens and natural organic vegetable mineral dyes in Srikalahasti, Andhra Pradesh. Fabric: Pure Ikkath Silk Sarees. Direct from Dhanalakshmi Kalamkari master artisans.",https://www.dhanalakshmikalamkari.in/?product=CPIS059,https://lh3.googleusercontent.com/d/1iaVhsWabn_eeEmh3DgDvA0yGWDsWaXyY=w1200,in_stock,27500 INR,Dhanalakshmi Kalamkari,new,Apparel & Accessories > Clothing > Traditional & Ceremonial Clothing > Sarees
CPIS060,Hand-Painted Srikalahasti Pen Kalamkari Pure Ikkath Silk Sarees Saree (CPIS060),"Authentic 100% hand-painted Srikalahasti Pen Kalamkari pure silk saree (Code: CPIS060). Handcrafted with bamboo pens and natural organic vegetable mineral dyes in Srikalahasti, Andhra Pradesh. Fabric: Pure Ikkath Silk Sarees. Direct from Dhanalakshmi Kalamkari master artisans.",https://www.dhanalakshmikalamkari.in/?product=CPIS060,https://lh3.googleusercontent.com/d/1zV_zVp3FqOEfsP7uO7LonaFwoWkEjOcU=w1200,in_stock,27500 INR,Dhanalakshmi Kalamkari,new,Apparel & Accessories > Clothing > Traditional & Ceremonial Clothing > Sarees
CPIS061,Hand-Painted Srikalahasti Pen Kalamkari Pure Ikkath Silk Sarees Saree (CPIS061),"Authentic 100% hand-painted Srikalahasti Pen Kalamkari pure silk saree (Code: CPIS061). Handcrafted with bamboo pens and natural organic vegetable mineral dyes in Srikalahasti, Andhra Pradesh. Fabric: Pure Ikkath Silk Sarees. Direct from Dhanalakshmi Kalamkari master artisans.",https://www.dhanalakshmikalamkari.in/?product=CPIS061,https://lh3.googleusercontent.com/d/1CYEVpoMVBnNXzz0XpZTNEVmI4psIklW_=w1200,in_stock,27500 INR,Dhanalakshmi Kalamkari,new,Apparel & Accessories > Clothing > Traditional & Ceremonial Clothing > Sarees
CPKS183,Hand-Painted Srikalahasti Pen Kalamkari Pure Kanchipuram Silk Sarees Saree (CPKS183),"Authentic 100% hand-painted Srikalahasti Pen Kalamkari pure silk saree (Code: CPKS183). Handcrafted with bamboo pens and natural organic vegetable mineral dyes in Srikalahasti, Andhra Pradesh. Fabric: Pure Kanchipuram Silk Sarees. Direct from Dhanalakshmi Kalamkari master artisans.",https://www.dhanalakshmikalamkari.in/?product=CPKS183,https://lh3.googleusercontent.com/d/1-MRySfLsj-V_ECmKQ_qP-eX4mEtFTZjS=w1200,in_stock,34500 INR,Dhanalakshmi Kalamkari,new,Apparel & Accessories > Clothing > Traditional & Ceremonial Clothing > Sarees
CPKS171,Hand-Painted Srikalahasti Pen Kalamkari Pure Kanchipuram Silk Sarees Saree (CPKS171),"Authentic 100% hand-painted Srikalahasti Pen Kalamkari pure silk saree (Code: CPKS171). Handcrafted with bamboo pens and natural organic vegetable mineral dyes in Srikalahasti, Andhra Pradesh. Fabric: Pure Kanchipuram Silk Sarees. Direct from Dhanalakshmi Kalamkari master artisans.",https://www.dhanalakshmikalamkari.in/?product=CPKS171,https://lh3.googleusercontent.com/d/1kl2Op-BYto3UoJBvTZFjV78qz_aQ5O4T=w1200,in_stock,34500 INR,Dhanalakshmi Kalamkari,new,Apparel & Accessories > Clothing > Traditional & Ceremonial Clothing > Sarees
CPKS172,Hand-Painted Srikalahasti Pen Kalamkari Pure Kanchipuram Silk Sarees Saree (CPKS172),"Authentic 100% hand-painted Srikalahasti Pen Kalamkari pure silk saree (Code: CPKS172). Handcrafted with bamboo pens and natural organic vegetable mineral dyes in Srikalahasti, Andhra Pradesh. Fabric: Pure Kanchipuram Silk Sarees. Direct from Dhanalakshmi Kalamkari master artisans.",https://www.dhanalakshmikalamkari.in/?product=CPKS172,https://lh3.googleusercontent.com/d/1-2j_qJ-ZdCUwxsqDcHnhSfIe5xghLtKF=w1200,in_stock,34500 INR,Dhanalakshmi Kalamkari,new,Apparel & Accessories > Clothing > Traditional & Ceremonial Clothing > Sarees
CPKS165,Hand-Painted Srikalahasti Pen Kalamkari Pure Kanchipuram Silk Sarees Saree (CPKS165),"Authentic 100% hand-painted Srikalahasti Pen Kalamkari pure silk saree (Code: CPKS165). Handcrafted with bamboo pens and natural organic vegetable mineral dyes in Srikalahasti, Andhra Pradesh. Fabric: Pure Kanchipuram Silk Sarees. Direct from Dhanalakshmi Kalamkari master artisans.",https://www.dhanalakshmikalamkari.in/?product=CPKS165,https://lh3.googleusercontent.com/d/1fojKgeQt2B-tZdeaQ0hINeKPmVf8RHKe=w1200,in_stock,34500 INR,Dhanalakshmi Kalamkari,new,Apparel & Accessories > Clothing > Traditional & Ceremonial Clothing > Sarees
CPKS153,Hand-Painted Srikalahasti Pen Kalamkari Pure Kanchipuram Silk Sarees Saree (CPKS153),"Authentic 100% hand-painted Srikalahasti Pen Kalamkari pure silk saree (Code: CPKS153). Handcrafted with bamboo pens and natural organic vegetable mineral dyes in Srikalahasti, Andhra Pradesh. Fabric: Pure Kanchipuram Silk Sarees. Direct from Dhanalakshmi Kalamkari master artisans.",https://www.dhanalakshmikalamkari.in/?product=CPKS153,https://lh3.googleusercontent.com/d/1KsfyRDQh3xNX5IEG0pJKkJBE6kmgTSov=w1200,in_stock,34500 INR,Dhanalakshmi Kalamkari,new,Apparel & Accessories > Clothing > Traditional & Ceremonial Clothing > Sarees
CPKS144,Hand-Painted Srikalahasti Pen Kalamkari Pure Kanchipuram Silk Sarees Saree (CPKS144),"Authentic 100% hand-painted Srikalahasti Pen Kalamkari pure silk saree (Code: CPKS144). Handcrafted with bamboo pens and natural organic vegetable mineral dyes in Srikalahasti, Andhra Pradesh. Fabric: Pure Kanchipuram Silk Sarees. Direct from Dhanalakshmi Kalamkari master artisans.",https://www.dhanalakshmikalamkari.in/?product=CPKS144,https://lh3.googleusercontent.com/d/1j3wqnppTL7C_LMt57rpPYxpnk7JPiAEr=w1200,in_stock,34500 INR,Dhanalakshmi Kalamkari,new,Apparel & Accessories > Clothing > Traditional & Ceremonial Clothing > Sarees
CPKS098,Hand-Painted Srikalahasti Pen Kalamkari Pure Kanchipuram Silk Sarees Saree (CPKS098),"Authentic 100% hand-painted Srikalahasti Pen Kalamkari pure silk saree (Code: CPKS098). Handcrafted with bamboo pens and natural organic vegetable mineral dyes in Srikalahasti, Andhra Pradesh. Fabric: Pure Kanchipuram Silk Sarees. Direct from Dhanalakshmi Kalamkari master artisans.",https://www.dhanalakshmikalamkari.in/?product=CPKS098,https://lh3.googleusercontent.com/d/1BdBoSt_MVkplwEZFaNJyVXtLjd9Q1EBU=w1200,in_stock,34500 INR,Dhanalakshmi Kalamkari,new,Apparel & Accessories > Clothing > Traditional & Ceremonial Clothing > Sarees
CPKS099,Hand-Painted Srikalahasti Pen Kalamkari Pure Kanchipuram Silk Sarees Saree (CPKS099),"Authentic 100% hand-painted Srikalahasti Pen Kalamkari pure silk saree (Code: CPKS099). Handcrafted with bamboo pens and natural organic vegetable mineral dyes in Srikalahasti, Andhra Pradesh. Fabric: Pure Kanchipuram Silk Sarees. Direct from Dhanalakshmi Kalamkari master artisans.",https://www.dhanalakshmikalamkari.in/?product=CPKS099,https://lh3.googleusercontent.com/d/1Ay6bsUaEZbHLcMKttyBGAVRFWbRBDXGv=w1200,in_stock,34500 INR,Dhanalakshmi Kalamkari,new,Apparel & Accessories > Clothing > Traditional & Ceremonial Clothing > Sarees
CPKS100,Hand-Painted Srikalahasti Pen Kalamkari Pure Kanchipuram Silk Sarees Saree (CPKS100),"Authentic 100% hand-painted Srikalahasti Pen Kalamkari pure silk saree (Code: CPKS100). Handcrafted with bamboo pens and natural organic vegetable mineral dyes in Srikalahasti, Andhra Pradesh. Fabric: Pure Kanchipuram Silk Sarees. Direct from Dhanalakshmi Kalamkari master artisans.",https://www.dhanalakshmikalamkari.in/?product=CPKS100,https://lh3.googleusercontent.com/d/12webXutmlV0UBGMA80FjaChiGSoGYH2T=w1200,in_stock,34500 INR,Dhanalakshmi Kalamkari,new,Apparel & Accessories > Clothing > Traditional & Ceremonial Clothing > Sarees
CPKS101,Hand-Painted Srikalahasti Pen Kalamkari Pure Kanchipuram Silk Sarees Saree (CPKS101),"Authentic 100% hand-painted Srikalahasti Pen Kalamkari pure silk saree (Code: CPKS101). Handcrafted with bamboo pens and natural organic vegetable mineral dyes in Srikalahasti, Andhra Pradesh. Fabric: Pure Kanchipuram Silk Sarees. Direct from Dhanalakshmi Kalamkari master artisans.",https://www.dhanalakshmikalamkari.in/?product=CPKS101,https://lh3.googleusercontent.com/d/17GOfydCpZaHf102LSHh81DHdLrIY_Sok=w1200,in_stock,34500 INR,Dhanalakshmi Kalamkari,new,Apparel & Accessories > Clothing > Traditional & Ceremonial Clothing > Sarees
CPKS104,Hand-Painted Srikalahasti Pen Kalamkari Pure Kanchipuram Silk Sarees Saree (CPKS104),"Authentic 100% hand-painted Srikalahasti Pen Kalamkari pure silk saree (Code: CPKS104). Handcrafted with bamboo pens and natural organic vegetable mineral dyes in Srikalahasti, Andhra Pradesh. Fabric: Pure Kanchipuram Silk Sarees. Direct from Dhanalakshmi Kalamkari master artisans.",https://www.dhanalakshmikalamkari.in/?product=CPKS104,https://lh3.googleusercontent.com/d/1vgP1aJ-9S0dbXyHOuYwEB2tOPT_ILlj1=w1200,in_stock,34500 INR,Dhanalakshmi Kalamkari,new,Apparel & Accessories > Clothing > Traditional & Ceremonial Clothing > Sarees
CPKS105,Hand-Painted Srikalahasti Pen Kalamkari Pure Kanchipuram Silk Sarees Saree (CPKS105),"Authentic 100% hand-painted Srikalahasti Pen Kalamkari pure silk saree (Code: CPKS105). Handcrafted with bamboo pens and natural organic vegetable mineral dyes in Srikalahasti, Andhra Pradesh. Fabric: Pure Kanchipuram Silk Sarees. Direct from Dhanalakshmi Kalamkari master artisans.",https://www.dhanalakshmikalamkari.in/?product=CPKS105,https://lh3.googleusercontent.com/d/1-CJRXpgKaGFtfu6puHxNi4RUlvhm7IhI=w1200,in_stock,34500 INR,Dhanalakshmi Kalamkari,new,Apparel & Accessories > Clothing > Traditional & Ceremonial Clothing > Sarees
CPKS106,Hand-Painted Srikalahasti Pen Kalamkari Pure Kanchipuram Silk Sarees Saree (CPKS106),"Authentic 100% hand-painted Srikalahasti Pen Kalamkari pure silk saree (Code: CPKS106). Handcrafted with bamboo pens and natural organic vegetable mineral dyes in Srikalahasti, Andhra Pradesh. Fabric: Pure Kanchipuram Silk Sarees. Direct from Dhanalakshmi Kalamkari master artisans.",https://www.dhanalakshmikalamkari.in/?product=CPKS106,https://lh3.googleusercontent.com/d/1VesvNx8jOtzTNuF8Ub1ZUjVmqScyDgPm=w1200,in_stock,34500 INR,Dhanalakshmi Kalamkari,new,Apparel & Accessories > Clothing > Traditional & Ceremonial Clothing > Sarees
CPKS107,Hand-Painted Srikalahasti Pen Kalamkari Pure Kanchipuram Silk Sarees Saree (CPKS107),"Authentic 100% hand-painted Srikalahasti Pen Kalamkari pure silk saree (Code: CPKS107). Handcrafted with bamboo pens and natural organic vegetable mineral dyes in Srikalahasti, Andhra Pradesh. Fabric: Pure Kanchipuram Silk Sarees. Direct from Dhanalakshmi Kalamkari master artisans.",https://www.dhanalakshmikalamkari.in/?product=CPKS107,https://lh3.googleusercontent.com/d/1QhmODoUjHy7RSmGuzfizE5Or2KvgZCsx=w1200,in_stock,34500 INR,Dhanalakshmi Kalamkari,new,Apparel & Accessories > Clothing > Traditional & Ceremonial Clothing > Sarees
CPKS108,Hand-Painted Srikalahasti Pen Kalamkari Pure Kanchipuram Silk Sarees Saree (CPKS108),"Authentic 100% hand-painted Srikalahasti Pen Kalamkari pure silk saree (Code: CPKS108). Handcrafted with bamboo pens and natural organic vegetable mineral dyes in Srikalahasti, Andhra Pradesh. Fabric: Pure Kanchipuram Silk Sarees. Direct from Dhanalakshmi Kalamkari master artisans.",https://www.dhanalakshmikalamkari.in/?product=CPKS108,https://lh3.googleusercontent.com/d/1sRNdabz_oodltf-P9hb4TnT7bZvrsw0N=w1200,in_stock,34500 INR,Dhanalakshmi Kalamkari,new,Apparel & Accessories > Clothing > Traditional & Ceremonial Clothing > Sarees
CPKS109,Hand-Painted Srikalahasti Pen Kalamkari Pure Kanchipuram Silk Sarees Saree (CPKS109),"Authentic 100% hand-painted Srikalahasti Pen Kalamkari pure silk saree (Code: CPKS109). Handcrafted with bamboo pens and natural organic vegetable mineral dyes in Srikalahasti, Andhra Pradesh. Fabric: Pure Kanchipuram Silk Sarees. Direct from Dhanalakshmi Kalamkari master artisans.",https://www.dhanalakshmikalamkari.in/?product=CPKS109,https://lh3.googleusercontent.com/d/11n8lpFWKvYCIgk-z6n7ET5J9_aoBZPBR=w1200,in_stock,34500 INR,Dhanalakshmi Kalamkari,new,Apparel & Accessories > Clothing > Traditional & Ceremonial Clothing > Sarees
CPKS184,Hand-Painted Srikalahasti Pen Kalamkari Pure Kanchipuram Silk Sarees Saree (CPKS184),"Authentic 100% hand-painted Srikalahasti Pen Kalamkari pure silk saree (Code: CPKS184). Handcrafted with bamboo pens and natural organic vegetable mineral dyes in Srikalahasti, Andhra Pradesh. Fabric: Pure Kanchipuram Silk Sarees. Direct from Dhanalakshmi Kalamkari master artisans.",https://www.dhanalakshmikalamkari.in/?product=CPKS184,https://lh3.googleusercontent.com/d/1RPKx_KKHkxEncTt2nfeZ6lVG715FDIF_=w1200,in_stock,26500 INR,Dhanalakshmi Kalamkari,new,Apparel & Accessories > Clothing > Traditional & Ceremonial Clothing > Sarees
CPKS185,Hand-Painted Srikalahasti Pen Kalamkari Pure Kanchipuram Silk Sarees Saree (CPKS185),"Authentic 100% hand-painted Srikalahasti Pen Kalamkari pure silk saree (Code: CPKS185). Handcrafted with bamboo pens and natural organic vegetable mineral dyes in Srikalahasti, Andhra Pradesh. Fabric: Pure Kanchipuram Silk Sarees. Direct from Dhanalakshmi Kalamkari master artisans.",https://www.dhanalakshmikalamkari.in/?product=CPKS185,https://lh3.googleusercontent.com/d/1MjcfXbUHkSVIH4guJjeMbcZPCSxPCuOn=w1200,in_stock,26500 INR,Dhanalakshmi Kalamkari,new,Apparel & Accessories > Clothing > Traditional & Ceremonial Clothing > Sarees
CPKS186,Hand-Painted Srikalahasti Pen Kalamkari Pure Kanchipuram Silk Sarees Saree (CPKS186),"Authentic 100% hand-painted Srikalahasti Pen Kalamkari pure silk saree (Code: CPKS186). Handcrafted with bamboo pens and natural organic vegetable mineral dyes in Srikalahasti, Andhra Pradesh. Fabric: Pure Kanchipuram Silk Sarees. Direct from Dhanalakshmi Kalamkari master artisans.",https://www.dhanalakshmikalamkari.in/?product=CPKS186,https://lh3.googleusercontent.com/d/19hcXgoh24TX0vRHiaHOKDZZtVbY4Xlrv=w1200,in_stock,26500 INR,Dhanalakshmi Kalamkari,new,Apparel & Accessories > Clothing > Traditional & Ceremonial Clothing > Sarees
CPKS187,Hand-Painted Srikalahasti Pen Kalamkari Pure Kanchipuram Silk Sarees Saree (CPKS187),"Authentic 100% hand-painted Srikalahasti Pen Kalamkari pure silk saree (Code: CPKS187). Handcrafted with bamboo pens and natural organic vegetable mineral dyes in Srikalahasti, Andhra Pradesh. Fabric: Pure Kanchipuram Silk Sarees. Direct from Dhanalakshmi Kalamkari master artisans.",https://www.dhanalakshmikalamkari.in/?product=CPKS187,https://lh3.googleusercontent.com/d/18wTQOB2vgMACfsldOpvHF8DWqveQqOke=w1200,in_stock,26500 INR,Dhanalakshmi Kalamkari,new,Apparel & Accessories > Clothing > Traditional & Ceremonial Clothing > Sarees
CPKS188,Hand-Painted Srikalahasti Pen Kalamkari Pure Kanchipuram Silk Sarees Saree (CPKS188),"Authentic 100% hand-painted Srikalahasti Pen Kalamkari pure silk saree (Code: CPKS188). Handcrafted with bamboo pens and natural organic vegetable mineral dyes in Srikalahasti, Andhra Pradesh. Fabric: Pure Kanchipuram Silk Sarees. Direct from Dhanalakshmi Kalamkari master artisans.",https://www.dhanalakshmikalamkari.in/?product=CPKS188,https://lh3.googleusercontent.com/d/17MM9iF6K_pxCtvPlT8CayE1RZ5IgaC_3=w1200,in_stock,26500 INR,Dhanalakshmi Kalamkari,new,Apparel & Accessories > Clothing > Traditional & Ceremonial Clothing > Sarees
CPKS189,Hand-Painted Srikalahasti Pen Kalamkari Pure Kanchipuram Silk Sarees Saree (CPKS189),"Authentic 100% hand-painted Srikalahasti Pen Kalamkari pure silk saree (Code: CPKS189). Handcrafted with bamboo pens and natural organic vegetable mineral dyes in Srikalahasti, Andhra Pradesh. Fabric: Pure Kanchipuram Silk Sarees. Direct from Dhanalakshmi Kalamkari master artisans.",https://www.dhanalakshmikalamkari.in/?product=CPKS189,https://lh3.googleusercontent.com/d/12eMJU0dZBvCwDiJvEyANqJ_e5v1p-ZTi=w1200,in_stock,26500 INR,Dhanalakshmi Kalamkari,new,Apparel & Accessories > Clothing > Traditional & Ceremonial Clothing > Sarees
CPKS179,Hand-Painted Srikalahasti Pen Kalamkari Pure Kanchipuram Silk Sarees Saree (CPKS179),"Authentic 100% hand-painted Srikalahasti Pen Kalamkari pure silk saree (Code: CPKS179). Handcrafted with bamboo pens and natural organic vegetable mineral dyes in Srikalahasti, Andhra Pradesh. Fabric: Pure Kanchipuram Silk Sarees. Direct from Dhanalakshmi Kalamkari master artisans.",https://www.dhanalakshmikalamkari.in/?product=CPKS179,https://lh3.googleusercontent.com/d/1zPhtC6ueKcpekZCjKzRcRmEUTey43-Tw=w1200,in_stock,26500 INR,Dhanalakshmi Kalamkari,new,Apparel & Accessories > Clothing > Traditional & Ceremonial Clothing > Sarees
CPKS180,Hand-Painted Srikalahasti Pen Kalamkari Pure Kanchipuram Silk Sarees Saree (CPKS180),"Authentic 100% hand-painted Srikalahasti Pen Kalamkari pure silk saree (Code: CPKS180). Handcrafted with bamboo pens and natural organic vegetable mineral dyes in Srikalahasti, Andhra Pradesh. Fabric: Pure Kanchipuram Silk Sarees. Direct from Dhanalakshmi Kalamkari master artisans.",https://www.dhanalakshmikalamkari.in/?product=CPKS180,https://lh3.googleusercontent.com/d/1u4IuVH1awjTtGWv2ql_D5xEG5Haa9BWE=w1200,in_stock,26500 INR,Dhanalakshmi Kalamkari,new,Apparel & Accessories > Clothing > Traditional & Ceremonial Clothing > Sarees
CPKS181,Hand-Painted Srikalahasti Pen Kalamkari Pure Kanchipuram Silk Sarees Saree (CPKS181),"Authentic 100% hand-painted Srikalahasti Pen Kalamkari pure silk saree (Code: CPKS181). Handcrafted with bamboo pens and natural organic vegetable mineral dyes in Srikalahasti, Andhra Pradesh. Fabric: Pure Kanchipuram Silk Sarees. Direct from Dhanalakshmi Kalamkari master artisans.",https://www.dhanalakshmikalamkari.in/?product=CPKS181,https://lh3.googleusercontent.com/d/1prySAMloFLI88u8I0jRngPg5ztIwhhAQ=w1200,in_stock,26500 INR,Dhanalakshmi Kalamkari,new,Apparel & Accessories > Clothing > Traditional & Ceremonial Clothing > Sarees
CPKS173,Hand-Painted Srikalahasti Pen Kalamkari Pure Kanchipuram Silk Sarees Saree (CPKS173),"Authentic 100% hand-painted Srikalahasti Pen Kalamkari pure silk saree (Code: CPKS173). Handcrafted with bamboo pens and natural organic vegetable mineral dyes in Srikalahasti, Andhra Pradesh. Fabric: Pure Kanchipuram Silk Sarees. Direct from Dhanalakshmi Kalamkari master artisans.",https://www.dhanalakshmikalamkari.in/?product=CPKS173,https://lh3.googleusercontent.com/d/1ew1QsJI21XqqquNSNUtGOjyo7UDwKfTI=w1200,in_stock,26500 INR,Dhanalakshmi Kalamkari,new,Apparel & Accessories > Clothing > Traditional & Ceremonial Clothing > Sarees
CPKS175,Hand-Painted Srikalahasti Pen Kalamkari Pure Kanchipuram Silk Sarees Saree (CPKS175),"Authentic 100% hand-painted Srikalahasti Pen Kalamkari pure silk saree (Code: CPKS175). Handcrafted with bamboo pens and natural organic vegetable mineral dyes in Srikalahasti, Andhra Pradesh. Fabric: Pure Kanchipuram Silk Sarees. Direct from Dhanalakshmi Kalamkari master artisans.",https://www.dhanalakshmikalamkari.in/?product=CPKS175,https://lh3.googleusercontent.com/d/1ylZy2SlUmBwd-CJpN8iXbIhPwtqPoBmz=w1200,in_stock,26500 INR,Dhanalakshmi Kalamkari,new,Apparel & Accessories > Clothing > Traditional & Ceremonial Clothing > Sarees
CPKS177,Hand-Painted Srikalahasti Pen Kalamkari Pure Kanchipuram Silk Sarees Saree (CPKS177),"Authentic 100% hand-painted Srikalahasti Pen Kalamkari pure silk saree (Code: CPKS177). Handcrafted with bamboo pens and natural organic vegetable mineral dyes in Srikalahasti, Andhra Pradesh. Fabric: Pure Kanchipuram Silk Sarees. Direct from Dhanalakshmi Kalamkari master artisans.",https://www.dhanalakshmikalamkari.in/?product=CPKS177,https://lh3.googleusercontent.com/d/10bH4Z3adkWMOXDupoSTNNI_CH4SnEuYB=w1200,in_stock,26500 INR,Dhanalakshmi Kalamkari,new,Apparel & Accessories > Clothing > Traditional & Ceremonial Clothing > Sarees
CPKS166,Hand-Painted Srikalahasti Pen Kalamkari Pure Kanchipuram Silk Sarees Saree (CPKS166),"Authentic 100% hand-painted Srikalahasti Pen Kalamkari pure silk saree (Code: CPKS166). Handcrafted with bamboo pens and natural organic vegetable mineral dyes in Srikalahasti, Andhra Pradesh. Fabric: Pure Kanchipuram Silk Sarees. Direct from Dhanalakshmi Kalamkari master artisans.",https://www.dhanalakshmikalamkari.in/?product=CPKS166,https://lh3.googleusercontent.com/d/1Q6VQyokuawAFe6q5nZv0qt93WOlVt1me=w1200,in_stock,26500 INR,Dhanalakshmi Kalamkari,new,Apparel & Accessories > Clothing > Traditional & Ceremonial Clothing > Sarees
CPKS170,Hand-Painted Srikalahasti Pen Kalamkari Pure Kanchipuram Silk Sarees Saree (CPKS170),"Authentic 100% hand-painted Srikalahasti Pen Kalamkari pure silk saree (Code: CPKS170). Handcrafted with bamboo pens and natural organic vegetable mineral dyes in Srikalahasti, Andhra Pradesh. Fabric: Pure Kanchipuram Silk Sarees. Direct from Dhanalakshmi Kalamkari master artisans.",https://www.dhanalakshmikalamkari.in/?product=CPKS170,https://lh3.googleusercontent.com/d/10wHD9_jDGbmmxuaLxJ_QGJrU2pGdo_Fy=w1200,in_stock,26500 INR,Dhanalakshmi Kalamkari,new,Apparel & Accessories > Clothing > Traditional & Ceremonial Clothing > Sarees
CPKS164,Hand-Painted Srikalahasti Pen Kalamkari Pure Kanchipuram Silk Sarees Saree (CPKS164),"Authentic 100% hand-painted Srikalahasti Pen Kalamkari pure silk saree (Code: CPKS164). Handcrafted with bamboo pens and natural organic vegetable mineral dyes in Srikalahasti, Andhra Pradesh. Fabric: Pure Kanchipuram Silk Sarees. Direct from Dhanalakshmi Kalamkari master artisans.",https://www.dhanalakshmikalamkari.in/?product=CPKS164,https://lh3.googleusercontent.com/d/1mu3oJPlHzOOy1m0nP01iGf-4h5C0myi6=w1200,in_stock,26500 INR,Dhanalakshmi Kalamkari,new,Apparel & Accessories > Clothing > Traditional & Ceremonial Clothing > Sarees
CPKS159,Hand-Painted Srikalahasti Pen Kalamkari Pure Kanchipuram Silk Sarees Saree (CPKS159),"Authentic 100% hand-painted Srikalahasti Pen Kalamkari pure silk saree (Code: CPKS159). Handcrafted with bamboo pens and natural organic vegetable mineral dyes in Srikalahasti, Andhra Pradesh. Fabric: Pure Kanchipuram Silk Sarees. Direct from Dhanalakshmi Kalamkari master artisans.",https://www.dhanalakshmikalamkari.in/?product=CPKS159,https://lh3.googleusercontent.com/d/1373trB0b6zD2J2HaWobIrC4sWzxhvdJu=w1200,in_stock,26500 INR,Dhanalakshmi Kalamkari,new,Apparel & Accessories > Clothing > Traditional & Ceremonial Clothing > Sarees
CPKS161,Hand-Painted Srikalahasti Pen Kalamkari Pure Kanchipuram Silk Sarees Saree (CPKS161),"Authentic 100% hand-painted Srikalahasti Pen Kalamkari pure silk saree (Code: CPKS161). Handcrafted with bamboo pens and natural organic vegetable mineral dyes in Srikalahasti, Andhra Pradesh. Fabric: Pure Kanchipuram Silk Sarees. Direct from Dhanalakshmi Kalamkari master artisans.",https://www.dhanalakshmikalamkari.in/?product=CPKS161,https://lh3.googleusercontent.com/d/1Nhs72uwqEC6ZU75Dz7vtaAqbNU8clhsE=w1200,in_stock,26500 INR,Dhanalakshmi Kalamkari,new,Apparel & Accessories > Clothing > Traditional & Ceremonial Clothing > Sarees
CPKS162,Hand-Painted Srikalahasti Pen Kalamkari Pure Kanchipuram Silk Sarees Saree (CPKS162),"Authentic 100% hand-painted Srikalahasti Pen Kalamkari pure silk saree (Code: CPKS162). Handcrafted with bamboo pens and natural organic vegetable mineral dyes in Srikalahasti, Andhra Pradesh. Fabric: Pure Kanchipuram Silk Sarees. Direct from Dhanalakshmi Kalamkari master artisans.",https://www.dhanalakshmikalamkari.in/?product=CPKS162,https://lh3.googleusercontent.com/d/1E_uKyfIwOZHyaiWfitK3puqnB3NvXB_K=w1200,in_stock,26500 INR,Dhanalakshmi Kalamkari,new,Apparel & Accessories > Clothing > Traditional & Ceremonial Clothing > Sarees
CPKS163,Hand-Painted Srikalahasti Pen Kalamkari Pure Kanchipuram Silk Sarees Saree (CPKS163),"Authentic 100% hand-painted Srikalahasti Pen Kalamkari pure silk saree (Code: CPKS163). Handcrafted with bamboo pens and natural organic vegetable mineral dyes in Srikalahasti, Andhra Pradesh. Fabric: Pure Kanchipuram Silk Sarees. Direct from Dhanalakshmi Kalamkari master artisans.",https://www.dhanalakshmikalamkari.in/?product=CPKS163,https://lh3.googleusercontent.com/d/13OQV01FdkB7fKRlhdaqgZBWDJ59tPCV0=w1200,in_stock,26500 INR,Dhanalakshmi Kalamkari,new,Apparel & Accessories > Clothing > Traditional & Ceremonial Clothing > Sarees
CPKS154,Hand-Painted Srikalahasti Pen Kalamkari Pure Kanchipuram Silk Sarees Saree (CPKS154),"Authentic 100% hand-painted Srikalahasti Pen Kalamkari pure silk saree (Code: CPKS154). Handcrafted with bamboo pens and natural organic vegetable mineral dyes in Srikalahasti, Andhra Pradesh. Fabric: Pure Kanchipuram Silk Sarees. Direct from Dhanalakshmi Kalamkari master artisans.",https://www.dhanalakshmikalamkari.in/?product=CPKS154,https://lh3.googleusercontent.com/d/1p4_voFkrXqlwkbZc-_v8vhgzXD46dQLI=w1200,in_stock,26500 INR,Dhanalakshmi Kalamkari,new,Apparel & Accessories > Clothing > Traditional & Ceremonial Clothing > Sarees
CPKS156,Hand-Painted Srikalahasti Pen Kalamkari Pure Kanchipuram Silk Sarees Saree (CPKS156),"Authentic 100% hand-painted Srikalahasti Pen Kalamkari pure silk saree (Code: CPKS156). Handcrafted with bamboo pens and natural organic vegetable mineral dyes in Srikalahasti, Andhra Pradesh. Fabric: Pure Kanchipuram Silk Sarees. Direct from Dhanalakshmi Kalamkari master artisans.",https://www.dhanalakshmikalamkari.in/?product=CPKS156,https://lh3.googleusercontent.com/d/1LTgmFQFTeVH6geGDVPegEGPGxFjk8Cp-=w1200,in_stock,26500 INR,Dhanalakshmi Kalamkari,new,Apparel & Accessories > Clothing > Traditional & Ceremonial Clothing > Sarees
CPKS157,Hand-Painted Srikalahasti Pen Kalamkari Pure Kanchipuram Silk Sarees Saree (CPKS157),"Authentic 100% hand-painted Srikalahasti Pen Kalamkari pure silk saree (Code: CPKS157). Handcrafted with bamboo pens and natural organic vegetable mineral dyes in Srikalahasti, Andhra Pradesh. Fabric: Pure Kanchipuram Silk Sarees. Direct from Dhanalakshmi Kalamkari master artisans.",https://www.dhanalakshmikalamkari.in/?product=CPKS157,https://lh3.googleusercontent.com/d/152cUUmzfyddwr0eKFS7rLRA8VC_oA2zx=w1200,in_stock,26500 INR,Dhanalakshmi Kalamkari,new,Apparel & Accessories > Clothing > Traditional & Ceremonial Clothing > Sarees
CPKS158,Hand-Painted Srikalahasti Pen Kalamkari Pure Kanchipuram Silk Sarees Saree (CPKS158),"Authentic 100% hand-painted Srikalahasti Pen Kalamkari pure silk saree (Code: CPKS158). Handcrafted with bamboo pens and natural organic vegetable mineral dyes in Srikalahasti, Andhra Pradesh. Fabric: Pure Kanchipuram Silk Sarees. Direct from Dhanalakshmi Kalamkari master artisans.",https://www.dhanalakshmikalamkari.in/?product=CPKS158,https://lh3.googleusercontent.com/d/1eYDWwbaRILOmURW5h4ahrcaBAeOejyWr=w1200,in_stock,26500 INR,Dhanalakshmi Kalamkari,new,Apparel & Accessories > Clothing > Traditional & Ceremonial Clothing > Sarees
CPKS146,Hand-Painted Srikalahasti Pen Kalamkari Pure Kanchipuram Silk Sarees Saree (CPKS146),"Authentic 100% hand-painted Srikalahasti Pen Kalamkari pure silk saree (Code: CPKS146). Handcrafted with bamboo pens and natural organic vegetable mineral dyes in Srikalahasti, Andhra Pradesh. Fabric: Pure Kanchipuram Silk Sarees. Direct from Dhanalakshmi Kalamkari master artisans.",https://www.dhanalakshmikalamkari.in/?product=CPKS146,https://lh3.googleusercontent.com/d/1N95WeoSWPXunAQKFfOb6y2TFbN1fuzJB=w1200,in_stock,26500 INR,Dhanalakshmi Kalamkari,new,Apparel & Accessories > Clothing > Traditional & Ceremonial Clothing > Sarees
CPKS148,Hand-Painted Srikalahasti Pen Kalamkari Pure Kanchipuram Silk Sarees Saree (CPKS148),"Authentic 100% hand-painted Srikalahasti Pen Kalamkari pure silk saree (Code: CPKS148). Handcrafted with bamboo pens and natural organic vegetable mineral dyes in Srikalahasti, Andhra Pradesh. Fabric: Pure Kanchipuram Silk Sarees. Direct from Dhanalakshmi Kalamkari master artisans.",https://www.dhanalakshmikalamkari.in/?product=CPKS148,https://lh3.googleusercontent.com/d/1jhBC9CLZeWWZls9OL_1t6Rb3wQ0G3KZv=w1200,in_stock,26500 INR,Dhanalakshmi Kalamkari,new,Apparel & Accessories > Clothing > Traditional & Ceremonial Clothing > Sarees
CPKS149,Hand-Painted Srikalahasti Pen Kalamkari Pure Kanchipuram Silk Sarees Saree (CPKS149),"Authentic 100% hand-painted Srikalahasti Pen Kalamkari pure silk saree (Code: CPKS149). Handcrafted with bamboo pens and natural organic vegetable mineral dyes in Srikalahasti, Andhra Pradesh. Fabric: Pure Kanchipuram Silk Sarees. Direct from Dhanalakshmi Kalamkari master artisans.",https://www.dhanalakshmikalamkari.in/?product=CPKS149,https://lh3.googleusercontent.com/d/1PexRXCC81o1Gy44_HsnWtXf5FTiWXz-6=w1200,in_stock,26500 INR,Dhanalakshmi Kalamkari,new,Apparel & Accessories > Clothing > Traditional & Ceremonial Clothing > Sarees
CPKS118,Hand-Painted Srikalahasti Pen Kalamkari Pure Kanchipuram Silk Sarees Saree (CPKS118),"Authentic 100% hand-painted Srikalahasti Pen Kalamkari pure silk saree (Code: CPKS118). Handcrafted with bamboo pens and natural organic vegetable mineral dyes in Srikalahasti, Andhra Pradesh. Fabric: Pure Kanchipuram Silk Sarees. Direct from Dhanalakshmi Kalamkari master artisans.",https://www.dhanalakshmikalamkari.in/?product=CPKS118,https://lh3.googleusercontent.com/d/19g8JM2nY6Qmst4aRSxXj-hsay-cGxh1Z=w1200,in_stock,26500 INR,Dhanalakshmi Kalamkari,new,Apparel & Accessories > Clothing > Traditional & Ceremonial Clothing > Sarees
CPKS123,Hand-Painted Srikalahasti Pen Kalamkari Pure Kanchipuram Silk Sarees Saree (CPKS123),"Authentic 100% hand-painted Srikalahasti Pen Kalamkari pure silk saree (Code: CPKS123). Handcrafted with bamboo pens and natural organic vegetable mineral dyes in Srikalahasti, Andhra Pradesh. Fabric: Pure Kanchipuram Silk Sarees. Direct from Dhanalakshmi Kalamkari master artisans.",https://www.dhanalakshmikalamkari.in/?product=CPKS123,https://lh3.googleusercontent.com/d/1KPQBFTuZSgBF6vBOzqldm54TjWHnQCEW=w1200,in_stock,26500 INR,Dhanalakshmi Kalamkari,new,Apparel & Accessories > Clothing > Traditional & Ceremonial Clothing > Sarees
CPKS182,Hand-Painted Srikalahasti Pen Kalamkari Pure Kanchipuram Silk Sarees Saree (CPKS182),"Authentic 100% hand-painted Srikalahasti Pen Kalamkari pure silk saree (Code: CPKS182). Handcrafted with bamboo pens and natural organic vegetable mineral dyes in Srikalahasti, Andhra Pradesh. Fabric: Pure Kanchipuram Silk Sarees. Direct from Dhanalakshmi Kalamkari master artisans.",https://www.dhanalakshmikalamkari.in/?product=CPKS182,https://lh3.googleusercontent.com/d/1a0mEcq3oK1_aPhW_YPlZj1-tugN3hqVP=w1200,in_stock,26500 INR,Dhanalakshmi Kalamkari,new,Apparel & Accessories > Clothing > Traditional & Ceremonial Clothing > Sarees
CPKS127,Hand-Painted Srikalahasti Pen Kalamkari Pure Kanchipuram Silk Sarees Saree (CPKS127),"Authentic 100% hand-painted Srikalahasti Pen Kalamkari pure silk saree (Code: CPKS127). Handcrafted with bamboo pens and natural organic vegetable mineral dyes in Srikalahasti, Andhra Pradesh. Fabric: Pure Kanchipuram Silk Sarees. Direct from Dhanalakshmi Kalamkari master artisans.",https://www.dhanalakshmikalamkari.in/?product=CPKS127,https://lh3.googleusercontent.com/d/1gDSo5qiGzGuyx8Gtntf3IgfI_21neA31=w1200,in_stock,26500 INR,Dhanalakshmi Kalamkari,new,Apparel & Accessories > Clothing > Traditional & Ceremonial Clothing > Sarees
CPKS129,Hand-Painted Srikalahasti Pen Kalamkari Pure Kanchipuram Silk Sarees Saree (CPKS129),"Authentic 100% hand-painted Srikalahasti Pen Kalamkari pure silk saree (Code: CPKS129). Handcrafted with bamboo pens and natural organic vegetable mineral dyes in Srikalahasti, Andhra Pradesh. Fabric: Pure Kanchipuram Silk Sarees. Direct from Dhanalakshmi Kalamkari master artisans.",https://www.dhanalakshmikalamkari.in/?product=CPKS129,https://lh3.googleusercontent.com/d/1nyyu_yHGbbuPNGy4PcGlbbhIddsdIxfV=w1200,in_stock,26500 INR,Dhanalakshmi Kalamkari,new,Apparel & Accessories > Clothing > Traditional & Ceremonial Clothing > Sarees
CPKS133,Hand-Painted Srikalahasti Pen Kalamkari Pure Kanchipuram Silk Sarees Saree (CPKS133),"Authentic 100% hand-painted Srikalahasti Pen Kalamkari pure silk saree (Code: CPKS133). Handcrafted with bamboo pens and natural organic vegetable mineral dyes in Srikalahasti, Andhra Pradesh. Fabric: Pure Kanchipuram Silk Sarees. Direct from Dhanalakshmi Kalamkari master artisans.",https://www.dhanalakshmikalamkari.in/?product=CPKS133,https://lh3.googleusercontent.com/d/1MOzzcCgi8nQ-9c6oOxQ1IWOpVqex7uwX=w1200,in_stock,26500 INR,Dhanalakshmi Kalamkari,new,Apparel & Accessories > Clothing > Traditional & Ceremonial Clothing > Sarees
CPKS134,Hand-Painted Srikalahasti Pen Kalamkari Pure Kanchipuram Silk Sarees Saree (CPKS134),"Authentic 100% hand-painted Srikalahasti Pen Kalamkari pure silk saree (Code: CPKS134). Handcrafted with bamboo pens and natural organic vegetable mineral dyes in Srikalahasti, Andhra Pradesh. Fabric: Pure Kanchipuram Silk Sarees. Direct from Dhanalakshmi Kalamkari master artisans.",https://www.dhanalakshmikalamkari.in/?product=CPKS134,https://lh3.googleusercontent.com/d/1WnhP1TTyEAL9GA6WZkD9YzVDxZjb_irn=w1200,in_stock,26500 INR,Dhanalakshmi Kalamkari,new,Apparel & Accessories > Clothing > Traditional & Ceremonial Clothing > Sarees
CPKS136,Hand-Painted Srikalahasti Pen Kalamkari Pure Kanchipuram Silk Sarees Saree (CPKS136),"Authentic 100% hand-painted Srikalahasti Pen Kalamkari pure silk saree (Code: CPKS136). Handcrafted with bamboo pens and natural organic vegetable mineral dyes in Srikalahasti, Andhra Pradesh. Fabric: Pure Kanchipuram Silk Sarees. Direct from Dhanalakshmi Kalamkari master artisans.",https://www.dhanalakshmikalamkari.in/?product=CPKS136,https://lh3.googleusercontent.com/d/1GGzfx0UspeyuwdJkq2l5Ob0AlzF1msbJ=w1200,in_stock,26500 INR,Dhanalakshmi Kalamkari,new,Apparel & Accessories > Clothing > Traditional & Ceremonial Clothing > Sarees
CPKS138,Hand-Painted Srikalahasti Pen Kalamkari Pure Kanchipuram Silk Sarees Saree (CPKS138),"Authentic 100% hand-painted Srikalahasti Pen Kalamkari pure silk saree (Code: CPKS138). Handcrafted with bamboo pens and natural organic vegetable mineral dyes in Srikalahasti, Andhra Pradesh. Fabric: Pure Kanchipuram Silk Sarees. Direct from Dhanalakshmi Kalamkari master artisans.",https://www.dhanalakshmikalamkari.in/?product=CPKS138,https://lh3.googleusercontent.com/d/1obI6KmDqvlHzms3lZZVDdmbH75AN8wcz=w1200,in_stock,26500 INR,Dhanalakshmi Kalamkari,new,Apparel & Accessories > Clothing > Traditional & Ceremonial Clothing > Sarees
CPKS142,Hand-Painted Srikalahasti Pen Kalamkari Pure Kanchipuram Silk Sarees Saree (CPKS142),"Authentic 100% hand-painted Srikalahasti Pen Kalamkari pure silk saree (Code: CPKS142). Handcrafted with bamboo pens and natural organic vegetable mineral dyes in Srikalahasti, Andhra Pradesh. Fabric: Pure Kanchipuram Silk Sarees. Direct from Dhanalakshmi Kalamkari master artisans.",https://www.dhanalakshmikalamkari.in/?product=CPKS142,https://lh3.googleusercontent.com/d/1TodshJqoeH030fCuwBxDEzyGkYVJJh53=w1200,in_stock,26500 INR,Dhanalakshmi Kalamkari,new,Apparel & Accessories > Clothing > Traditional & Ceremonial Clothing > Sarees
CPKS143,Hand-Painted Srikalahasti Pen Kalamkari Pure Kanchipuram Silk Sarees Saree (CPKS143),"Authentic 100% hand-painted Srikalahasti Pen Kalamkari pure silk saree (Code: CPKS143). Handcrafted with bamboo pens and natural organic vegetable mineral dyes in Srikalahasti, Andhra Pradesh. Fabric: Pure Kanchipuram Silk Sarees. Direct from Dhanalakshmi Kalamkari master artisans.",https://www.dhanalakshmikalamkari.in/?product=CPKS143,https://lh3.googleusercontent.com/d/1fDmMohXqwRDi51Bf0ewrG6hEQacH-v1Q=w1200,in_stock,26500 INR,Dhanalakshmi Kalamkari,new,Apparel & Accessories > Clothing > Traditional & Ceremonial Clothing > Sarees
CPUR449,Hand-Painted Srikalahasti Pen Kalamkari Pure Kanchipuram story duppatas Saree (CPUR449),"Authentic 100% hand-painted Srikalahasti Pen Kalamkari pure silk saree (Code: CPUR449). Handcrafted with bamboo pens and natural organic vegetable mineral dyes in Srikalahasti, Andhra Pradesh. Fabric: Pure Kanchipuram story duppatas. Direct from Dhanalakshmi Kalamkari master artisans.",https://www.dhanalakshmikalamkari.in/?product=CPUR449,https://lh3.googleusercontent.com/d/1xDZ1XMJW9un8gvL9QmH2_IHd4SJ_zgjG=w1200,in_stock,13500 INR,Dhanalakshmi Kalamkari,new,Apparel & Accessories > Clothing > Traditional & Ceremonial Clothing > Sarees
CPUR451,Hand-Painted Srikalahasti Pen Kalamkari Pure Kanchipuram floral duppatas Saree (CPUR451),"Authentic 100% hand-painted Srikalahasti Pen Kalamkari pure silk saree (Code: CPUR451). Handcrafted with bamboo pens and natural organic vegetable mineral dyes in Srikalahasti, Andhra Pradesh. Fabric: Pure Kanchipuram floral duppatas. Direct from Dhanalakshmi Kalamkari master artisans.",https://www.dhanalakshmikalamkari.in/?product=CPUR451,https://lh3.googleusercontent.com/d/1jUHUWrcw9HMY3n709JtOrRgOnBmf2PQI=w1200,in_stock,12500 INR,Dhanalakshmi Kalamkari,new,Apparel & Accessories > Clothing > Traditional & Ceremonial Clothing > Sarees
CPUR280,Hand-Painted Srikalahasti Pen Kalamkari Pure Kanchipuram floral duppatas Saree (CPUR280),"Authentic 100% hand-painted Srikalahasti Pen Kalamkari pure silk saree (Code: CPUR280). Handcrafted with bamboo pens and natural organic vegetable mineral dyes in Srikalahasti, Andhra Pradesh. Fabric: Pure Kanchipuram floral duppatas. Direct from Dhanalakshmi Kalamkari master artisans.",https://www.dhanalakshmikalamkari.in/?product=CPUR280,https://lh3.googleusercontent.com/d/1c_AkBKG7IFYnToMWJvSoMRaGC1pMFFSo=w1200,in_stock,12500 INR,Dhanalakshmi Kalamkari,new,Apparel & Accessories > Clothing > Traditional & Ceremonial Clothing > Sarees
CPUR284,Hand-Painted Srikalahasti Pen Kalamkari Pure Kanchipuram floral duppatas Saree (CPUR284),"Authentic 100% hand-painted Srikalahasti Pen Kalamkari pure silk saree (Code: CPUR284). Handcrafted with bamboo pens and natural organic vegetable mineral dyes in Srikalahasti, Andhra Pradesh. Fabric: Pure Kanchipuram floral duppatas. Direct from Dhanalakshmi Kalamkari master artisans.",https://www.dhanalakshmikalamkari.in/?product=CPUR284,https://lh3.googleusercontent.com/d/1wO14WLrSNHUeD3j8xVxsoI5WqedMT00C=w1200,in_stock,12500 INR,Dhanalakshmi Kalamkari,new,Apparel & Accessories > Clothing > Traditional & Ceremonial Clothing > Sarees
CPUR285,Hand-Painted Srikalahasti Pen Kalamkari Pure Kanchipuram floral duppatas Saree (CPUR285),"Authentic 100% hand-painted Srikalahasti Pen Kalamkari pure silk saree (Code: CPUR285). Handcrafted with bamboo pens and natural organic vegetable mineral dyes in Srikalahasti, Andhra Pradesh. Fabric: Pure Kanchipuram floral duppatas. Direct from Dhanalakshmi Kalamkari master artisans.",https://www.dhanalakshmikalamkari.in/?product=CPUR285,https://lh3.googleusercontent.com/d/1R3RCqKkWXFSfqc-5VChpx2zzq3MJQgi2=w1200,in_stock,12500 INR,Dhanalakshmi Kalamkari,new,Apparel & Accessories > Clothing > Traditional & Ceremonial Clothing > Sarees
CPUR287,Hand-Painted Srikalahasti Pen Kalamkari Pure Kanchipuram floral duppatas Saree (CPUR287),"Authentic 100% hand-painted Srikalahasti Pen Kalamkari pure silk saree (Code: CPUR287). Handcrafted with bamboo pens and natural organic vegetable mineral dyes in Srikalahasti, Andhra Pradesh. Fabric: Pure Kanchipuram floral duppatas. Direct from Dhanalakshmi Kalamkari master artisans.",https://www.dhanalakshmikalamkari.in/?product=CPUR287,https://lh3.googleusercontent.com/d/1jCagjFOvXwZs46fRA2Iflt27xJas0Rls=w1200,in_stock,12500 INR,Dhanalakshmi Kalamkari,new,Apparel & Accessories > Clothing > Traditional & Ceremonial Clothing > Sarees
CPUR288,Hand-Painted Srikalahasti Pen Kalamkari Pure Kanchipuram floral duppatas Saree (CPUR288),"Authentic 100% hand-painted Srikalahasti Pen Kalamkari pure silk saree (Code: CPUR288). Handcrafted with bamboo pens and natural organic vegetable mineral dyes in Srikalahasti, Andhra Pradesh. Fabric: Pure Kanchipuram floral duppatas. Direct from Dhanalakshmi Kalamkari master artisans.",https://www.dhanalakshmikalamkari.in/?product=CPUR288,https://lh3.googleusercontent.com/d/1lBqAiid_kIHzkxalMyJbk3a4uDRK9_Ko=w1200,in_stock,12500 INR,Dhanalakshmi Kalamkari,new,Apparel & Accessories > Clothing > Traditional & Ceremonial Clothing > Sarees
CPUR456,Hand-Painted Srikalahasti Pen Kalamkari Pure Tussar Silk duppatas Saree (CPUR456),"Authentic 100% hand-painted Srikalahasti Pen Kalamkari pure silk saree (Code: CPUR456). Handcrafted with bamboo pens and natural organic vegetable mineral dyes in Srikalahasti, Andhra Pradesh. Fabric: Pure Tussar Silk duppatas. Direct from Dhanalakshmi Kalamkari master artisans.",https://www.dhanalakshmikalamkari.in/?product=CPUR456,https://lh3.googleusercontent.com/d/1RCTAXJu4EnNr0cssHU6cr10cxKHSVc0S=w1200,in_stock,3800 INR,Dhanalakshmi Kalamkari,new,Apparel & Accessories > Clothing > Traditional & Ceremonial Clothing > Sarees
CPUR457,Hand-Painted Srikalahasti Pen Kalamkari Pure Tussar Silk duppatas Saree (CPUR457),"Authentic 100% hand-painted Srikalahasti Pen Kalamkari pure silk saree (Code: CPUR457). Handcrafted with bamboo pens and natural organic vegetable mineral dyes in Srikalahasti, Andhra Pradesh. Fabric: Pure Tussar Silk duppatas. Direct from Dhanalakshmi Kalamkari master artisans.",https://www.dhanalakshmikalamkari.in/?product=CPUR457,https://lh3.googleusercontent.com/d/1FELTaKlxBITf8B2D8fpqYtD3-NZ4hh-F=w1200,in_stock,3800 INR,Dhanalakshmi Kalamkari,new,Apparel & Accessories > Clothing > Traditional & Ceremonial Clothing > Sarees
CPUR458,Hand-Painted Srikalahasti Pen Kalamkari Pure Tussar Silk duppatas Saree (CPUR458),"Authentic 100% hand-painted Srikalahasti Pen Kalamkari pure silk saree (Code: CPUR458). Handcrafted with bamboo pens and natural organic vegetable mineral dyes in Srikalahasti, Andhra Pradesh. Fabric: Pure Tussar Silk duppatas. Direct from Dhanalakshmi Kalamkari master artisans.",https://www.dhanalakshmikalamkari.in/?product=CPUR458,https://lh3.googleusercontent.com/d/1UuYn7CKqtJNEYRDONgaV1dvvVjLrOLD7=w1200,in_stock,3800 INR,Dhanalakshmi Kalamkari,new,Apparel & Accessories > Clothing > Traditional & Ceremonial Clothing > Sarees
CPUR459,Hand-Painted Srikalahasti Pen Kalamkari Pure Tussar Silk duppatas Saree (CPUR459),"Authentic 100% hand-painted Srikalahasti Pen Kalamkari pure silk saree (Code: CPUR459). Handcrafted with bamboo pens and natural organic vegetable mineral dyes in Srikalahasti, Andhra Pradesh. Fabric: Pure Tussar Silk duppatas. Direct from Dhanalakshmi Kalamkari master artisans.",https://www.dhanalakshmikalamkari.in/?product=CPUR459,https://lh3.googleusercontent.com/d/1s2DyteBAqXVSau5vB7XM4GSwmB8vKbYF=w1200,in_stock,3800 INR,Dhanalakshmi Kalamkari,new,Apparel & Accessories > Clothing > Traditional & Ceremonial Clothing > Sarees
CPUR460,Hand-Painted Srikalahasti Pen Kalamkari Pure Tussar Silk duppatas Saree (CPUR460),"Authentic 100% hand-painted Srikalahasti Pen Kalamkari pure silk saree (Code: CPUR460). Handcrafted with bamboo pens and natural organic vegetable mineral dyes in Srikalahasti, Andhra Pradesh. Fabric: Pure Tussar Silk duppatas. Direct from Dhanalakshmi Kalamkari master artisans.",https://www.dhanalakshmikalamkari.in/?product=CPUR460,https://lh3.googleusercontent.com/d/1D0YDaG5dG8ut3b4v_ryOrpea2r0_tqBA=w1200,in_stock,3800 INR,Dhanalakshmi Kalamkari,new,Apparel & Accessories > Clothing > Traditional & Ceremonial Clothing > Sarees
CPUR461,Hand-Painted Srikalahasti Pen Kalamkari Pure Tussar Silk duppatas Saree (CPUR461),"Authentic 100% hand-painted Srikalahasti Pen Kalamkari pure silk saree (Code: CPUR461). Handcrafted with bamboo pens and natural organic vegetable mineral dyes in Srikalahasti, Andhra Pradesh. Fabric: Pure Tussar Silk duppatas. Direct from Dhanalakshmi Kalamkari master artisans.",https://www.dhanalakshmikalamkari.in/?product=CPUR461,https://lh3.googleusercontent.com/d/1EsOYk6mFEDFyjAd_zAGo-F3dwNSW6Tft=w1200,in_stock,3800 INR,Dhanalakshmi Kalamkari,new,Apparel & Accessories > Clothing > Traditional & Ceremonial Clothing > Sarees
CPUR462,Hand-Painted Srikalahasti Pen Kalamkari Pure Tussar Silk duppatas Saree (CPUR462),"Authentic 100% hand-painted Srikalahasti Pen Kalamkari pure silk saree (Code: CPUR462). Handcrafted with bamboo pens and natural organic vegetable mineral dyes in Srikalahasti, Andhra Pradesh. Fabric: Pure Tussar Silk duppatas. Direct from Dhanalakshmi Kalamkari master artisans.",https://www.dhanalakshmikalamkari.in/?product=CPUR462,https://lh3.googleusercontent.com/d/1dubMvHzmGkTHZEPgedQSyFwrv-oy4EjA=w1200,in_stock,3800 INR,Dhanalakshmi Kalamkari,new,Apparel & Accessories > Clothing > Traditional & Ceremonial Clothing > Sarees
CPUR463,Hand-Painted Srikalahasti Pen Kalamkari Pure Tussar Silk duppatas Saree (CPUR463),"Authentic 100% hand-painted Srikalahasti Pen Kalamkari pure silk saree (Code: CPUR463). Handcrafted with bamboo pens and natural organic vegetable mineral dyes in Srikalahasti, Andhra Pradesh. Fabric: Pure Tussar Silk duppatas. Direct from Dhanalakshmi Kalamkari master artisans.",https://www.dhanalakshmikalamkari.in/?product=CPUR463,https://lh3.googleusercontent.com/d/1RS9lZEkhzkqBNryyiq9t-Py_QBfh0nsm=w1200,in_stock,3800 INR,Dhanalakshmi Kalamkari,new,Apparel & Accessories > Clothing > Traditional & Ceremonial Clothing > Sarees
CPUR464,Hand-Painted Srikalahasti Pen Kalamkari Pure Tussar Silk duppatas Saree (CPUR464),"Authentic 100% hand-painted Srikalahasti Pen Kalamkari pure silk saree (Code: CPUR464). Handcrafted with bamboo pens and natural organic vegetable mineral dyes in Srikalahasti, Andhra Pradesh. Fabric: Pure Tussar Silk duppatas. Direct from Dhanalakshmi Kalamkari master artisans.",https://www.dhanalakshmikalamkari.in/?product=CPUR464,https://lh3.googleusercontent.com/d/1wOdtuAieN1_3FsaSJSkxVur24Je2rEHI=w1200,in_stock,3800 INR,Dhanalakshmi Kalamkari,new,Apparel & Accessories > Clothing > Traditional & Ceremonial Clothing > Sarees
CPUR465,Hand-Painted Srikalahasti Pen Kalamkari Pure Tussar Silk duppatas Saree (CPUR465),"Authentic 100% hand-painted Srikalahasti Pen Kalamkari pure silk saree (Code: CPUR465). Handcrafted with bamboo pens and natural organic vegetable mineral dyes in Srikalahasti, Andhra Pradesh. Fabric: Pure Tussar Silk duppatas. Direct from Dhanalakshmi Kalamkari master artisans.",https://www.dhanalakshmikalamkari.in/?product=CPUR465,https://lh3.googleusercontent.com/d/1w1yZtGiblji0DKo7lnFlPKGr4tV7IrmD=w1200,in_stock,3800 INR,Dhanalakshmi Kalamkari,new,Apparel & Accessories > Clothing > Traditional & Ceremonial Clothing > Sarees
CPUR466,Hand-Painted Srikalahasti Pen Kalamkari Pure Tussar Silk duppatas Saree (CPUR466),"Authentic 100% hand-painted Srikalahasti Pen Kalamkari pure silk saree (Code: CPUR466). Handcrafted with bamboo pens and natural organic vegetable mineral dyes in Srikalahasti, Andhra Pradesh. Fabric: Pure Tussar Silk duppatas. Direct from Dhanalakshmi Kalamkari master artisans.",https://www.dhanalakshmikalamkari.in/?product=CPUR466,https://lh3.googleusercontent.com/d/19hCmAo5AYP4Z2sa6sDJuN_ZxLI1da1IG=w1200,in_stock,3800 INR,Dhanalakshmi Kalamkari,new,Apparel & Accessories > Clothing > Traditional & Ceremonial Clothing > Sarees
CPUR467,Hand-Painted Srikalahasti Pen Kalamkari Pure Tussar Silk duppatas Saree (CPUR467),"Authentic 100% hand-painted Srikalahasti Pen Kalamkari pure silk saree (Code: CPUR467). Handcrafted with bamboo pens and natural organic vegetable mineral dyes in Srikalahasti, Andhra Pradesh. Fabric: Pure Tussar Silk duppatas. Direct from Dhanalakshmi Kalamkari master artisans.",https://www.dhanalakshmikalamkari.in/?product=CPUR467,https://lh3.googleusercontent.com/d/1VEoLtYQmA1iAXM5s-AQqdpRYq1deK5ug=w1200,in_stock,3800 INR,Dhanalakshmi Kalamkari,new,Apparel & Accessories > Clothing > Traditional & Ceremonial Clothing > Sarees
CPUR453,Hand-Painted Srikalahasti Pen Kalamkari Pure Tussar Silk duppatas Saree (CPUR453),"Authentic 100% hand-painted Srikalahasti Pen Kalamkari pure silk saree (Code: CPUR453). Handcrafted with bamboo pens and natural organic vegetable mineral dyes in Srikalahasti, Andhra Pradesh. Fabric: Pure Tussar Silk duppatas. Direct from Dhanalakshmi Kalamkari master artisans.",https://www.dhanalakshmikalamkari.in/?product=CPUR453,https://lh3.googleusercontent.com/d/1HNJpBzidyViEn-15g7w0PQx1Libux558=w1200,in_stock,3800 INR,Dhanalakshmi Kalamkari,new,Apparel & Accessories > Clothing > Traditional & Ceremonial Clothing > Sarees
CPUR454,Hand-Painted Srikalahasti Pen Kalamkari Pure Tussar Silk duppatas Saree (CPUR454),"Authentic 100% hand-painted Srikalahasti Pen Kalamkari pure silk saree (Code: CPUR454). Handcrafted with bamboo pens and natural organic vegetable mineral dyes in Srikalahasti, Andhra Pradesh. Fabric: Pure Tussar Silk duppatas. Direct from Dhanalakshmi Kalamkari master artisans.",https://www.dhanalakshmikalamkari.in/?product=CPUR454,https://lh3.googleusercontent.com/d/1MPIQ4bDoaOP9WzKrvPFCUjCNqmpR6UsU=w1200,in_stock,3800 INR,Dhanalakshmi Kalamkari,new,Apparel & Accessories > Clothing > Traditional & Ceremonial Clothing > Sarees
CPUR440,Hand-Painted Srikalahasti Pen Kalamkari Pure Tussar Silk duppatas Saree (CPUR440),"Authentic 100% hand-painted Srikalahasti Pen Kalamkari pure silk saree (Code: CPUR440). Handcrafted with bamboo pens and natural organic vegetable mineral dyes in Srikalahasti, Andhra Pradesh. Fabric: Pure Tussar Silk duppatas. Direct from Dhanalakshmi Kalamkari master artisans.",https://www.dhanalakshmikalamkari.in/?product=CPUR440,https://lh3.googleusercontent.com/d/1XyAg9zFw5O4giLM4MBvClIcLL-_jhXvv=w1200,in_stock,3800 INR,Dhanalakshmi Kalamkari,new,Apparel & Accessories > Clothing > Traditional & Ceremonial Clothing > Sarees
CPUR437,Hand-Painted Srikalahasti Pen Kalamkari Pure Tussar Silk duppatas Saree (CPUR437),"Authentic 100% hand-painted Srikalahasti Pen Kalamkari pure silk saree (Code: CPUR437). Handcrafted with bamboo pens and natural organic vegetable mineral dyes in Srikalahasti, Andhra Pradesh. Fabric: Pure Tussar Silk duppatas. Direct from Dhanalakshmi Kalamkari master artisans.",https://www.dhanalakshmikalamkari.in/?product=CPUR437,https://lh3.googleusercontent.com/d/1_12no9NDe60rxtnLEG3iOL3rX_HH5tZm=w1200,in_stock,3800 INR,Dhanalakshmi Kalamkari,new,Apparel & Accessories > Clothing > Traditional & Ceremonial Clothing > Sarees
CPUR293,Hand-Painted Srikalahasti Pen Kalamkari Pure Tussar Silk duppatas Saree (CPUR293),"Authentic 100% hand-painted Srikalahasti Pen Kalamkari pure silk saree (Code: CPUR293). Handcrafted with bamboo pens and natural organic vegetable mineral dyes in Srikalahasti, Andhra Pradesh. Fabric: Pure Tussar Silk duppatas. Direct from Dhanalakshmi Kalamkari master artisans.",https://www.dhanalakshmikalamkari.in/?product=CPUR293,https://lh3.googleusercontent.com/d/1sBqSjeDWw40HrLc2AnnYcYTh4SVVSiej=w1200,in_stock,3800 INR,Dhanalakshmi Kalamkari,new,Apparel & Accessories > Clothing > Traditional & Ceremonial Clothing > Sarees
CPUR294,Hand-Painted Srikalahasti Pen Kalamkari Pure Tussar Silk duppatas Saree (CPUR294),"Authentic 100% hand-painted Srikalahasti Pen Kalamkari pure silk saree (Code: CPUR294). Handcrafted with bamboo pens and natural organic vegetable mineral dyes in Srikalahasti, Andhra Pradesh. Fabric: Pure Tussar Silk duppatas. Direct from Dhanalakshmi Kalamkari master artisans.",https://www.dhanalakshmikalamkari.in/?product=CPUR294,https://lh3.googleusercontent.com/d/1w9Yp4wE1-SD1Q6zQU4DVeNOo3Q3SsPu4=w1200,in_stock,3800 INR,Dhanalakshmi Kalamkari,new,Apparel & Accessories > Clothing > Traditional & Ceremonial Clothing > Sarees
CPUR296,Hand-Painted Srikalahasti Pen Kalamkari Pure Tussar Silk duppatas Saree (CPUR296),"Authentic 100% hand-painted Srikalahasti Pen Kalamkari pure silk saree (Code: CPUR296). Handcrafted with bamboo pens and natural organic vegetable mineral dyes in Srikalahasti, Andhra Pradesh. Fabric: Pure Tussar Silk duppatas. Direct from Dhanalakshmi Kalamkari master artisans.",https://www.dhanalakshmikalamkari.in/?product=CPUR296,https://lh3.googleusercontent.com/d/1Oj11vnt3iqBs5EF7I4MjBfwTAknlyCfW=w1200,in_stock,3800 INR,Dhanalakshmi Kalamkari,new,Apparel & Accessories > Clothing > Traditional & Ceremonial Clothing > Sarees
CPUR298,Hand-Painted Srikalahasti Pen Kalamkari Pure Tussar Silk duppatas Saree (CPUR298),"Authentic 100% hand-painted Srikalahasti Pen Kalamkari pure silk saree (Code: CPUR298). Handcrafted with bamboo pens and natural organic vegetable mineral dyes in Srikalahasti, Andhra Pradesh. Fabric: Pure Tussar Silk duppatas. Direct from Dhanalakshmi Kalamkari master artisans.",https://www.dhanalakshmikalamkari.in/?product=CPUR298,https://lh3.googleusercontent.com/d/1zTgnuemlBif8VThoTjJx-1L5iMztAQ6g=w1200,in_stock,3800 INR,Dhanalakshmi Kalamkari,new,Apparel & Accessories > Clothing > Traditional & Ceremonial Clothing > Sarees
CPUR312,Hand-Painted Srikalahasti Pen Kalamkari Pure Tussar Silk duppatas Saree (CPUR312),"Authentic 100% hand-painted Srikalahasti Pen Kalamkari pure silk saree (Code: CPUR312). Handcrafted with bamboo pens and natural organic vegetable mineral dyes in Srikalahasti, Andhra Pradesh. Fabric: Pure Tussar Silk duppatas. Direct from Dhanalakshmi Kalamkari master artisans.",https://www.dhanalakshmikalamkari.in/?product=CPUR312,https://lh3.googleusercontent.com/d/1-5Y8RDpM-uoXJkIWF90E1ldcZ2dHDn_H=w1200,in_stock,3800 INR,Dhanalakshmi Kalamkari,new,Apparel & Accessories > Clothing > Traditional & Ceremonial Clothing > Sarees
CPUR313,Hand-Painted Srikalahasti Pen Kalamkari Pure Tussar Silk duppatas Saree (CPUR313),"Authentic 100% hand-painted Srikalahasti Pen Kalamkari pure silk saree (Code: CPUR313). Handcrafted with bamboo pens and natural organic vegetable mineral dyes in Srikalahasti, Andhra Pradesh. Fabric: Pure Tussar Silk duppatas. Direct from Dhanalakshmi Kalamkari master artisans.",https://www.dhanalakshmikalamkari.in/?product=CPUR313,https://lh3.googleusercontent.com/d/1b-eSPoxe6m-AgT3nyKANSxQcuq5lwS00=w1200,in_stock,3800 INR,Dhanalakshmi Kalamkari,new,Apparel & Accessories > Clothing > Traditional & Ceremonial Clothing > Sarees
CPUR315,Hand-Painted Srikalahasti Pen Kalamkari Pure Tussar Silk duppatas Saree (CPUR315),"Authentic 100% hand-painted Srikalahasti Pen Kalamkari pure silk saree (Code: CPUR315). Handcrafted with bamboo pens and natural organic vegetable mineral dyes in Srikalahasti, Andhra Pradesh. Fabric: Pure Tussar Silk duppatas. Direct from Dhanalakshmi Kalamkari master artisans.",https://www.dhanalakshmikalamkari.in/?product=CPUR315,https://lh3.googleusercontent.com/d/1uwqTP6oL7tjA4nYT92R_r9mzB876w7aI=w1200,in_stock,3800 INR,Dhanalakshmi Kalamkari,new,Apparel & Accessories > Clothing > Traditional & Ceremonial Clothing > Sarees
CPUR318,Hand-Painted Srikalahasti Pen Kalamkari Pure Tussar Silk duppatas Saree (CPUR318),"Authentic 100% hand-painted Srikalahasti Pen Kalamkari pure silk saree (Code: CPUR318). Handcrafted with bamboo pens and natural organic vegetable mineral dyes in Srikalahasti, Andhra Pradesh. Fabric: Pure Tussar Silk duppatas. Direct from Dhanalakshmi Kalamkari master artisans.",https://www.dhanalakshmikalamkari.in/?product=CPUR318,https://lh3.googleusercontent.com/d/1utwQ6zQH7x9HyQ_a_x4WCCg_Ps0yPYI-=w1200,in_stock,3800 INR,Dhanalakshmi Kalamkari,new,Apparel & Accessories > Clothing > Traditional & Ceremonial Clothing > Sarees
CPUR320,Hand-Painted Srikalahasti Pen Kalamkari Pure Tussar Silk duppatas Saree (CPUR320),"Authentic 100% hand-painted Srikalahasti Pen Kalamkari pure silk saree (Code: CPUR320). Handcrafted with bamboo pens and natural organic vegetable mineral dyes in Srikalahasti, Andhra Pradesh. Fabric: Pure Tussar Silk duppatas. Direct from Dhanalakshmi Kalamkari master artisans.",https://www.dhanalakshmikalamkari.in/?product=CPUR320,https://lh3.googleusercontent.com/d/1pmkIJQvCkNT14b17M0_WCVGVCsJdtQ3T=w1200,in_stock,3800 INR,Dhanalakshmi Kalamkari,new,Apparel & Accessories > Clothing > Traditional & Ceremonial Clothing > Sarees
CPUR323,Hand-Painted Srikalahasti Pen Kalamkari Pure Tussar Silk duppatas Saree (CPUR323),"Authentic 100% hand-painted Srikalahasti Pen Kalamkari pure silk saree (Code: CPUR323). Handcrafted with bamboo pens and natural organic vegetable mineral dyes in Srikalahasti, Andhra Pradesh. Fabric: Pure Tussar Silk duppatas. Direct from Dhanalakshmi Kalamkari master artisans.",https://www.dhanalakshmikalamkari.in/?product=CPUR323,https://lh3.googleusercontent.com/d/1YYpU9asPCpexm5F7nofrtVoAph_46c-U=w1200,in_stock,3800 INR,Dhanalakshmi Kalamkari,new,Apparel & Accessories > Clothing > Traditional & Ceremonial Clothing > Sarees
CPUR324,Hand-Painted Srikalahasti Pen Kalamkari Pure Tussar Silk duppatas Saree (CPUR324),"Authentic 100% hand-painted Srikalahasti Pen Kalamkari pure silk saree (Code: CPUR324). Handcrafted with bamboo pens and natural organic vegetable mineral dyes in Srikalahasti, Andhra Pradesh. Fabric: Pure Tussar Silk duppatas. Direct from Dhanalakshmi Kalamkari master artisans.",https://www.dhanalakshmikalamkari.in/?product=CPUR324,https://lh3.googleusercontent.com/d/1mfssw-6f3b5rAAkAe5LSR61V_DKDpIuu=w1200,in_stock,3800 INR,Dhanalakshmi Kalamkari,new,Apparel & Accessories > Clothing > Traditional & Ceremonial Clothing > Sarees
CPUR325,Hand-Painted Srikalahasti Pen Kalamkari Pure Tussar Silk duppatas Saree (CPUR325),"Authentic 100% hand-painted Srikalahasti Pen Kalamkari pure silk saree (Code: CPUR325). Handcrafted with bamboo pens and natural organic vegetable mineral dyes in Srikalahasti, Andhra Pradesh. Fabric: Pure Tussar Silk duppatas. Direct from Dhanalakshmi Kalamkari master artisans.",https://www.dhanalakshmikalamkari.in/?product=CPUR325,https://lh3.googleusercontent.com/d/1omdfljchAdNiO2iZM57LHUyYSZvdDwvL=w1200,in_stock,3800 INR,Dhanalakshmi Kalamkari,new,Apparel & Accessories > Clothing > Traditional & Ceremonial Clothing > Sarees
CPUR328,Hand-Painted Srikalahasti Pen Kalamkari Pure Tussar Silk duppatas Saree (CPUR328),"Authentic 100% hand-painted Srikalahasti Pen Kalamkari pure silk saree (Code: CPUR328). Handcrafted with bamboo pens and natural organic vegetable mineral dyes in Srikalahasti, Andhra Pradesh. Fabric: Pure Tussar Silk duppatas. Direct from Dhanalakshmi Kalamkari master artisans.",https://www.dhanalakshmikalamkari.in/?product=CPUR328,https://lh3.googleusercontent.com/d/1qP3qdA6olMmNFIEAVijJ20UZ5ou0Y7No=w1200,in_stock,3800 INR,Dhanalakshmi Kalamkari,new,Apparel & Accessories > Clothing > Traditional & Ceremonial Clothing > Sarees
CPUR329,Hand-Painted Srikalahasti Pen Kalamkari Pure Tussar Silk duppatas Saree (CPUR329),"Authentic 100% hand-painted Srikalahasti Pen Kalamkari pure silk saree (Code: CPUR329). Handcrafted with bamboo pens and natural organic vegetable mineral dyes in Srikalahasti, Andhra Pradesh. Fabric: Pure Tussar Silk duppatas. Direct from Dhanalakshmi Kalamkari master artisans.",https://www.dhanalakshmikalamkari.in/?product=CPUR329,https://lh3.googleusercontent.com/d/1Igl95DUpotllgKMhaDT4N5Zq5ABlQ8YA=w1200,in_stock,3800 INR,Dhanalakshmi Kalamkari,new,Apparel & Accessories > Clothing > Traditional & Ceremonial Clothing > Sarees
CPUR330,Hand-Painted Srikalahasti Pen Kalamkari Pure Tussar Silk duppatas Saree (CPUR330),"Authentic 100% hand-painted Srikalahasti Pen Kalamkari pure silk saree (Code: CPUR330). Handcrafted with bamboo pens and natural organic vegetable mineral dyes in Srikalahasti, Andhra Pradesh. Fabric: Pure Tussar Silk duppatas. Direct from Dhanalakshmi Kalamkari master artisans.",https://www.dhanalakshmikalamkari.in/?product=CPUR330,https://lh3.googleusercontent.com/d/1mtoT8Gy4CBouG7mneUkRGW8MW59qU5DR=w1200,in_stock,3800 INR,Dhanalakshmi Kalamkari,new,Apparel & Accessories > Clothing > Traditional & Ceremonial Clothing > Sarees
CPUR331,Hand-Painted Srikalahasti Pen Kalamkari Pure Tussar Silk duppatas Saree (CPUR331),"Authentic 100% hand-painted Srikalahasti Pen Kalamkari pure silk saree (Code: CPUR331). Handcrafted with bamboo pens and natural organic vegetable mineral dyes in Srikalahasti, Andhra Pradesh. Fabric: Pure Tussar Silk duppatas. Direct from Dhanalakshmi Kalamkari master artisans.",https://www.dhanalakshmikalamkari.in/?product=CPUR331,https://lh3.googleusercontent.com/d/1foP7dsLM03cUXTZcesrLk62WDAeJsXBh=w1200,in_stock,3800 INR,Dhanalakshmi Kalamkari,new,Apparel & Accessories > Clothing > Traditional & Ceremonial Clothing > Sarees
CPUR340,Hand-Painted Srikalahasti Pen Kalamkari Pure Tussar Silk duppatas Saree (CPUR340),"Authentic 100% hand-painted Srikalahasti Pen Kalamkari pure silk saree (Code: CPUR340). Handcrafted with bamboo pens and natural organic vegetable mineral dyes in Srikalahasti, Andhra Pradesh. Fabric: Pure Tussar Silk duppatas. Direct from Dhanalakshmi Kalamkari master artisans.",https://www.dhanalakshmikalamkari.in/?product=CPUR340,https://lh3.googleusercontent.com/d/1vnxp0Aj-qd9t-KK4uNk1a1o-6GY0Ilo5=w1200,in_stock,3800 INR,Dhanalakshmi Kalamkari,new,Apparel & Accessories > Clothing > Traditional & Ceremonial Clothing > Sarees
CPUR341,Hand-Painted Srikalahasti Pen Kalamkari Pure Tussar Silk duppatas Saree (CPUR341),"Authentic 100% hand-painted Srikalahasti Pen Kalamkari pure silk saree (Code: CPUR341). Handcrafted with bamboo pens and natural organic vegetable mineral dyes in Srikalahasti, Andhra Pradesh. Fabric: Pure Tussar Silk duppatas. Direct from Dhanalakshmi Kalamkari master artisans.",https://www.dhanalakshmikalamkari.in/?product=CPUR341,https://lh3.googleusercontent.com/d/14C1EA_gUDlK5Y1uItc0j-mmBlg-rmifv=w1200,in_stock,3800 INR,Dhanalakshmi Kalamkari,new,Apparel & Accessories > Clothing > Traditional & Ceremonial Clothing > Sarees
CPUR342,Hand-Painted Srikalahasti Pen Kalamkari Pure Tussar Silk duppatas Saree (CPUR342),"Authentic 100% hand-painted Srikalahasti Pen Kalamkari pure silk saree (Code: CPUR342). Handcrafted with bamboo pens and natural organic vegetable mineral dyes in Srikalahasti, Andhra Pradesh. Fabric: Pure Tussar Silk duppatas. Direct from Dhanalakshmi Kalamkari master artisans.",https://www.dhanalakshmikalamkari.in/?product=CPUR342,https://lh3.googleusercontent.com/d/1hU2CbrZYYLOWFY0nkxw2u6cBOs0oHL9S=w1200,in_stock,3800 INR,Dhanalakshmi Kalamkari,new,Apparel & Accessories > Clothing > Traditional & Ceremonial Clothing > Sarees
CPUR344,Hand-Painted Srikalahasti Pen Kalamkari Pure Tussar Silk duppatas Saree (CPUR344),"Authentic 100% hand-painted Srikalahasti Pen Kalamkari pure silk saree (Code: CPUR344). Handcrafted with bamboo pens and natural organic vegetable mineral dyes in Srikalahasti, Andhra Pradesh. Fabric: Pure Tussar Silk duppatas. Direct from Dhanalakshmi Kalamkari master artisans.",https://www.dhanalakshmikalamkari.in/?product=CPUR344,https://lh3.googleusercontent.com/d/1bMBarIWmJ2mxFtk8TLuO8IHYQkhQJcho=w1200,in_stock,3800 INR,Dhanalakshmi Kalamkari,new,Apparel & Accessories > Clothing > Traditional & Ceremonial Clothing > Sarees
CPUR347,Hand-Painted Srikalahasti Pen Kalamkari Pure Tussar Silk duppatas Saree (CPUR347),"Authentic 100% hand-painted Srikalahasti Pen Kalamkari pure silk saree (Code: CPUR347). Handcrafted with bamboo pens and natural organic vegetable mineral dyes in Srikalahasti, Andhra Pradesh. Fabric: Pure Tussar Silk duppatas. Direct from Dhanalakshmi Kalamkari master artisans.",https://www.dhanalakshmikalamkari.in/?product=CPUR347,https://lh3.googleusercontent.com/d/1RlgwUUaAD_nM-ODzXJBt3YZv7bV9MLCx=w1200,in_stock,3800 INR,Dhanalakshmi Kalamkari,new,Apparel & Accessories > Clothing > Traditional & Ceremonial Clothing > Sarees
CPUR348,Hand-Painted Srikalahasti Pen Kalamkari Pure Tussar Silk duppatas Saree (CPUR348),"Authentic 100% hand-painted Srikalahasti Pen Kalamkari pure silk saree (Code: CPUR348). Handcrafted with bamboo pens and natural organic vegetable mineral dyes in Srikalahasti, Andhra Pradesh. Fabric: Pure Tussar Silk duppatas. Direct from Dhanalakshmi Kalamkari master artisans.",https://www.dhanalakshmikalamkari.in/?product=CPUR348,https://lh3.googleusercontent.com/d/10iH68JrTcIEIn8tASy9-8jpTEd76BdJW=w1200,in_stock,3800 INR,Dhanalakshmi Kalamkari,new,Apparel & Accessories > Clothing > Traditional & Ceremonial Clothing > Sarees
CPUR352,Hand-Painted Srikalahasti Pen Kalamkari Pure Tussar Silk duppatas Saree (CPUR352),"Authentic 100% hand-painted Srikalahasti Pen Kalamkari pure silk saree (Code: CPUR352). Handcrafted with bamboo pens and natural organic vegetable mineral dyes in Srikalahasti, Andhra Pradesh. Fabric: Pure Tussar Silk duppatas. Direct from Dhanalakshmi Kalamkari master artisans.",https://www.dhanalakshmikalamkari.in/?product=CPUR352,https://lh3.googleusercontent.com/d/1S3Z-TGND5U9yHtp3DDNGF2TDOXfWvQKl=w1200,in_stock,3800 INR,Dhanalakshmi Kalamkari,new,Apparel & Accessories > Clothing > Traditional & Ceremonial Clothing > Sarees
CPUR353,Hand-Painted Srikalahasti Pen Kalamkari Pure Tussar Silk duppatas Saree (CPUR353),"Authentic 100% hand-painted Srikalahasti Pen Kalamkari pure silk saree (Code: CPUR353). Handcrafted with bamboo pens and natural organic vegetable mineral dyes in Srikalahasti, Andhra Pradesh. Fabric: Pure Tussar Silk duppatas. Direct from Dhanalakshmi Kalamkari master artisans.",https://www.dhanalakshmikalamkari.in/?product=CPUR353,https://lh3.googleusercontent.com/d/1FEWVWB-zuMkKnW4SL6lyKvIOmfriIeIA=w1200,in_stock,3800 INR,Dhanalakshmi Kalamkari,new,Apparel & Accessories > Clothing > Traditional & Ceremonial Clothing > Sarees
CPUR356,Hand-Painted Srikalahasti Pen Kalamkari Pure Tussar Silk duppatas Saree (CPUR356),"Authentic 100% hand-painted Srikalahasti Pen Kalamkari pure silk saree (Code: CPUR356). Handcrafted with bamboo pens and natural organic vegetable mineral dyes in Srikalahasti, Andhra Pradesh. Fabric: Pure Tussar Silk duppatas. Direct from Dhanalakshmi Kalamkari master artisans.",https://www.dhanalakshmikalamkari.in/?product=CPUR356,https://lh3.googleusercontent.com/d/1FiaOrSnlJm_4vVBrFTSR1bzBbVWGYbYQ=w1200,in_stock,3800 INR,Dhanalakshmi Kalamkari,new,Apparel & Accessories > Clothing > Traditional & Ceremonial Clothing > Sarees
CPUR357,Hand-Painted Srikalahasti Pen Kalamkari Pure Tussar Silk duppatas Saree (CPUR357),"Authentic 100% hand-painted Srikalahasti Pen Kalamkari pure silk saree (Code: CPUR357). Handcrafted with bamboo pens and natural organic vegetable mineral dyes in Srikalahasti, Andhra Pradesh. Fabric: Pure Tussar Silk duppatas. Direct from Dhanalakshmi Kalamkari master artisans.",https://www.dhanalakshmikalamkari.in/?product=CPUR357,https://lh3.googleusercontent.com/d/1Iw-2QuVa4Kc03eAg2Ll5Oq_hvyqZeSqm=w1200,in_stock,3800 INR,Dhanalakshmi Kalamkari,new,Apparel & Accessories > Clothing > Traditional & Ceremonial Clothing > Sarees
CPUR358,Hand-Painted Srikalahasti Pen Kalamkari Pure Tussar Silk duppatas Saree (CPUR358),"Authentic 100% hand-painted Srikalahasti Pen Kalamkari pure silk saree (Code: CPUR358). Handcrafted with bamboo pens and natural organic vegetable mineral dyes in Srikalahasti, Andhra Pradesh. Fabric: Pure Tussar Silk duppatas. Direct from Dhanalakshmi Kalamkari master artisans.",https://www.dhanalakshmikalamkari.in/?product=CPUR358,https://lh3.googleusercontent.com/d/1MpEVqYlEEBGFCl6AitJXKU1yrXM4uHin=w1200,in_stock,3800 INR,Dhanalakshmi Kalamkari,new,Apparel & Accessories > Clothing > Traditional & Ceremonial Clothing > Sarees
CPUR361,Hand-Painted Srikalahasti Pen Kalamkari Pure Tussar Silk duppatas Saree (CPUR361),"Authentic 100% hand-painted Srikalahasti Pen Kalamkari pure silk saree (Code: CPUR361). Handcrafted with bamboo pens and natural organic vegetable mineral dyes in Srikalahasti, Andhra Pradesh. Fabric: Pure Tussar Silk duppatas. Direct from Dhanalakshmi Kalamkari master artisans.",https://www.dhanalakshmikalamkari.in/?product=CPUR361,https://lh3.googleusercontent.com/d/1DbHI_OUBSMQFJIUo1FzV8wyJDpv-pS_L=w1200,in_stock,3800 INR,Dhanalakshmi Kalamkari,new,Apparel & Accessories > Clothing > Traditional & Ceremonial Clothing > Sarees
CPUR363,Hand-Painted Srikalahasti Pen Kalamkari Pure Tussar Silk duppatas Saree (CPUR363),"Authentic 100% hand-painted Srikalahasti Pen Kalamkari pure silk saree (Code: CPUR363). Handcrafted with bamboo pens and natural organic vegetable mineral dyes in Srikalahasti, Andhra Pradesh. Fabric: Pure Tussar Silk duppatas. Direct from Dhanalakshmi Kalamkari master artisans.",https://www.dhanalakshmikalamkari.in/?product=CPUR363,https://lh3.googleusercontent.com/d/1j8lQkATxaG34_RewQaI0xP3wJ5Br3weq=w1200,in_stock,3800 INR,Dhanalakshmi Kalamkari,new,Apparel & Accessories > Clothing > Traditional & Ceremonial Clothing > Sarees
CPUR364,Hand-Painted Srikalahasti Pen Kalamkari Pure Tussar Silk duppatas Saree (CPUR364),"Authentic 100% hand-painted Srikalahasti Pen Kalamkari pure silk saree (Code: CPUR364). Handcrafted with bamboo pens and natural organic vegetable mineral dyes in Srikalahasti, Andhra Pradesh. Fabric: Pure Tussar Silk duppatas. Direct from Dhanalakshmi Kalamkari master artisans.",https://www.dhanalakshmikalamkari.in/?product=CPUR364,https://lh3.googleusercontent.com/d/1KnbY4BaCD7k5mqxjBpuPlVZ2AF8N8ecX=w1200,in_stock,3800 INR,Dhanalakshmi Kalamkari,new,Apparel & Accessories > Clothing > Traditional & Ceremonial Clothing > Sarees
CPUR366,Hand-Painted Srikalahasti Pen Kalamkari Pure Tussar Silk duppatas Saree (CPUR366),"Authentic 100% hand-painted Srikalahasti Pen Kalamkari pure silk saree (Code: CPUR366). Handcrafted with bamboo pens and natural organic vegetable mineral dyes in Srikalahasti, Andhra Pradesh. Fabric: Pure Tussar Silk duppatas. Direct from Dhanalakshmi Kalamkari master artisans.",https://www.dhanalakshmikalamkari.in/?product=CPUR366,https://lh3.googleusercontent.com/d/16hRXaPP9JnyrZ7L7vETnj2R84egC2ghA=w1200,in_stock,3800 INR,Dhanalakshmi Kalamkari,new,Apparel & Accessories > Clothing > Traditional & Ceremonial Clothing > Sarees
CPUR370,Hand-Painted Srikalahasti Pen Kalamkari Pure Tussar Silk duppatas Saree (CPUR370),"Authentic 100% hand-painted Srikalahasti Pen Kalamkari pure silk saree (Code: CPUR370). Handcrafted with bamboo pens and natural organic vegetable mineral dyes in Srikalahasti, Andhra Pradesh. Fabric: Pure Tussar Silk duppatas. Direct from Dhanalakshmi Kalamkari master artisans.",https://www.dhanalakshmikalamkari.in/?product=CPUR370,https://lh3.googleusercontent.com/d/1DiRXMQ5hE1_e_rwZhhfCdvRuXQp5G2Zl=w1200,in_stock,3800 INR,Dhanalakshmi Kalamkari,new,Apparel & Accessories > Clothing > Traditional & Ceremonial Clothing > Sarees
CPUR372,Hand-Painted Srikalahasti Pen Kalamkari Pure Tussar Silk duppatas Saree (CPUR372),"Authentic 100% hand-painted Srikalahasti Pen Kalamkari pure silk saree (Code: CPUR372). Handcrafted with bamboo pens and natural organic vegetable mineral dyes in Srikalahasti, Andhra Pradesh. Fabric: Pure Tussar Silk duppatas. Direct from Dhanalakshmi Kalamkari master artisans.",https://www.dhanalakshmikalamkari.in/?product=CPUR372,https://lh3.googleusercontent.com/d/1-Puzb17sOgZOqdQb0XHFN65wEnHn8B4W=w1200,in_stock,3800 INR,Dhanalakshmi Kalamkari,new,Apparel & Accessories > Clothing > Traditional & Ceremonial Clothing > Sarees
CPUR373,Hand-Painted Srikalahasti Pen Kalamkari Pure Tussar Silk duppatas Saree (CPUR373),"Authentic 100% hand-painted Srikalahasti Pen Kalamkari pure silk saree (Code: CPUR373). Handcrafted with bamboo pens and natural organic vegetable mineral dyes in Srikalahasti, Andhra Pradesh. Fabric: Pure Tussar Silk duppatas. Direct from Dhanalakshmi Kalamkari master artisans.",https://www.dhanalakshmikalamkari.in/?product=CPUR373,https://lh3.googleusercontent.com/d/16KtpVxw9V2ABUFdi0yCGWLCzhV_2VLZo=w1200,in_stock,3800 INR,Dhanalakshmi Kalamkari,new,Apparel & Accessories > Clothing > Traditional & Ceremonial Clothing > Sarees
CPUR375,Hand-Painted Srikalahasti Pen Kalamkari Pure Tussar Silk duppatas Saree (CPUR375),"Authentic 100% hand-painted Srikalahasti Pen Kalamkari pure silk saree (Code: CPUR375). Handcrafted with bamboo pens and natural organic vegetable mineral dyes in Srikalahasti, Andhra Pradesh. Fabric: Pure Tussar Silk duppatas. Direct from Dhanalakshmi Kalamkari master artisans.",https://www.dhanalakshmikalamkari.in/?product=CPUR375,https://lh3.googleusercontent.com/d/1ewvxbH8Cs_OBI7kBaakTQHqsYYvUsYkT=w1200,in_stock,3800 INR,Dhanalakshmi Kalamkari,new,Apparel & Accessories > Clothing > Traditional & Ceremonial Clothing > Sarees
CPUR377,Hand-Painted Srikalahasti Pen Kalamkari Pure Tussar Silk duppatas Saree (CPUR377),"Authentic 100% hand-painted Srikalahasti Pen Kalamkari pure silk saree (Code: CPUR377). Handcrafted with bamboo pens and natural organic vegetable mineral dyes in Srikalahasti, Andhra Pradesh. Fabric: Pure Tussar Silk duppatas. Direct from Dhanalakshmi Kalamkari master artisans.",https://www.dhanalakshmikalamkari.in/?product=CPUR377,https://lh3.googleusercontent.com/d/1jEVdzhexG5rOliqmWpRoOtxn8ZRuPunm=w1200,in_stock,3800 INR,Dhanalakshmi Kalamkari,new,Apparel & Accessories > Clothing > Traditional & Ceremonial Clothing > Sarees
CPUR378,Hand-Painted Srikalahasti Pen Kalamkari Pure Tussar Silk duppatas Saree (CPUR378),"Authentic 100% hand-painted Srikalahasti Pen Kalamkari pure silk saree (Code: CPUR378). Handcrafted with bamboo pens and natural organic vegetable mineral dyes in Srikalahasti, Andhra Pradesh. Fabric: Pure Tussar Silk duppatas. Direct from Dhanalakshmi Kalamkari master artisans.",https://www.dhanalakshmikalamkari.in/?product=CPUR378,https://lh3.googleusercontent.com/d/1Est3qTDUJnWWVP8xBsbQ8-29l3T2zb9o=w1200,in_stock,3800 INR,Dhanalakshmi Kalamkari,new,Apparel & Accessories > Clothing > Traditional & Ceremonial Clothing > Sarees
CPUR379,Hand-Painted Srikalahasti Pen Kalamkari Pure Tussar Silk duppatas Saree (CPUR379),"Authentic 100% hand-painted Srikalahasti Pen Kalamkari pure silk saree (Code: CPUR379). Handcrafted with bamboo pens and natural organic vegetable mineral dyes in Srikalahasti, Andhra Pradesh. Fabric: Pure Tussar Silk duppatas. Direct from Dhanalakshmi Kalamkari master artisans.",https://www.dhanalakshmikalamkari.in/?product=CPUR379,https://lh3.googleusercontent.com/d/1d1KI3rlg9WWoyey_uiqG6gVoyqEMCkI2=w1200,in_stock,3800 INR,Dhanalakshmi Kalamkari,new,Apparel & Accessories > Clothing > Traditional & Ceremonial Clothing > Sarees
CPUR381,Hand-Painted Srikalahasti Pen Kalamkari Pure Tussar Silk duppatas Saree (CPUR381),"Authentic 100% hand-painted Srikalahasti Pen Kalamkari pure silk saree (Code: CPUR381). Handcrafted with bamboo pens and natural organic vegetable mineral dyes in Srikalahasti, Andhra Pradesh. Fabric: Pure Tussar Silk duppatas. Direct from Dhanalakshmi Kalamkari master artisans.",https://www.dhanalakshmikalamkari.in/?product=CPUR381,https://lh3.googleusercontent.com/d/17y6rPzO_dTHDRStoTENRxelkCbxXQSft=w1200,in_stock,3800 INR,Dhanalakshmi Kalamkari,new,Apparel & Accessories > Clothing > Traditional & Ceremonial Clothing > Sarees
CPUR383,Hand-Painted Srikalahasti Pen Kalamkari Pure Tussar Silk Sarees Saree (CPUR383),"Authentic 100% hand-painted Srikalahasti Pen Kalamkari pure silk saree (Code: CPUR383). Handcrafted with bamboo pens and natural organic vegetable mineral dyes in Srikalahasti, Andhra Pradesh. Fabric: Pure Tussar Silk Sarees. Direct from Dhanalakshmi Kalamkari master artisans.",https://www.dhanalakshmikalamkari.in/?product=CPUR383,https://lh3.googleusercontent.com/d/10Y0RDNMuYgXRn4w-i0wUTDb_GM5fDkgX=w1200,in_stock,19500 INR,Dhanalakshmi Kalamkari,new,Apparel & Accessories > Clothing > Traditional & Ceremonial Clothing > Sarees
CPUR385,Hand-Painted Srikalahasti Pen Kalamkari Pure Tussar Silk Sarees Saree (CPUR385),"Authentic 100% hand-painted Srikalahasti Pen Kalamkari pure silk saree (Code: CPUR385). Handcrafted with bamboo pens and natural organic vegetable mineral dyes in Srikalahasti, Andhra Pradesh. Fabric: Pure Tussar Silk Sarees. Direct from Dhanalakshmi Kalamkari master artisans.",https://www.dhanalakshmikalamkari.in/?product=CPUR385,https://lh3.googleusercontent.com/d/1MmmuNSf8yIjXFaEu-Scb54SXDN7N2O9F=w1200,in_stock,19500 INR,Dhanalakshmi Kalamkari,new,Apparel & Accessories > Clothing > Traditional & Ceremonial Clothing > Sarees
CPUR386,Hand-Painted Srikalahasti Pen Kalamkari Pure Tussar Silk Sarees Saree (CPUR386),"Authentic 100% hand-painted Srikalahasti Pen Kalamkari pure silk saree (Code: CPUR386). Handcrafted with bamboo pens and natural organic vegetable mineral dyes in Srikalahasti, Andhra Pradesh. Fabric: Pure Tussar Silk Sarees. Direct from Dhanalakshmi Kalamkari master artisans.",https://www.dhanalakshmikalamkari.in/?product=CPUR386,https://lh3.googleusercontent.com/d/1MjECUFmlvqKRg72rQarMLve_WlUCbnUO=w1200,in_stock,19500 INR,Dhanalakshmi Kalamkari,new,Apparel & Accessories > Clothing > Traditional & Ceremonial Clothing > Sarees
CPUR387,Hand-Painted Srikalahasti Pen Kalamkari Pure Tussar Silk Sarees Saree (CPUR387),"Authentic 100% hand-painted Srikalahasti Pen Kalamkari pure silk saree (Code: CPUR387). Handcrafted with bamboo pens and natural organic vegetable mineral dyes in Srikalahasti, Andhra Pradesh. Fabric: Pure Tussar Silk Sarees. Direct from Dhanalakshmi Kalamkari master artisans.",https://www.dhanalakshmikalamkari.in/?product=CPUR387,https://lh3.googleusercontent.com/d/1LLDulppur2IjojSrVCTTXY-TlrkhuoZ9=w1200,in_stock,19500 INR,Dhanalakshmi Kalamkari,new,Apparel & Accessories > Clothing > Traditional & Ceremonial Clothing > Sarees
CPUR388,Hand-Painted Srikalahasti Pen Kalamkari Pure Tussar Silk Sarees Saree (CPUR388),"Authentic 100% hand-painted Srikalahasti Pen Kalamkari pure silk saree (Code: CPUR388). Handcrafted with bamboo pens and natural organic vegetable mineral dyes in Srikalahasti, Andhra Pradesh. Fabric: Pure Tussar Silk Sarees. Direct from Dhanalakshmi Kalamkari master artisans.",https://www.dhanalakshmikalamkari.in/?product=CPUR388,https://lh3.googleusercontent.com/d/1tPZIF63XfLeiJILRAM_OUhpWPbdWKo3J=w1200,in_stock,19500 INR,Dhanalakshmi Kalamkari,new,Apparel & Accessories > Clothing > Traditional & Ceremonial Clothing > Sarees
CPUR390,Hand-Painted Srikalahasti Pen Kalamkari Pure Tussar Silk Sarees Saree (CPUR390),"Authentic 100% hand-painted Srikalahasti Pen Kalamkari pure silk saree (Code: CPUR390). Handcrafted with bamboo pens and natural organic vegetable mineral dyes in Srikalahasti, Andhra Pradesh. Fabric: Pure Tussar Silk Sarees. Direct from Dhanalakshmi Kalamkari master artisans.",https://www.dhanalakshmikalamkari.in/?product=CPUR390,https://lh3.googleusercontent.com/d/1tvIGbKrsatHZICtSqYQAvurNX_nhKX89=w1200,in_stock,19500 INR,Dhanalakshmi Kalamkari,new,Apparel & Accessories > Clothing > Traditional & Ceremonial Clothing > Sarees
CPUR391,Hand-Painted Srikalahasti Pen Kalamkari Pure Tussar Silk Sarees Saree (CPUR391),"Authentic 100% hand-painted Srikalahasti Pen Kalamkari pure silk saree (Code: CPUR391). Handcrafted with bamboo pens and natural organic vegetable mineral dyes in Srikalahasti, Andhra Pradesh. Fabric: Pure Tussar Silk Sarees. Direct from Dhanalakshmi Kalamkari master artisans.",https://www.dhanalakshmikalamkari.in/?product=CPUR391,https://lh3.googleusercontent.com/d/14fA_LcUqJ8l7fMyd7MzRAcogVNvSyfiQ=w1200,in_stock,19500 INR,Dhanalakshmi Kalamkari,new,Apparel & Accessories > Clothing > Traditional & Ceremonial Clothing > Sarees
CPUR392,Hand-Painted Srikalahasti Pen Kalamkari Pure Tussar Silk Sarees Saree (CPUR392),"Authentic 100% hand-painted Srikalahasti Pen Kalamkari pure silk saree (Code: CPUR392). Handcrafted with bamboo pens and natural organic vegetable mineral dyes in Srikalahasti, Andhra Pradesh. Fabric: Pure Tussar Silk Sarees. Direct from Dhanalakshmi Kalamkari master artisans.",https://www.dhanalakshmikalamkari.in/?product=CPUR392,https://lh3.googleusercontent.com/d/1TgUZggIlv35rS163ZYNmP4_1h2-o-Va_=w1200,in_stock,19500 INR,Dhanalakshmi Kalamkari,new,Apparel & Accessories > Clothing > Traditional & Ceremonial Clothing > Sarees
CPUR393,Hand-Painted Srikalahasti Pen Kalamkari Pure Tussar Silk Sarees Saree (CPUR393),"Authentic 100% hand-painted Srikalahasti Pen Kalamkari pure silk saree (Code: CPUR393). Handcrafted with bamboo pens and natural organic vegetable mineral dyes in Srikalahasti, Andhra Pradesh. Fabric: Pure Tussar Silk Sarees. Direct from Dhanalakshmi Kalamkari master artisans.",https://www.dhanalakshmikalamkari.in/?product=CPUR393,https://lh3.googleusercontent.com/d/1pNorHtFZtfA993FVZfanX8CW0jDQhSN9=w1200,in_stock,19500 INR,Dhanalakshmi Kalamkari,new,Apparel & Accessories > Clothing > Traditional & Ceremonial Clothing > Sarees
CPUR394,Hand-Painted Srikalahasti Pen Kalamkari Pure Tussar Silk Sarees Saree (CPUR394),"Authentic 100% hand-painted Srikalahasti Pen Kalamkari pure silk saree (Code: CPUR394). Handcrafted with bamboo pens and natural organic vegetable mineral dyes in Srikalahasti, Andhra Pradesh. Fabric: Pure Tussar Silk Sarees. Direct from Dhanalakshmi Kalamkari master artisans.",https://www.dhanalakshmikalamkari.in/?product=CPUR394,https://lh3.googleusercontent.com/d/1_5sDtlJ23DQQ9Aoeod-3n5tqRlIGIyGu=w1200,in_stock,16500 INR,Dhanalakshmi Kalamkari,new,Apparel & Accessories > Clothing > Traditional & Ceremonial Clothing > Sarees
CPUR442,Hand-Painted Srikalahasti Pen Kalamkari Pure Tussar Silk Sarees Saree (CPUR442),"Authentic 100% hand-painted Srikalahasti Pen Kalamkari pure silk saree (Code: CPUR442). Handcrafted with bamboo pens and natural organic vegetable mineral dyes in Srikalahasti, Andhra Pradesh. Fabric: Pure Tussar Silk Sarees. Direct from Dhanalakshmi Kalamkari master artisans.",https://www.dhanalakshmikalamkari.in/?product=CPUR442,https://lh3.googleusercontent.com/d/10nJmtuHi3vUq1Rk59x348fV_pMWxlaQ4=w1200,in_stock,15000 INR,Dhanalakshmi Kalamkari,new,Apparel & Accessories > Clothing > Traditional & Ceremonial Clothing > Sarees
CPUR396,Hand-Painted Srikalahasti Pen Kalamkari Pure Tussar Silk Sarees Saree (CPUR396),"Authentic 100% hand-painted Srikalahasti Pen Kalamkari pure silk saree (Code: CPUR396). Handcrafted with bamboo pens and natural organic vegetable mineral dyes in Srikalahasti, Andhra Pradesh. Fabric: Pure Tussar Silk Sarees. Direct from Dhanalakshmi Kalamkari master artisans.",https://www.dhanalakshmikalamkari.in/?product=CPUR396,https://lh3.googleusercontent.com/d/1hh5cJtTabejecaYg7zBfjGON1vx1SkN7=w1200,in_stock,15000 INR,Dhanalakshmi Kalamkari,new,Apparel & Accessories > Clothing > Traditional & Ceremonial Clothing > Sarees
CPUR398,Hand-Painted Srikalahasti Pen Kalamkari Pure Tussar Silk Sarees Saree (CPUR398),"Authentic 100% hand-painted Srikalahasti Pen Kalamkari pure silk saree (Code: CPUR398). Handcrafted with bamboo pens and natural organic vegetable mineral dyes in Srikalahasti, Andhra Pradesh. Fabric: Pure Tussar Silk Sarees. Direct from Dhanalakshmi Kalamkari master artisans.",https://www.dhanalakshmikalamkari.in/?product=CPUR398,https://lh3.googleusercontent.com/d/1kgFaUwnOc0zWROrKTxLan4WT6YkV-k9r=w1200,in_stock,15000 INR,Dhanalakshmi Kalamkari,new,Apparel & Accessories > Clothing > Traditional & Ceremonial Clothing > Sarees
CPUR399,Hand-Painted Srikalahasti Pen Kalamkari Pure Tussar Silk Sarees Saree (CPUR399),"Authentic 100% hand-painted Srikalahasti Pen Kalamkari pure silk saree (Code: CPUR399). Handcrafted with bamboo pens and natural organic vegetable mineral dyes in Srikalahasti, Andhra Pradesh. Fabric: Pure Tussar Silk Sarees. Direct from Dhanalakshmi Kalamkari master artisans.",https://www.dhanalakshmikalamkari.in/?product=CPUR399,https://lh3.googleusercontent.com/d/1LzDBRIEIbqd6hRopMJLQCWAYeTZpQuWf=w1200,in_stock,15000 INR,Dhanalakshmi Kalamkari,new,Apparel & Accessories > Clothing > Traditional & Ceremonial Clothing > Sarees
CPUR402,Hand-Painted Srikalahasti Pen Kalamkari Pure Tussar Silk Sarees Saree (CPUR402),"Authentic 100% hand-painted Srikalahasti Pen Kalamkari pure silk saree (Code: CPUR402). Handcrafted with bamboo pens and natural organic vegetable mineral dyes in Srikalahasti, Andhra Pradesh. Fabric: Pure Tussar Silk Sarees. Direct from Dhanalakshmi Kalamkari master artisans.",https://www.dhanalakshmikalamkari.in/?product=CPUR402,https://lh3.googleusercontent.com/d/12S-Lcmjwl8iCZsY8sZzBjkXVkGB_osU7=w1200,in_stock,15000 INR,Dhanalakshmi Kalamkari,new,Apparel & Accessories > Clothing > Traditional & Ceremonial Clothing > Sarees
CPUR411,Hand-Painted Srikalahasti Pen Kalamkari Pure Tussar Silk Sarees Saree (CPUR411),"Authentic 100% hand-painted Srikalahasti Pen Kalamkari pure silk saree (Code: CPUR411). Handcrafted with bamboo pens and natural organic vegetable mineral dyes in Srikalahasti, Andhra Pradesh. Fabric: Pure Tussar Silk Sarees. Direct from Dhanalakshmi Kalamkari master artisans.",https://www.dhanalakshmikalamkari.in/?product=CPUR411,https://lh3.googleusercontent.com/d/1esHPE37EtlBKbL_vMKICwDTClwi3XeDo=w1200,in_stock,15000 INR,Dhanalakshmi Kalamkari,new,Apparel & Accessories > Clothing > Traditional & Ceremonial Clothing > Sarees
CPUR414,Hand-Painted Srikalahasti Pen Kalamkari Pure Tussar Silk Sarees Saree (CPUR414),"Authentic 100% hand-painted Srikalahasti Pen Kalamkari pure silk saree (Code: CPUR414). Handcrafted with bamboo pens and natural organic vegetable mineral dyes in Srikalahasti, Andhra Pradesh. Fabric: Pure Tussar Silk Sarees. Direct from Dhanalakshmi Kalamkari master artisans.",https://www.dhanalakshmikalamkari.in/?product=CPUR414,https://lh3.googleusercontent.com/d/1y5sk7oUKI1mFx99gn3GV8LdW-z7aIY8z=w1200,in_stock,15000 INR,Dhanalakshmi Kalamkari,new,Apparel & Accessories > Clothing > Traditional & Ceremonial Clothing > Sarees
CPUR455,Hand-Painted Srikalahasti Pen Kalamkari Pure Tussar Silk Sarees Saree (CPUR455),"Authentic 100% hand-painted Srikalahasti Pen Kalamkari pure silk saree (Code: CPUR455). Handcrafted with bamboo pens and natural organic vegetable mineral dyes in Srikalahasti, Andhra Pradesh. Fabric: Pure Tussar Silk Sarees. Direct from Dhanalakshmi Kalamkari master artisans.",https://www.dhanalakshmikalamkari.in/?product=CPUR455,https://lh3.googleusercontent.com/d/1eMr6OGFdYdbGBltfDKDkC3xKqOblgp6m=w1200,in_stock,14000 INR,Dhanalakshmi Kalamkari,new,Apparel & Accessories > Clothing > Traditional & Ceremonial Clothing > Sarees
CPUR443,Hand-Painted Srikalahasti Pen Kalamkari Pure Tussar Silk Sarees Saree (CPUR443),"Authentic 100% hand-painted Srikalahasti Pen Kalamkari pure silk saree (Code: CPUR443). Handcrafted with bamboo pens and natural organic vegetable mineral dyes in Srikalahasti, Andhra Pradesh. Fabric: Pure Tussar Silk Sarees. Direct from Dhanalakshmi Kalamkari master artisans.",https://www.dhanalakshmikalamkari.in/?product=CPUR443,https://lh3.googleusercontent.com/d/15PCOjQ5CZX2N_l70p9iiUHWRI3-WQjjz=w1200,in_stock,14000 INR,Dhanalakshmi Kalamkari,new,Apparel & Accessories > Clothing > Traditional & Ceremonial Clothing > Sarees
CPUR415,Hand-Painted Srikalahasti Pen Kalamkari Pure Tussar Silk Sarees Saree (CPUR415),"Authentic 100% hand-painted Srikalahasti Pen Kalamkari pure silk saree (Code: CPUR415). Handcrafted with bamboo pens and natural organic vegetable mineral dyes in Srikalahasti, Andhra Pradesh. Fabric: Pure Tussar Silk Sarees. Direct from Dhanalakshmi Kalamkari master artisans.",https://www.dhanalakshmikalamkari.in/?product=CPUR415,https://lh3.googleusercontent.com/d/1SJxsGtxCy0-bpSTgyIgdpPFV26bIH4kr=w1200,in_stock,14000 INR,Dhanalakshmi Kalamkari,new,Apparel & Accessories > Clothing > Traditional & Ceremonial Clothing > Sarees
CPUR419,Hand-Painted Srikalahasti Pen Kalamkari Pure Tussar Silk Sarees Saree (CPUR419),"Authentic 100% hand-painted Srikalahasti Pen Kalamkari pure silk saree (Code: CPUR419). Handcrafted with bamboo pens and natural organic vegetable mineral dyes in Srikalahasti, Andhra Pradesh. Fabric: Pure Tussar Silk Sarees. Direct from Dhanalakshmi Kalamkari master artisans.",https://www.dhanalakshmikalamkari.in/?product=CPUR419,https://lh3.googleusercontent.com/d/1XZ_8hCazSKr6-hXf8nm9A0ZJCg2wyogL=w1200,in_stock,14000 INR,Dhanalakshmi Kalamkari,new,Apparel & Accessories > Clothing > Traditional & Ceremonial Clothing > Sarees
CPUR421,Hand-Painted Srikalahasti Pen Kalamkari Pure Tussar Silk Sarees Saree (CPUR421),"Authentic 100% hand-painted Srikalahasti Pen Kalamkari pure silk saree (Code: CPUR421). Handcrafted with bamboo pens and natural organic vegetable mineral dyes in Srikalahasti, Andhra Pradesh. Fabric: Pure Tussar Silk Sarees. Direct from Dhanalakshmi Kalamkari master artisans.",https://www.dhanalakshmikalamkari.in/?product=CPUR421,https://lh3.googleusercontent.com/d/11PSo3za7oiAo5g3b9vjH7rg2dDbEenlt=w1200,in_stock,14000 INR,Dhanalakshmi Kalamkari,new,Apparel & Accessories > Clothing > Traditional & Ceremonial Clothing > Sarees
CPUR422,Hand-Painted Srikalahasti Pen Kalamkari Pure Tussar Silk Sarees Saree (CPUR422),"Authentic 100% hand-painted Srikalahasti Pen Kalamkari pure silk saree (Code: CPUR422). Handcrafted with bamboo pens and natural organic vegetable mineral dyes in Srikalahasti, Andhra Pradesh. Fabric: Pure Tussar Silk Sarees. Direct from Dhanalakshmi Kalamkari master artisans.",https://www.dhanalakshmikalamkari.in/?product=CPUR422,https://lh3.googleusercontent.com/d/1JV0qJScgCXjyiltMBY_BV2xzXu2UItz_=w1200,in_stock,14000 INR,Dhanalakshmi Kalamkari,new,Apparel & Accessories > Clothing > Traditional & Ceremonial Clothing > Sarees
CPUR424,Hand-Painted Srikalahasti Pen Kalamkari Pure Tussar Silk Sarees Saree (CPUR424),"Authentic 100% hand-painted Srikalahasti Pen Kalamkari pure silk saree (Code: CPUR424). Handcrafted with bamboo pens and natural organic vegetable mineral dyes in Srikalahasti, Andhra Pradesh. Fabric: Pure Tussar Silk Sarees. Direct from Dhanalakshmi Kalamkari master artisans.",https://www.dhanalakshmikalamkari.in/?product=CPUR424,https://lh3.googleusercontent.com/d/1cwkBeKNkCTWEsBv4EOW9OWINnz-uIfBN=w1200,in_stock,14000 INR,Dhanalakshmi Kalamkari,new,Apparel & Accessories > Clothing > Traditional & Ceremonial Clothing > Sarees
CPUR426,Hand-Painted Srikalahasti Pen Kalamkari Pure Tussar Silk Sarees Saree (CPUR426),"Authentic 100% hand-painted Srikalahasti Pen Kalamkari pure silk saree (Code: CPUR426). Handcrafted with bamboo pens and natural organic vegetable mineral dyes in Srikalahasti, Andhra Pradesh. Fabric: Pure Tussar Silk Sarees. Direct from Dhanalakshmi Kalamkari master artisans.",https://www.dhanalakshmikalamkari.in/?product=CPUR426,https://lh3.googleusercontent.com/d/1xCPLZtyOnsyF7Y8XYNGSVQXgcqlpzwj8=w1200,in_stock,14000 INR,Dhanalakshmi Kalamkari,new,Apparel & Accessories > Clothing > Traditional & Ceremonial Clothing > Sarees
CPUR427,Hand-Painted Srikalahasti Pen Kalamkari Pure Tussar Silk Sarees Saree (CPUR427),"Authentic 100% hand-painted Srikalahasti Pen Kalamkari pure silk saree (Code: CPUR427). Handcrafted with bamboo pens and natural organic vegetable mineral dyes in Srikalahasti, Andhra Pradesh. Fabric: Pure Tussar Silk Sarees. Direct from Dhanalakshmi Kalamkari master artisans.",https://www.dhanalakshmikalamkari.in/?product=CPUR427,https://lh3.googleusercontent.com/d/13ciKxBbpG0as3JktDCRrM0vCV7FBMj-d=w1200,in_stock,14000 INR,Dhanalakshmi Kalamkari,new,Apparel & Accessories > Clothing > Traditional & Ceremonial Clothing > Sarees
CPUR428,Hand-Painted Srikalahasti Pen Kalamkari Pure Tussar Silk Sarees Saree (CPUR428),"Authentic 100% hand-painted Srikalahasti Pen Kalamkari pure silk saree (Code: CPUR428). Handcrafted with bamboo pens and natural organic vegetable mineral dyes in Srikalahasti, Andhra Pradesh. Fabric: Pure Tussar Silk Sarees. Direct from Dhanalakshmi Kalamkari master artisans.",https://www.dhanalakshmikalamkari.in/?product=CPUR428,https://lh3.googleusercontent.com/d/1EZU10rkd4JqDS4SgL3aYcGiFzdzAOhow=w1200,in_stock,14000 INR,Dhanalakshmi Kalamkari,new,Apparel & Accessories > Clothing > Traditional & Ceremonial Clothing > Sarees
CBSBW054,Hand-Painted Srikalahasti Pen Kalamkari Bangalore Silk Black&White Sarees Saree (CBSBW054),"Authentic 100% hand-painted Srikalahasti Pen Kalamkari pure silk saree (Code: CBSBW054). Handcrafted with bamboo pens and natural organic vegetable mineral dyes in Srikalahasti, Andhra Pradesh. Fabric: Bangalore Silk Black&White Sarees. Direct from Dhanalakshmi Kalamkari master artisans.",https://www.dhanalakshmikalamkari.in/?product=CBSBW054,https://lh3.googleusercontent.com/d/1BlPc9R2Rqodhxte-otaU9br_fyeuj2qM=w1200,in_stock,5500 INR,Dhanalakshmi Kalamkari,new,Apparel & Accessories > Clothing > Traditional & Ceremonial Clothing > Sarees
CBSBW055,Hand-Painted Srikalahasti Pen Kalamkari Bangalore Silk Black&White Sarees Saree (CBSBW055),"Authentic 100% hand-painted Srikalahasti Pen Kalamkari pure silk saree (Code: CBSBW055). Handcrafted with bamboo pens and natural organic vegetable mineral dyes in Srikalahasti, Andhra Pradesh. Fabric: Bangalore Silk Black&White Sarees. Direct from Dhanalakshmi Kalamkari master artisans.",https://www.dhanalakshmikalamkari.in/?product=CBSBW055,https://lh3.googleusercontent.com/d/1Lvv9qpPclwrv7_vxZEfOojrqtA5_6VRG=w1200,in_stock,5500 INR,Dhanalakshmi Kalamkari,new,Apparel & Accessories > Clothing > Traditional & Ceremonial Clothing > Sarees
CBSBW044,Hand-Painted Srikalahasti Pen Kalamkari Bangalore Silk Black&White Sarees Saree (CBSBW044),"Authentic 100% hand-painted Srikalahasti Pen Kalamkari pure silk saree (Code: CBSBW044). Handcrafted with bamboo pens and natural organic vegetable mineral dyes in Srikalahasti, Andhra Pradesh. Fabric: Bangalore Silk Black&White Sarees. Direct from Dhanalakshmi Kalamkari master artisans.",https://www.dhanalakshmikalamkari.in/?product=CBSBW044,https://lh3.googleusercontent.com/d/1bAZ5jhP0PN4ilBgnHPudjktzdIhoytl1=w1200,in_stock,5500 INR,Dhanalakshmi Kalamkari,new,Apparel & Accessories > Clothing > Traditional & Ceremonial Clothing > Sarees
CBSBW045,Hand-Painted Srikalahasti Pen Kalamkari Bangalore Silk Black&White Sarees Saree (CBSBW045),"Authentic 100% hand-painted Srikalahasti Pen Kalamkari pure silk saree (Code: CBSBW045). Handcrafted with bamboo pens and natural organic vegetable mineral dyes in Srikalahasti, Andhra Pradesh. Fabric: Bangalore Silk Black&White Sarees. Direct from Dhanalakshmi Kalamkari master artisans.",https://www.dhanalakshmikalamkari.in/?product=CBSBW045,https://lh3.googleusercontent.com/d/1DNi8PKnsVl-dwiKft_8yesru2BisYEBV=w1200,in_stock,5500 INR,Dhanalakshmi Kalamkari,new,Apparel & Accessories > Clothing > Traditional & Ceremonial Clothing > Sarees
CBSBW047,Hand-Painted Srikalahasti Pen Kalamkari Bangalore Silk Black&White Sarees Saree (CBSBW047),"Authentic 100% hand-painted Srikalahasti Pen Kalamkari pure silk saree (Code: CBSBW047). Handcrafted with bamboo pens and natural organic vegetable mineral dyes in Srikalahasti, Andhra Pradesh. Fabric: Bangalore Silk Black&White Sarees. Direct from Dhanalakshmi Kalamkari master artisans.",https://www.dhanalakshmikalamkari.in/?product=CBSBW047,https://lh3.googleusercontent.com/d/10HoEjJLyQBQE3iVgqp1Aih5xKG70zR6E=w1200,in_stock,5500 INR,Dhanalakshmi Kalamkari,new,Apparel & Accessories > Clothing > Traditional & Ceremonial Clothing > Sarees
CBSBW048,Hand-Painted Srikalahasti Pen Kalamkari Bangalore Silk Black&White Sarees Saree (CBSBW048),"Authentic 100% hand-painted Srikalahasti Pen Kalamkari pure silk saree (Code: CBSBW048). Handcrafted with bamboo pens and natural organic vegetable mineral dyes in Srikalahasti, Andhra Pradesh. Fabric: Bangalore Silk Black&White Sarees. Direct from Dhanalakshmi Kalamkari master artisans.",https://www.dhanalakshmikalamkari.in/?product=CBSBW048,https://lh3.googleusercontent.com/d/1MzQKi696blDfdCkPleQnjDp1_-5fYAom=w1200,in_stock,5500 INR,Dhanalakshmi Kalamkari,new,Apparel & Accessories > Clothing > Traditional & Ceremonial Clothing > Sarees
CBSBW049,Hand-Painted Srikalahasti Pen Kalamkari Bangalore Silk Black&White Sarees Saree (CBSBW049),"Authentic 100% hand-painted Srikalahasti Pen Kalamkari pure silk saree (Code: CBSBW049). Handcrafted with bamboo pens and natural organic vegetable mineral dyes in Srikalahasti, Andhra Pradesh. Fabric: Bangalore Silk Black&White Sarees. Direct from Dhanalakshmi Kalamkari master artisans.",https://www.dhanalakshmikalamkari.in/?product=CBSBW049,https://lh3.googleusercontent.com/d/1GzuyNnijmGP7x2mctbzpFViiCdRNapn7=w1200,in_stock,5500 INR,Dhanalakshmi Kalamkari,new,Apparel & Accessories > Clothing > Traditional & Ceremonial Clothing > Sarees
CPGS012,Hand-Painted Srikalahasti Pen Kalamkari Pure Gadwal Silk Sarees Saree (CPGS012),"Authentic 100% hand-painted Srikalahasti Pen Kalamkari pure silk saree (Code: CPGS012). Handcrafted with bamboo pens and natural organic vegetable mineral dyes in Srikalahasti, Andhra Pradesh. Fabric: Pure Gadwal Silk Sarees. Direct from Dhanalakshmi Kalamkari master artisans.",https://www.dhanalakshmikalamkari.in/?product=CPGS012,https://lh3.googleusercontent.com/d/1hcWPfZtpFVyt_4__JH3RiZ4iy8SMocqA=w1200,in_stock,26500 INR,Dhanalakshmi Kalamkari,new,Apparel & Accessories > Clothing > Traditional & Ceremonial Clothing > Sarees
CPGS013,Hand-Painted Srikalahasti Pen Kalamkari Pure Gadwal Silk Sarees Saree (CPGS013),"Authentic 100% hand-painted Srikalahasti Pen Kalamkari pure silk saree (Code: CPGS013). Handcrafted with bamboo pens and natural organic vegetable mineral dyes in Srikalahasti, Andhra Pradesh. Fabric: Pure Gadwal Silk Sarees. Direct from Dhanalakshmi Kalamkari master artisans.",https://www.dhanalakshmikalamkari.in/?product=CPGS013,https://lh3.googleusercontent.com/d/1sPU0kW3XEqnHuMS-9QKCkER2SIfY7Dw7=w1200,in_stock,26500 INR,Dhanalakshmi Kalamkari,new,Apparel & Accessories > Clothing > Traditional & Ceremonial Clothing > Sarees
CPGS014,Hand-Painted Srikalahasti Pen Kalamkari Pure Gadwal Silk Sarees Saree (CPGS014),"Authentic 100% hand-painted Srikalahasti Pen Kalamkari pure silk saree (Code: CPGS014). Handcrafted with bamboo pens and natural organic vegetable mineral dyes in Srikalahasti, Andhra Pradesh. Fabric: Pure Gadwal Silk Sarees. Direct from Dhanalakshmi Kalamkari master artisans.",https://www.dhanalakshmikalamkari.in/?product=CPGS014,https://lh3.googleusercontent.com/d/11YC1x__Ih5Ug9tuyJu6j5oT8MiGUzm--=w1200,in_stock,26500 INR,Dhanalakshmi Kalamkari,new,Apparel & Accessories > Clothing > Traditional & Ceremonial Clothing > Sarees
CPGS015,Hand-Painted Srikalahasti Pen Kalamkari Pure Gadwal Silk Sarees Saree (CPGS015),"Authentic 100% hand-painted Srikalahasti Pen Kalamkari pure silk saree (Code: CPGS015). Handcrafted with bamboo pens and natural organic vegetable mineral dyes in Srikalahasti, Andhra Pradesh. Fabric: Pure Gadwal Silk Sarees. Direct from Dhanalakshmi Kalamkari master artisans.",https://www.dhanalakshmikalamkari.in/?product=CPGS015,https://lh3.googleusercontent.com/d/1jU8OqoRmKle_gG1DfgULm0Kx7WbWP0ZC=w1200,in_stock,26500 INR,Dhanalakshmi Kalamkari,new,Apparel & Accessories > Clothing > Traditional & Ceremonial Clothing > Sarees
CPGS016,Hand-Painted Srikalahasti Pen Kalamkari Pure Gadwal Silk Sarees Saree (CPGS016),"Authentic 100% hand-painted Srikalahasti Pen Kalamkari pure silk saree (Code: CPGS016). Handcrafted with bamboo pens and natural organic vegetable mineral dyes in Srikalahasti, Andhra Pradesh. Fabric: Pure Gadwal Silk Sarees. Direct from Dhanalakshmi Kalamkari master artisans.",https://www.dhanalakshmikalamkari.in/?product=CPGS016,https://lh3.googleusercontent.com/d/1ZeinmBBIOnRm7BqE_vMCu2XD_STgziuf=w1200,in_stock,26500 INR,Dhanalakshmi Kalamkari,new,Apparel & Accessories > Clothing > Traditional & Ceremonial Clothing > Sarees
CPGS017,Hand-Painted Srikalahasti Pen Kalamkari Pure Gadwal Silk Sarees Saree (CPGS017),"Authentic 100% hand-painted Srikalahasti Pen Kalamkari pure silk saree (Code: CPGS017). Handcrafted with bamboo pens and natural organic vegetable mineral dyes in Srikalahasti, Andhra Pradesh. Fabric: Pure Gadwal Silk Sarees. Direct from Dhanalakshmi Kalamkari master artisans.",https://www.dhanalakshmikalamkari.in/?product=CPGS017,https://lh3.googleusercontent.com/d/19cxGsI8L5aGpz-mVDGMC-LjPBFskFdbj=w1200,in_stock,26500 INR,Dhanalakshmi Kalamkari,new,Apparel & Accessories > Clothing > Traditional & Ceremonial Clothing > Sarees
CPGS018,Hand-Painted Srikalahasti Pen Kalamkari Pure Gadwal Silk Sarees Saree (CPGS018),"Authentic 100% hand-painted Srikalahasti Pen Kalamkari pure silk saree (Code: CPGS018). Handcrafted with bamboo pens and natural organic vegetable mineral dyes in Srikalahasti, Andhra Pradesh. Fabric: Pure Gadwal Silk Sarees. Direct from Dhanalakshmi Kalamkari master artisans.",https://www.dhanalakshmikalamkari.in/?product=CPGS018,https://lh3.googleusercontent.com/d/1ekdrW28yUOIiR6gQapHtHOOIwwDDd7pq=w1200,in_stock,26500 INR,Dhanalakshmi Kalamkari,new,Apparel & Accessories > Clothing > Traditional & Ceremonial Clothing > Sarees
CPGS019,Hand-Painted Srikalahasti Pen Kalamkari Pure Gadwal Silk Sarees Saree (CPGS019),"Authentic 100% hand-painted Srikalahasti Pen Kalamkari pure silk saree (Code: CPGS019). Handcrafted with bamboo pens and natural organic vegetable mineral dyes in Srikalahasti, Andhra Pradesh. Fabric: Pure Gadwal Silk Sarees. Direct from Dhanalakshmi Kalamkari master artisans.",https://www.dhanalakshmikalamkari.in/?product=CPGS019,https://lh3.googleusercontent.com/d/1X3LEnMcI0_pOcAyXa5zT62iXhhxsPlKs=w1200,in_stock,26500 INR,Dhanalakshmi Kalamkari,new,Apparel & Accessories > Clothing > Traditional & Ceremonial Clothing > Sarees
CPGS020,Hand-Painted Srikalahasti Pen Kalamkari Pure Gadwal Silk Sarees Saree (CPGS020),"Authentic 100% hand-painted Srikalahasti Pen Kalamkari pure silk saree (Code: CPGS020). Handcrafted with bamboo pens and natural organic vegetable mineral dyes in Srikalahasti, Andhra Pradesh. Fabric: Pure Gadwal Silk Sarees. Direct from Dhanalakshmi Kalamkari master artisans.",https://www.dhanalakshmikalamkari.in/?product=CPGS020,https://lh3.googleusercontent.com/d/1AsxCtF6fQUNjCx6rLKe2XpLfjDG1PgwD=w1200,in_stock,26500 INR,Dhanalakshmi Kalamkari,new,Apparel & Accessories > Clothing > Traditional & Ceremonial Clothing > Sarees
CMAN113,Hand-Painted Srikalahasti Pen Kalamkari Mangalgiri Silk Sarees Saree (CMAN113),"Authentic 100% hand-painted Srikalahasti Pen Kalamkari pure silk saree (Code: CMAN113). Handcrafted with bamboo pens and natural organic vegetable mineral dyes in Srikalahasti, Andhra Pradesh. Fabric: Mangalgiri Silk Sarees. Direct from Dhanalakshmi Kalamkari master artisans.",https://www.dhanalakshmikalamkari.in/?product=CMAN113,https://lh3.googleusercontent.com/d/1N65tSwJLvuTD8w5oaYARSj9MxvnHFiXc=w1200,in_stock,6500 INR,Dhanalakshmi Kalamkari,new,Apparel & Accessories > Clothing > Traditional & Ceremonial Clothing > Sarees
CMAN114,Hand-Painted Srikalahasti Pen Kalamkari Mangalgiri Silk Sarees Saree (CMAN114),"Authentic 100% hand-painted Srikalahasti Pen Kalamkari pure silk saree (Code: CMAN114). Handcrafted with bamboo pens and natural organic vegetable mineral dyes in Srikalahasti, Andhra Pradesh. Fabric: Mangalgiri Silk Sarees. Direct from Dhanalakshmi Kalamkari master artisans.",https://www.dhanalakshmikalamkari.in/?product=CMAN114,https://lh3.googleusercontent.com/d/1CFd_dYx-tq4I7VWiFJNWyYeFkORkZNbq=w1200,in_stock,6500 INR,Dhanalakshmi Kalamkari,new,Apparel & Accessories > Clothing > Traditional & Ceremonial Clothing > Sarees
CMAN115,Hand-Painted Srikalahasti Pen Kalamkari Mangalgiri Silk Sarees Saree (CMAN115),"Authentic 100% hand-painted Srikalahasti Pen Kalamkari pure silk saree (Code: CMAN115). Handcrafted with bamboo pens and natural organic vegetable mineral dyes in Srikalahasti, Andhra Pradesh. Fabric: Mangalgiri Silk Sarees. Direct from Dhanalakshmi Kalamkari master artisans.",https://www.dhanalakshmikalamkari.in/?product=CMAN115,https://lh3.googleusercontent.com/d/1gBVuaC8WTphhRftgWsyjHzmagsqtd_Cj=w1200,in_stock,6500 INR,Dhanalakshmi Kalamkari,new,Apparel & Accessories > Clothing > Traditional & Ceremonial Clothing > Sarees
CMAN110,Hand-Painted Srikalahasti Pen Kalamkari Mangalgiri Silk Sarees Saree (CMAN110),"Authentic 100% hand-painted Srikalahasti Pen Kalamkari pure silk saree (Code: CMAN110). Handcrafted with bamboo pens and natural organic vegetable mineral dyes in Srikalahasti, Andhra Pradesh. Fabric: Mangalgiri Silk Sarees. Direct from Dhanalakshmi Kalamkari master artisans.",https://www.dhanalakshmikalamkari.in/?product=CMAN110,https://lh3.googleusercontent.com/d/1FOglyKjtrB3Z-RClqczxCqrf_tO0TX2-=w1200,in_stock,6500 INR,Dhanalakshmi Kalamkari,new,Apparel & Accessories > Clothing > Traditional & Ceremonial Clothing > Sarees
CMAN111,Hand-Painted Srikalahasti Pen Kalamkari Mangalgiri Silk Sarees Saree (CMAN111),"Authentic 100% hand-painted Srikalahasti Pen Kalamkari pure silk saree (Code: CMAN111). Handcrafted with bamboo pens and natural organic vegetable mineral dyes in Srikalahasti, Andhra Pradesh. Fabric: Mangalgiri Silk Sarees. Direct from Dhanalakshmi Kalamkari master artisans.",https://www.dhanalakshmikalamkari.in/?product=CMAN111,https://lh3.googleusercontent.com/d/10oRsGiZxsYn2Dx9gP6oJgO1nnYzXJZZP=w1200,in_stock,6500 INR,Dhanalakshmi Kalamkari,new,Apparel & Accessories > Clothing > Traditional & Ceremonial Clothing > Sarees
CMAN099,Hand-Painted Srikalahasti Pen Kalamkari Mangalgiri Silk Sarees Saree (CMAN099),"Authentic 100% hand-painted Srikalahasti Pen Kalamkari pure silk saree (Code: CMAN099). Handcrafted with bamboo pens and natural organic vegetable mineral dyes in Srikalahasti, Andhra Pradesh. Fabric: Mangalgiri Silk Sarees. Direct from Dhanalakshmi Kalamkari master artisans.",https://www.dhanalakshmikalamkari.in/?product=CMAN099,https://lh3.googleusercontent.com/d/17VlsSJSvmwy5V4Pxzi5rSLCr2wc5C6Ps=w1200,in_stock,6500 INR,Dhanalakshmi Kalamkari,new,Apparel & Accessories > Clothing > Traditional & Ceremonial Clothing > Sarees
CMAN101,Hand-Painted Srikalahasti Pen Kalamkari Mangalgiri Silk Sarees Saree (CMAN101),"Authentic 100% hand-painted Srikalahasti Pen Kalamkari pure silk saree (Code: CMAN101). Handcrafted with bamboo pens and natural organic vegetable mineral dyes in Srikalahasti, Andhra Pradesh. Fabric: Mangalgiri Silk Sarees. Direct from Dhanalakshmi Kalamkari master artisans.",https://www.dhanalakshmikalamkari.in/?product=CMAN101,https://lh3.googleusercontent.com/d/1i8wOr-aFGptIV93-Rk_xMsdaThdwJhx3=w1200,in_stock,6500 INR,Dhanalakshmi Kalamkari,new,Apparel & Accessories > Clothing > Traditional & Ceremonial Clothing > Sarees
CMAN097,Hand-Painted Srikalahasti Pen Kalamkari Mangalgiri Silk Sarees Saree (CMAN097),"Authentic 100% hand-painted Srikalahasti Pen Kalamkari pure silk saree (Code: CMAN097). Handcrafted with bamboo pens and natural organic vegetable mineral dyes in Srikalahasti, Andhra Pradesh. Fabric: Mangalgiri Silk Sarees. Direct from Dhanalakshmi Kalamkari master artisans.",https://www.dhanalakshmikalamkari.in/?product=CMAN097,https://lh3.googleusercontent.com/d/1ehon5jirqgpNGYsgOxlsRIvC9ZfqABJM=w1200,in_stock,6500 INR,Dhanalakshmi Kalamkari,new,Apparel & Accessories > Clothing > Traditional & Ceremonial Clothing > Sarees
CMAN098,Hand-Painted Srikalahasti Pen Kalamkari Mangalgiri Silk Sarees Saree (CMAN098),"Authentic 100% hand-painted Srikalahasti Pen Kalamkari pure silk saree (Code: CMAN098). Handcrafted with bamboo pens and natural organic vegetable mineral dyes in Srikalahasti, Andhra Pradesh. Fabric: Mangalgiri Silk Sarees. Direct from Dhanalakshmi Kalamkari master artisans.",https://www.dhanalakshmikalamkari.in/?product=CMAN098,https://lh3.googleusercontent.com/d/1NXabVGPNUXATXXF_RhwTjxgguOPOzLsQ=w1200,in_stock,6500 INR,Dhanalakshmi Kalamkari,new,Apparel & Accessories > Clothing > Traditional & Ceremonial Clothing > Sarees
CMAN094,Hand-Painted Srikalahasti Pen Kalamkari Mangalgiri Silk Sarees Saree (CMAN094),"Authentic 100% hand-painted Srikalahasti Pen Kalamkari pure silk saree (Code: CMAN094). Handcrafted with bamboo pens and natural organic vegetable mineral dyes in Srikalahasti, Andhra Pradesh. Fabric: Mangalgiri Silk Sarees. Direct from Dhanalakshmi Kalamkari master artisans.",https://www.dhanalakshmikalamkari.in/?product=CMAN094,https://lh3.googleusercontent.com/d/1PUN8ropvkvxwIcfgUQ4YfCcsppbakfUR=w1200,in_stock,6500 INR,Dhanalakshmi Kalamkari,new,Apparel & Accessories > Clothing > Traditional & Ceremonial Clothing > Sarees
CMAN096,Hand-Painted Srikalahasti Pen Kalamkari Mangalgiri Silk Sarees Saree (CMAN096),"Authentic 100% hand-painted Srikalahasti Pen Kalamkari pure silk saree (Code: CMAN096). Handcrafted with bamboo pens and natural organic vegetable mineral dyes in Srikalahasti, Andhra Pradesh. Fabric: Mangalgiri Silk Sarees. Direct from Dhanalakshmi Kalamkari master artisans.",https://www.dhanalakshmikalamkari.in/?product=CMAN096,https://lh3.googleusercontent.com/d/1BWwYJeV8_vy-pjLVjbHgOQTv1dhnlM21=w1200,in_stock,6500 INR,Dhanalakshmi Kalamkari,new,Apparel & Accessories > Clothing > Traditional & Ceremonial Clothing > Sarees
CMAN086,Hand-Painted Srikalahasti Pen Kalamkari Mangalgiri Silk Sarees Saree (CMAN086),"Authentic 100% hand-painted Srikalahasti Pen Kalamkari pure silk saree (Code: CMAN086). Handcrafted with bamboo pens and natural organic vegetable mineral dyes in Srikalahasti, Andhra Pradesh. Fabric: Mangalgiri Silk Sarees. Direct from Dhanalakshmi Kalamkari master artisans.",https://www.dhanalakshmikalamkari.in/?product=CMAN086,https://lh3.googleusercontent.com/d/1Q8gLbQ05PKq4_Rlr6Nwrl2_AnS3FAKaU=w1200,in_stock,6500 INR,Dhanalakshmi Kalamkari,new,Apparel & Accessories > Clothing > Traditional & Ceremonial Clothing > Sarees
CMAN057,Hand-Painted Srikalahasti Pen Kalamkari Mangalgiri Silk Sarees Saree (CMAN057),"Authentic 100% hand-painted Srikalahasti Pen Kalamkari pure silk saree (Code: CMAN057). Handcrafted with bamboo pens and natural organic vegetable mineral dyes in Srikalahasti, Andhra Pradesh. Fabric: Mangalgiri Silk Sarees. Direct from Dhanalakshmi Kalamkari master artisans.",https://www.dhanalakshmikalamkari.in/?product=CMAN057,https://lh3.googleusercontent.com/d/1oVGqRkreGuhKKt3alTAr405PNdtMk4kr=w1200,in_stock,6500 INR,Dhanalakshmi Kalamkari,new,Apparel & Accessories > Clothing > Traditional & Ceremonial Clothing > Sarees
CMAN060,Hand-Painted Srikalahasti Pen Kalamkari Mangalgiri Silk Sarees Saree (CMAN060),"Authentic 100% hand-painted Srikalahasti Pen Kalamkari pure silk saree (Code: CMAN060). Handcrafted with bamboo pens and natural organic vegetable mineral dyes in Srikalahasti, Andhra Pradesh. Fabric: Mangalgiri Silk Sarees. Direct from Dhanalakshmi Kalamkari master artisans.",https://www.dhanalakshmikalamkari.in/?product=CMAN060,https://lh3.googleusercontent.com/d/1ZMvZoA1tdZyjC_v2enb799O41qyg7fvj=w1200,in_stock,6500 INR,Dhanalakshmi Kalamkari,new,Apparel & Accessories > Clothing > Traditional & Ceremonial Clothing > Sarees
CMAN061,Hand-Painted Srikalahasti Pen Kalamkari Mangalgiri Silk Sarees Saree (CMAN061),"Authentic 100% hand-painted Srikalahasti Pen Kalamkari pure silk saree (Code: CMAN061). Handcrafted with bamboo pens and natural organic vegetable mineral dyes in Srikalahasti, Andhra Pradesh. Fabric: Mangalgiri Silk Sarees. Direct from Dhanalakshmi Kalamkari master artisans.",https://www.dhanalakshmikalamkari.in/?product=CMAN061,https://lh3.googleusercontent.com/d/142uyZfiLrruNkPxlhg95tLitYKSG-GmI=w1200,in_stock,6500 INR,Dhanalakshmi Kalamkari,new,Apparel & Accessories > Clothing > Traditional & Ceremonial Clothing > Sarees
CMAN064,Hand-Painted Srikalahasti Pen Kalamkari Mangalgiri Silk Sarees Saree (CMAN064),"Authentic 100% hand-painted Srikalahasti Pen Kalamkari pure silk saree (Code: CMAN064). Handcrafted with bamboo pens and natural organic vegetable mineral dyes in Srikalahasti, Andhra Pradesh. Fabric: Mangalgiri Silk Sarees. Direct from Dhanalakshmi Kalamkari master artisans.",https://www.dhanalakshmikalamkari.in/?product=CMAN064,https://lh3.googleusercontent.com/d/1jcuMjnR6GsE-x0tKiZk_g7L09lRsXxxM=w1200,in_stock,6500 INR,Dhanalakshmi Kalamkari,new,Apparel & Accessories > Clothing > Traditional & Ceremonial Clothing > Sarees
CMAN066,Hand-Painted Srikalahasti Pen Kalamkari Mangalgiri Silk Sarees Saree (CMAN066),"Authentic 100% hand-painted Srikalahasti Pen Kalamkari pure silk saree (Code: CMAN066). Handcrafted with bamboo pens and natural organic vegetable mineral dyes in Srikalahasti, Andhra Pradesh. Fabric: Mangalgiri Silk Sarees. Direct from Dhanalakshmi Kalamkari master artisans.",https://www.dhanalakshmikalamkari.in/?product=CMAN066,https://lh3.googleusercontent.com/d/18mMgRmfl253z01pvE52d1ghRk-ERhuJ0=w1200,in_stock,6500 INR,Dhanalakshmi Kalamkari,new,Apparel & Accessories > Clothing > Traditional & Ceremonial Clothing > Sarees
CMAN067,Hand-Painted Srikalahasti Pen Kalamkari Mangalgiri Silk Sarees Saree (CMAN067),"Authentic 100% hand-painted Srikalahasti Pen Kalamkari pure silk saree (Code: CMAN067). Handcrafted with bamboo pens and natural organic vegetable mineral dyes in Srikalahasti, Andhra Pradesh. Fabric: Mangalgiri Silk Sarees. Direct from Dhanalakshmi Kalamkari master artisans.",https://www.dhanalakshmikalamkari.in/?product=CMAN067,https://lh3.googleusercontent.com/d/17u7jJJ1fFqY5GNNnmZppibpvR8RR9W3v=w1200,in_stock,6500 INR,Dhanalakshmi Kalamkari,new,Apparel & Accessories > Clothing > Traditional & Ceremonial Clothing > Sarees
CMAN068,Hand-Painted Srikalahasti Pen Kalamkari Mangalgiri Silk Sarees Saree (CMAN068),"Authentic 100% hand-painted Srikalahasti Pen Kalamkari pure silk saree (Code: CMAN068). Handcrafted with bamboo pens and natural organic vegetable mineral dyes in Srikalahasti, Andhra Pradesh. Fabric: Mangalgiri Silk Sarees. Direct from Dhanalakshmi Kalamkari master artisans.",https://www.dhanalakshmikalamkari.in/?product=CMAN068,https://lh3.googleusercontent.com/d/1qjP5ku_7lQPk8FhR_EGIabhvskSjJzKX=w1200,in_stock,6500 INR,Dhanalakshmi Kalamkari,new,Apparel & Accessories > Clothing > Traditional & Ceremonial Clothing > Sarees
CMAN074,Hand-Painted Srikalahasti Pen Kalamkari Mangalgiri Silk Sarees Saree (CMAN074),"Authentic 100% hand-painted Srikalahasti Pen Kalamkari pure silk saree (Code: CMAN074). Handcrafted with bamboo pens and natural organic vegetable mineral dyes in Srikalahasti, Andhra Pradesh. Fabric: Mangalgiri Silk Sarees. Direct from Dhanalakshmi Kalamkari master artisans.",https://www.dhanalakshmikalamkari.in/?product=CMAN074,https://lh3.googleusercontent.com/d/1gOIQc4tpTBgLpGzO85uOPU4rwY0v5OLs=w1200,in_stock,6500 INR,Dhanalakshmi Kalamkari,new,Apparel & Accessories > Clothing > Traditional & Ceremonial Clothing > Sarees
CMAN077,Hand-Painted Srikalahasti Pen Kalamkari Mangalgiri Silk Sarees Saree (CMAN077),"Authentic 100% hand-painted Srikalahasti Pen Kalamkari pure silk saree (Code: CMAN077). Handcrafted with bamboo pens and natural organic vegetable mineral dyes in Srikalahasti, Andhra Pradesh. Fabric: Mangalgiri Silk Sarees. Direct from Dhanalakshmi Kalamkari master artisans.",https://www.dhanalakshmikalamkari.in/?product=CMAN077,https://lh3.googleusercontent.com/d/1W1Majps9jrkmruEqd16NPsf4kvQnNkNf=w1200,in_stock,6500 INR,Dhanalakshmi Kalamkari,new,Apparel & Accessories > Clothing > Traditional & Ceremonial Clothing > Sarees
CMAN081,Hand-Painted Srikalahasti Pen Kalamkari Mangalgiri Silk Sarees Saree (CMAN081),"Authentic 100% hand-painted Srikalahasti Pen Kalamkari pure silk saree (Code: CMAN081). Handcrafted with bamboo pens and natural organic vegetable mineral dyes in Srikalahasti, Andhra Pradesh. Fabric: Mangalgiri Silk Sarees. Direct from Dhanalakshmi Kalamkari master artisans.",https://www.dhanalakshmikalamkari.in/?product=CMAN081,https://lh3.googleusercontent.com/d/1WG3B0X7PW-j7zgFBEN-nNa2TNflhxDrj=w1200,in_stock,6500 INR,Dhanalakshmi Kalamkari,new,Apparel & Accessories > Clothing > Traditional & Ceremonial Clothing > Sarees
CMAN082,Hand-Painted Srikalahasti Pen Kalamkari Mangalgiri Silk Sarees Saree (CMAN082),"Authentic 100% hand-painted Srikalahasti Pen Kalamkari pure silk saree (Code: CMAN082). Handcrafted with bamboo pens and natural organic vegetable mineral dyes in Srikalahasti, Andhra Pradesh. Fabric: Mangalgiri Silk Sarees. Direct from Dhanalakshmi Kalamkari master artisans.",https://www.dhanalakshmikalamkari.in/?product=CMAN082,https://lh3.googleusercontent.com/d/1Ld3S1f8ZW8h_I6e5JLOQEoWhnBILWz94=w1200,in_stock,6500 INR,Dhanalakshmi Kalamkari,new,Apparel & Accessories > Clothing > Traditional & Ceremonial Clothing > Sarees
CMAN083,Hand-Painted Srikalahasti Pen Kalamkari Mangalgiri Silk Sarees Saree (CMAN083),"Authentic 100% hand-painted Srikalahasti Pen Kalamkari pure silk saree (Code: CMAN083). Handcrafted with bamboo pens and natural organic vegetable mineral dyes in Srikalahasti, Andhra Pradesh. Fabric: Mangalgiri Silk Sarees. Direct from Dhanalakshmi Kalamkari master artisans.",https://www.dhanalakshmikalamkari.in/?product=CMAN083,https://lh3.googleusercontent.com/d/1wolwIJUcgDpo0MaNNlneCLKjnfu8OJeH=w1200,in_stock,6500 INR,Dhanalakshmi Kalamkari,new,Apparel & Accessories > Clothing > Traditional & Ceremonial Clothing > Sarees
CMAN084,Hand-Painted Srikalahasti Pen Kalamkari Mangalgiri Silk Sarees Saree (CMAN084),"Authentic 100% hand-painted Srikalahasti Pen Kalamkari pure silk saree (Code: CMAN084). Handcrafted with bamboo pens and natural organic vegetable mineral dyes in Srikalahasti, Andhra Pradesh. Fabric: Mangalgiri Silk Sarees. Direct from Dhanalakshmi Kalamkari master artisans.",https://www.dhanalakshmikalamkari.in/?product=CMAN084,https://lh3.googleusercontent.com/d/1VEKcJjyWGgvYoSJ8mNPPepsRA4P-BP7-=w1200,in_stock,6500 INR,Dhanalakshmi Kalamkari,new,Apparel & Accessories > Clothing > Traditional & Ceremonial Clothing > Sarees
CSKB101,Hand-Painted Srikalahasti Pen Kalamkari Semi kanchi Silk Black&white Sarees Saree (CSKB101),"Authentic 100% hand-painted Srikalahasti Pen Kalamkari pure silk saree (Code: CSKB101). Handcrafted with bamboo pens and natural organic vegetable mineral dyes in Srikalahasti, Andhra Pradesh. Fabric: Semi kanchi Silk Black&white Sarees. Direct from Dhanalakshmi Kalamkari master artisans.",https://www.dhanalakshmikalamkari.in/?product=CSKB101,https://lh3.googleusercontent.com/d/1tyl83rp76EobbOgmc0V4k4ta4tIKB9oA=w1200,in_stock,6000 INR,Dhanalakshmi Kalamkari,new,Apparel & Accessories > Clothing > Traditional & Ceremonial Clothing > Sarees
CSKB102,Hand-Painted Srikalahasti Pen Kalamkari Semi kanchi Silk Black&white Sarees Saree (CSKB102),"Authentic 100% hand-painted Srikalahasti Pen Kalamkari pure silk saree (Code: CSKB102). Handcrafted with bamboo pens and natural organic vegetable mineral dyes in Srikalahasti, Andhra Pradesh. Fabric: Semi kanchi Silk Black&white Sarees. Direct from Dhanalakshmi Kalamkari master artisans.",https://www.dhanalakshmikalamkari.in/?product=CSKB102,https://lh3.googleusercontent.com/d/1wrRdW6_PR5OxWMkOdtOLhS06E2SU3x9B=w1200,in_stock,6000 INR,Dhanalakshmi Kalamkari,new,Apparel & Accessories > Clothing > Traditional & Ceremonial Clothing > Sarees
CSKB103,Hand-Painted Srikalahasti Pen Kalamkari Semi kanchi Silk Black&white Sarees Saree (CSKB103),"Authentic 100% hand-painted Srikalahasti Pen Kalamkari pure silk saree (Code: CSKB103). Handcrafted with bamboo pens and natural organic vegetable mineral dyes in Srikalahasti, Andhra Pradesh. Fabric: Semi kanchi Silk Black&white Sarees. Direct from Dhanalakshmi Kalamkari master artisans.",https://www.dhanalakshmikalamkari.in/?product=CSKB103,https://lh3.googleusercontent.com/d/1yj7OFgq4zhe5LPun29fAQeWp3WlW17eT=w1200,in_stock,6000 INR,Dhanalakshmi Kalamkari,new,Apparel & Accessories > Clothing > Traditional & Ceremonial Clothing > Sarees
CSKB104,Hand-Painted Srikalahasti Pen Kalamkari Semi kanchi Silk Black&white Sarees Saree (CSKB104),"Authentic 100% hand-painted Srikalahasti Pen Kalamkari pure silk saree (Code: CSKB104). Handcrafted with bamboo pens and natural organic vegetable mineral dyes in Srikalahasti, Andhra Pradesh. Fabric: Semi kanchi Silk Black&white Sarees. Direct from Dhanalakshmi Kalamkari master artisans.",https://www.dhanalakshmikalamkari.in/?product=CSKB104,https://lh3.googleusercontent.com/d/1VO40zjmJO62itvZC9KrynG7JiQ3x733L=w1200,in_stock,6000 INR,Dhanalakshmi Kalamkari,new,Apparel & Accessories > Clothing > Traditional & Ceremonial Clothing > Sarees
CSKB105,Hand-Painted Srikalahasti Pen Kalamkari Semi kanchi Silk Black&white Sarees Saree (CSKB105),"Authentic 100% hand-painted Srikalahasti Pen Kalamkari pure silk saree (Code: CSKB105). Handcrafted with bamboo pens and natural organic vegetable mineral dyes in Srikalahasti, Andhra Pradesh. Fabric: Semi kanchi Silk Black&white Sarees. Direct from Dhanalakshmi Kalamkari master artisans.",https://www.dhanalakshmikalamkari.in/?product=CSKB105,https://lh3.googleusercontent.com/d/1VbSJk08U0mB1Lf39FLWh_kBdoTUUuhE7=w1200,in_stock,6000 INR,Dhanalakshmi Kalamkari,new,Apparel & Accessories > Clothing > Traditional & Ceremonial Clothing > Sarees
CSKB100,Hand-Painted Srikalahasti Pen Kalamkari Semi kanchi Silk Black&white Sarees Saree (CSKB100),"Authentic 100% hand-painted Srikalahasti Pen Kalamkari pure silk saree (Code: CSKB100). Handcrafted with bamboo pens and natural organic vegetable mineral dyes in Srikalahasti, Andhra Pradesh. Fabric: Semi kanchi Silk Black&white Sarees. Direct from Dhanalakshmi Kalamkari master artisans.",https://www.dhanalakshmikalamkari.in/?product=CSKB100,https://lh3.googleusercontent.com/d/1os2A_a6dFS4LDG53buJuEG8zYY1IHo-c=w1200,in_stock,6000 INR,Dhanalakshmi Kalamkari,new,Apparel & Accessories > Clothing > Traditional & Ceremonial Clothing > Sarees
CSKB058,Hand-Painted Srikalahasti Pen Kalamkari Semi kanchi Silk Black&white Sarees Saree (CSKB058),"Authentic 100% hand-painted Srikalahasti Pen Kalamkari pure silk saree (Code: CSKB058). Handcrafted with bamboo pens and natural organic vegetable mineral dyes in Srikalahasti, Andhra Pradesh. Fabric: Semi kanchi Silk Black&white Sarees. Direct from Dhanalakshmi Kalamkari master artisans.",https://www.dhanalakshmikalamkari.in/?product=CSKB058,https://lh3.googleusercontent.com/d/1hSiioLtYC44nZIVPhRtkG-Ss3ybA-bIv=w1200,in_stock,6000 INR,Dhanalakshmi Kalamkari,new,Apparel & Accessories > Clothing > Traditional & Ceremonial Clothing > Sarees
CSKB060,Hand-Painted Srikalahasti Pen Kalamkari Semi kanchi Silk Black&white Sarees Saree (CSKB060),"Authentic 100% hand-painted Srikalahasti Pen Kalamkari pure silk saree (Code: CSKB060). Handcrafted with bamboo pens and natural organic vegetable mineral dyes in Srikalahasti, Andhra Pradesh. Fabric: Semi kanchi Silk Black&white Sarees. Direct from Dhanalakshmi Kalamkari master artisans.",https://www.dhanalakshmikalamkari.in/?product=CSKB060,https://lh3.googleusercontent.com/d/1f7IKL4G2Alj9HUfx7Ld7Sb7gqmpT4ZYI=w1200,in_stock,6000 INR,Dhanalakshmi Kalamkari,new,Apparel & Accessories > Clothing > Traditional & Ceremonial Clothing > Sarees
CSKB061,Hand-Painted Srikalahasti Pen Kalamkari Semi kanchi Silk Black&white Sarees Saree (CSKB061),"Authentic 100% hand-painted Srikalahasti Pen Kalamkari pure silk saree (Code: CSKB061). Handcrafted with bamboo pens and natural organic vegetable mineral dyes in Srikalahasti, Andhra Pradesh. Fabric: Semi kanchi Silk Black&white Sarees. Direct from Dhanalakshmi Kalamkari master artisans.",https://www.dhanalakshmikalamkari.in/?product=CSKB061,https://lh3.googleusercontent.com/d/1-Irv1wg_HZaEVLzmOyornzLlP71idi9o=w1200,in_stock,6000 INR,Dhanalakshmi Kalamkari,new,Apparel & Accessories > Clothing > Traditional & Ceremonial Clothing > Sarees
CSKB062,Hand-Painted Srikalahasti Pen Kalamkari Semi kanchi Silk Black&white Sarees Saree (CSKB062),"Authentic 100% hand-painted Srikalahasti Pen Kalamkari pure silk saree (Code: CSKB062). Handcrafted with bamboo pens and natural organic vegetable mineral dyes in Srikalahasti, Andhra Pradesh. Fabric: Semi kanchi Silk Black&white Sarees. Direct from Dhanalakshmi Kalamkari master artisans.",https://www.dhanalakshmikalamkari.in/?product=CSKB062,https://lh3.googleusercontent.com/d/1XmR2F8CwTWr3-OK-F8-I4pJoL2ws_txN=w1200,in_stock,6000 INR,Dhanalakshmi Kalamkari,new,Apparel & Accessories > Clothing > Traditional & Ceremonial Clothing > Sarees
CSKB063,Hand-Painted Srikalahasti Pen Kalamkari Semi kanchi Silk Black&white Sarees Saree (CSKB063),"Authentic 100% hand-painted Srikalahasti Pen Kalamkari pure silk saree (Code: CSKB063). Handcrafted with bamboo pens and natural organic vegetable mineral dyes in Srikalahasti, Andhra Pradesh. Fabric: Semi kanchi Silk Black&white Sarees. Direct from Dhanalakshmi Kalamkari master artisans.",https://www.dhanalakshmikalamkari.in/?product=CSKB063,https://lh3.googleusercontent.com/d/1xOr8JuszdPAmOI8AZD4hkwEwc6fxoj6N=w1200,in_stock,6000 INR,Dhanalakshmi Kalamkari,new,Apparel & Accessories > Clothing > Traditional & Ceremonial Clothing > Sarees
CSKB064,Hand-Painted Srikalahasti Pen Kalamkari Semi kanchi Silk Black&white Sarees Saree (CSKB064),"Authentic 100% hand-painted Srikalahasti Pen Kalamkari pure silk saree (Code: CSKB064). Handcrafted with bamboo pens and natural organic vegetable mineral dyes in Srikalahasti, Andhra Pradesh. Fabric: Semi kanchi Silk Black&white Sarees. Direct from Dhanalakshmi Kalamkari master artisans.",https://www.dhanalakshmikalamkari.in/?product=CSKB064,https://lh3.googleusercontent.com/d/1CkMAP7W4c3Bv9zflMxroibbJgRitDnrF=w1200,in_stock,6000 INR,Dhanalakshmi Kalamkari,new,Apparel & Accessories > Clothing > Traditional & Ceremonial Clothing > Sarees
CSKB065,Hand-Painted Srikalahasti Pen Kalamkari Semi kanchi Silk Black&white Sarees Saree (CSKB065),"Authentic 100% hand-painted Srikalahasti Pen Kalamkari pure silk saree (Code: CSKB065). Handcrafted with bamboo pens and natural organic vegetable mineral dyes in Srikalahasti, Andhra Pradesh. Fabric: Semi kanchi Silk Black&white Sarees. Direct from Dhanalakshmi Kalamkari master artisans.",https://www.dhanalakshmikalamkari.in/?product=CSKB065,https://lh3.googleusercontent.com/d/1lEPewYGudUflRiOqN6N3jsro2eiWLmdZ=w1200,in_stock,6000 INR,Dhanalakshmi Kalamkari,new,Apparel & Accessories > Clothing > Traditional & Ceremonial Clothing > Sarees
CSKB066,Hand-Painted Srikalahasti Pen Kalamkari Semi kanchi Silk Black&white Sarees Saree (CSKB066),"Authentic 100% hand-painted Srikalahasti Pen Kalamkari pure silk saree (Code: CSKB066). Handcrafted with bamboo pens and natural organic vegetable mineral dyes in Srikalahasti, Andhra Pradesh. Fabric: Semi kanchi Silk Black&white Sarees. Direct from Dhanalakshmi Kalamkari master artisans.",https://www.dhanalakshmikalamkari.in/?product=CSKB066,https://lh3.googleusercontent.com/d/1cTggyLTsKl-sp2jyOrNytV6A4ZBAu56u=w1200,in_stock,6000 INR,Dhanalakshmi Kalamkari,new,Apparel & Accessories > Clothing > Traditional & Ceremonial Clothing > Sarees
CSKB067,Hand-Painted Srikalahasti Pen Kalamkari Semi kanchi Silk Black&white Sarees Saree (CSKB067),"Authentic 100% hand-painted Srikalahasti Pen Kalamkari pure silk saree (Code: CSKB067). Handcrafted with bamboo pens and natural organic vegetable mineral dyes in Srikalahasti, Andhra Pradesh. Fabric: Semi kanchi Silk Black&white Sarees. Direct from Dhanalakshmi Kalamkari master artisans.",https://www.dhanalakshmikalamkari.in/?product=CSKB067,https://lh3.googleusercontent.com/d/1px1R0irrnHzWnIrX1GKKy7g5RXxq8v6H=w1200,in_stock,6000 INR,Dhanalakshmi Kalamkari,new,Apparel & Accessories > Clothing > Traditional & Ceremonial Clothing > Sarees
CSKB069,Hand-Painted Srikalahasti Pen Kalamkari Semi kanchi Silk Black&white Sarees Saree (CSKB069),"Authentic 100% hand-painted Srikalahasti Pen Kalamkari pure silk saree (Code: CSKB069). Handcrafted with bamboo pens and natural organic vegetable mineral dyes in Srikalahasti, Andhra Pradesh. Fabric: Semi kanchi Silk Black&white Sarees. Direct from Dhanalakshmi Kalamkari master artisans.",https://www.dhanalakshmikalamkari.in/?product=CSKB069,https://lh3.googleusercontent.com/d/1Y0Bee5ti2eTA0ovo05X3B-KdTWeooseb=w1200,in_stock,6000 INR,Dhanalakshmi Kalamkari,new,Apparel & Accessories > Clothing > Traditional & Ceremonial Clothing > Sarees
CSKB070,Hand-Painted Srikalahasti Pen Kalamkari Semi kanchi Silk Black&white Sarees Saree (CSKB070),"Authentic 100% hand-painted Srikalahasti Pen Kalamkari pure silk saree (Code: CSKB070). Handcrafted with bamboo pens and natural organic vegetable mineral dyes in Srikalahasti, Andhra Pradesh. Fabric: Semi kanchi Silk Black&white Sarees. Direct from Dhanalakshmi Kalamkari master artisans.",https://www.dhanalakshmikalamkari.in/?product=CSKB070,https://lh3.googleusercontent.com/d/1RQ8Jjyh1BOUCbwIZhkI7l2kjc4GmVDTk=w1200,in_stock,6000 INR,Dhanalakshmi Kalamkari,new,Apparel & Accessories > Clothing > Traditional & Ceremonial Clothing > Sarees
CSKB073,Hand-Painted Srikalahasti Pen Kalamkari Semi kanchi Silk Black&white Sarees Saree (CSKB073),"Authentic 100% hand-painted Srikalahasti Pen Kalamkari pure silk saree (Code: CSKB073). Handcrafted with bamboo pens and natural organic vegetable mineral dyes in Srikalahasti, Andhra Pradesh. Fabric: Semi kanchi Silk Black&white Sarees. Direct from Dhanalakshmi Kalamkari master artisans.",https://www.dhanalakshmikalamkari.in/?product=CSKB073,https://lh3.googleusercontent.com/d/1RKiTI1DPGiDYaxciY4vsExkh5J9JLFaw=w1200,in_stock,6000 INR,Dhanalakshmi Kalamkari,new,Apparel & Accessories > Clothing > Traditional & Ceremonial Clothing > Sarees
CSKB074,Hand-Painted Srikalahasti Pen Kalamkari Semi kanchi Silk Black&white Sarees Saree (CSKB074),"Authentic 100% hand-painted Srikalahasti Pen Kalamkari pure silk saree (Code: CSKB074). Handcrafted with bamboo pens and natural organic vegetable mineral dyes in Srikalahasti, Andhra Pradesh. Fabric: Semi kanchi Silk Black&white Sarees. Direct from Dhanalakshmi Kalamkari master artisans.",https://www.dhanalakshmikalamkari.in/?product=CSKB074,https://lh3.googleusercontent.com/d/1vUvdHRqohx3d_rZ6Jhif9Tr52SPoYPY6=w1200,in_stock,6000 INR,Dhanalakshmi Kalamkari,new,Apparel & Accessories > Clothing > Traditional & Ceremonial Clothing > Sarees
CSKB076,Hand-Painted Srikalahasti Pen Kalamkari Semi kanchi Silk Black&white Sarees Saree (CSKB076),"Authentic 100% hand-painted Srikalahasti Pen Kalamkari pure silk saree (Code: CSKB076). Handcrafted with bamboo pens and natural organic vegetable mineral dyes in Srikalahasti, Andhra Pradesh. Fabric: Semi kanchi Silk Black&white Sarees. Direct from Dhanalakshmi Kalamkari master artisans.",https://www.dhanalakshmikalamkari.in/?product=CSKB076,https://lh3.googleusercontent.com/d/1sa3HxmELvfV2f2_RNVOxQ9fHEfgmnnhV=w1200,in_stock,6000 INR,Dhanalakshmi Kalamkari,new,Apparel & Accessories > Clothing > Traditional & Ceremonial Clothing > Sarees
CSKB077,Hand-Painted Srikalahasti Pen Kalamkari Semi kanchi Silk Black&white Sarees Saree (CSKB077),"Authentic 100% hand-painted Srikalahasti Pen Kalamkari pure silk saree (Code: CSKB077). Handcrafted with bamboo pens and natural organic vegetable mineral dyes in Srikalahasti, Andhra Pradesh. Fabric: Semi kanchi Silk Black&white Sarees. Direct from Dhanalakshmi Kalamkari master artisans.",https://www.dhanalakshmikalamkari.in/?product=CSKB077,https://lh3.googleusercontent.com/d/1SQ4VR6gBrFpTxp7V-9TYRWFGb6crc40_=w1200,in_stock,6000 INR,Dhanalakshmi Kalamkari,new,Apparel & Accessories > Clothing > Traditional & Ceremonial Clothing > Sarees
CSKB078,Hand-Painted Srikalahasti Pen Kalamkari Semi kanchi Silk Black&white Sarees Saree (CSKB078),"Authentic 100% hand-painted Srikalahasti Pen Kalamkari pure silk saree (Code: CSKB078). Handcrafted with bamboo pens and natural organic vegetable mineral dyes in Srikalahasti, Andhra Pradesh. Fabric: Semi kanchi Silk Black&white Sarees. Direct from Dhanalakshmi Kalamkari master artisans.",https://www.dhanalakshmikalamkari.in/?product=CSKB078,https://lh3.googleusercontent.com/d/18fcrmBLCyQkZNDuatFsPz3j3G9NnYIxX=w1200,in_stock,6000 INR,Dhanalakshmi Kalamkari,new,Apparel & Accessories > Clothing > Traditional & Ceremonial Clothing > Sarees
CSKB079,Hand-Painted Srikalahasti Pen Kalamkari Semi kanchi Silk Black&white Sarees Saree (CSKB079),"Authentic 100% hand-painted Srikalahasti Pen Kalamkari pure silk saree (Code: CSKB079). Handcrafted with bamboo pens and natural organic vegetable mineral dyes in Srikalahasti, Andhra Pradesh. Fabric: Semi kanchi Silk Black&white Sarees. Direct from Dhanalakshmi Kalamkari master artisans.",https://www.dhanalakshmikalamkari.in/?product=CSKB079,https://lh3.googleusercontent.com/d/1WtYm5g0JigI5g-5YRHzs2wOEKs937B2x=w1200,in_stock,6000 INR,Dhanalakshmi Kalamkari,new,Apparel & Accessories > Clothing > Traditional & Ceremonial Clothing > Sarees
CSKB080,Hand-Painted Srikalahasti Pen Kalamkari Semi kanchi Silk Black&white Sarees Saree (CSKB080),"Authentic 100% hand-painted Srikalahasti Pen Kalamkari pure silk saree (Code: CSKB080). Handcrafted with bamboo pens and natural organic vegetable mineral dyes in Srikalahasti, Andhra Pradesh. Fabric: Semi kanchi Silk Black&white Sarees. Direct from Dhanalakshmi Kalamkari master artisans.",https://www.dhanalakshmikalamkari.in/?product=CSKB080,https://lh3.googleusercontent.com/d/1D5mxMt-Ax-UIiUtQRSBgYDfThaiTt7PL=w1200,in_stock,6000 INR,Dhanalakshmi Kalamkari,new,Apparel & Accessories > Clothing > Traditional & Ceremonial Clothing > Sarees
CSKB081,Hand-Painted Srikalahasti Pen Kalamkari Semi kanchi Silk Black&white Sarees Saree (CSKB081),"Authentic 100% hand-painted Srikalahasti Pen Kalamkari pure silk saree (Code: CSKB081). Handcrafted with bamboo pens and natural organic vegetable mineral dyes in Srikalahasti, Andhra Pradesh. Fabric: Semi kanchi Silk Black&white Sarees. Direct from Dhanalakshmi Kalamkari master artisans.",https://www.dhanalakshmikalamkari.in/?product=CSKB081,https://lh3.googleusercontent.com/d/1jQGxPuEI5_ioTaTXnl0tPCxGoG4jLKjx=w1200,in_stock,6000 INR,Dhanalakshmi Kalamkari,new,Apparel & Accessories > Clothing > Traditional & Ceremonial Clothing > Sarees
CSKB082,Hand-Painted Srikalahasti Pen Kalamkari Semi kanchi Silk Black&white Sarees Saree (CSKB082),"Authentic 100% hand-painted Srikalahasti Pen Kalamkari pure silk saree (Code: CSKB082). Handcrafted with bamboo pens and natural organic vegetable mineral dyes in Srikalahasti, Andhra Pradesh. Fabric: Semi kanchi Silk Black&white Sarees. Direct from Dhanalakshmi Kalamkari master artisans.",https://www.dhanalakshmikalamkari.in/?product=CSKB082,https://lh3.googleusercontent.com/d/12d_1L1K2JaHeEp6VokJPQETZFAY4Nw1_=w1200,in_stock,6000 INR,Dhanalakshmi Kalamkari,new,Apparel & Accessories > Clothing > Traditional & Ceremonial Clothing > Sarees
CSKB083,Hand-Painted Srikalahasti Pen Kalamkari Semi kanchi Silk Black&white Sarees Saree (CSKB083),"Authentic 100% hand-painted Srikalahasti Pen Kalamkari pure silk saree (Code: CSKB083). Handcrafted with bamboo pens and natural organic vegetable mineral dyes in Srikalahasti, Andhra Pradesh. Fabric: Semi kanchi Silk Black&white Sarees. Direct from Dhanalakshmi Kalamkari master artisans.",https://www.dhanalakshmikalamkari.in/?product=CSKB083,https://lh3.googleusercontent.com/d/1HkMXAr-sE_Vou6x81EqvrLYmnI8C5WaZ=w1200,in_stock,6000 INR,Dhanalakshmi Kalamkari,new,Apparel & Accessories > Clothing > Traditional & Ceremonial Clothing > Sarees
CSKB085,Hand-Painted Srikalahasti Pen Kalamkari Semi kanchi Silk Black&white Sarees Saree (CSKB085),"Authentic 100% hand-painted Srikalahasti Pen Kalamkari pure silk saree (Code: CSKB085). Handcrafted with bamboo pens and natural organic vegetable mineral dyes in Srikalahasti, Andhra Pradesh. Fabric: Semi kanchi Silk Black&white Sarees. Direct from Dhanalakshmi Kalamkari master artisans.",https://www.dhanalakshmikalamkari.in/?product=CSKB085,https://lh3.googleusercontent.com/d/1yRPkIKrutKlF099aNH5AGfh0jtJrEiQQ=w1200,in_stock,6000 INR,Dhanalakshmi Kalamkari,new,Apparel & Accessories > Clothing > Traditional & Ceremonial Clothing > Sarees
CSKB086,Hand-Painted Srikalahasti Pen Kalamkari Semi kanchi Silk Black&white Sarees Saree (CSKB086),"Authentic 100% hand-painted Srikalahasti Pen Kalamkari pure silk saree (Code: CSKB086). Handcrafted with bamboo pens and natural organic vegetable mineral dyes in Srikalahasti, Andhra Pradesh. Fabric: Semi kanchi Silk Black&white Sarees. Direct from Dhanalakshmi Kalamkari master artisans.",https://www.dhanalakshmikalamkari.in/?product=CSKB086,https://lh3.googleusercontent.com/d/17kLwEq28ViyGCi_vR5IHaPkjyyQ-hsW_=w1200,in_stock,6000 INR,Dhanalakshmi Kalamkari,new,Apparel & Accessories > Clothing > Traditional & Ceremonial Clothing > Sarees
CSKB088,Hand-Painted Srikalahasti Pen Kalamkari Semi kanchi Silk Black&white Sarees Saree (CSKB088),"Authentic 100% hand-painted Srikalahasti Pen Kalamkari pure silk saree (Code: CSKB088). Handcrafted with bamboo pens and natural organic vegetable mineral dyes in Srikalahasti, Andhra Pradesh. Fabric: Semi kanchi Silk Black&white Sarees. Direct from Dhanalakshmi Kalamkari master artisans.",https://www.dhanalakshmikalamkari.in/?product=CSKB088,https://lh3.googleusercontent.com/d/1fgEwL1Dj4_USTmKMU3rn8KvEV_sf09Hp=w1200,in_stock,6000 INR,Dhanalakshmi Kalamkari,new,Apparel & Accessories > Clothing > Traditional & Ceremonial Clothing > Sarees
CSKB091,Hand-Painted Srikalahasti Pen Kalamkari Semi kanchi Silk Black&white Sarees Saree (CSKB091),"Authentic 100% hand-painted Srikalahasti Pen Kalamkari pure silk saree (Code: CSKB091). Handcrafted with bamboo pens and natural organic vegetable mineral dyes in Srikalahasti, Andhra Pradesh. Fabric: Semi kanchi Silk Black&white Sarees. Direct from Dhanalakshmi Kalamkari master artisans.",https://www.dhanalakshmikalamkari.in/?product=CSKB091,https://lh3.googleusercontent.com/d/1_4d5Rjy2uoTRUUtyqAt9ygdmfLzk_BYT=w1200,in_stock,6000 INR,Dhanalakshmi Kalamkari,new,Apparel & Accessories > Clothing > Traditional & Ceremonial Clothing > Sarees
CSKB094,Hand-Painted Srikalahasti Pen Kalamkari Semi kanchi Silk Black&white Sarees Saree (CSKB094),"Authentic 100% hand-painted Srikalahasti Pen Kalamkari pure silk saree (Code: CSKB094). Handcrafted with bamboo pens and natural organic vegetable mineral dyes in Srikalahasti, Andhra Pradesh. Fabric: Semi kanchi Silk Black&white Sarees. Direct from Dhanalakshmi Kalamkari master artisans.",https://www.dhanalakshmikalamkari.in/?product=CSKB094,https://lh3.googleusercontent.com/d/1mdj7jnwlRPgrzgzlWqv3ErXnE-C_2MEn=w1200,in_stock,6000 INR,Dhanalakshmi Kalamkari,new,Apparel & Accessories > Clothing > Traditional & Ceremonial Clothing > Sarees
CSKB095,Hand-Painted Srikalahasti Pen Kalamkari Semi kanchi Silk Black&white Sarees Saree (CSKB095),"Authentic 100% hand-painted Srikalahasti Pen Kalamkari pure silk saree (Code: CSKB095). Handcrafted with bamboo pens and natural organic vegetable mineral dyes in Srikalahasti, Andhra Pradesh. Fabric: Semi kanchi Silk Black&white Sarees. Direct from Dhanalakshmi Kalamkari master artisans.",https://www.dhanalakshmikalamkari.in/?product=CSKB095,https://lh3.googleusercontent.com/d/1i4lXGX26b8SsLT5aYjExTe4NI27vdS3A=w1200,in_stock,6000 INR,Dhanalakshmi Kalamkari,new,Apparel & Accessories > Clothing > Traditional & Ceremonial Clothing > Sarees
CSKB096,Hand-Painted Srikalahasti Pen Kalamkari Semi kanchi Silk Black&white Sarees Saree (CSKB096),"Authentic 100% hand-painted Srikalahasti Pen Kalamkari pure silk saree (Code: CSKB096). Handcrafted with bamboo pens and natural organic vegetable mineral dyes in Srikalahasti, Andhra Pradesh. Fabric: Semi kanchi Silk Black&white Sarees. Direct from Dhanalakshmi Kalamkari master artisans.",https://www.dhanalakshmikalamkari.in/?product=CSKB096,https://lh3.googleusercontent.com/d/1J0TK4SR0ASFKlOYAxPtjqNMhVZNDZEXA=w1200,in_stock,6000 INR,Dhanalakshmi Kalamkari,new,Apparel & Accessories > Clothing > Traditional & Ceremonial Clothing > Sarees
CSKB097,Hand-Painted Srikalahasti Pen Kalamkari Semi kanchi Silk Black&white Sarees Saree (CSKB097),"Authentic 100% hand-painted Srikalahasti Pen Kalamkari pure silk saree (Code: CSKB097). Handcrafted with bamboo pens and natural organic vegetable mineral dyes in Srikalahasti, Andhra Pradesh. Fabric: Semi kanchi Silk Black&white Sarees. Direct from Dhanalakshmi Kalamkari master artisans.",https://www.dhanalakshmikalamkari.in/?product=CSKB097,https://lh3.googleusercontent.com/d/1QRc8Rw19xO0zSUpWBLYLfuAA1xAh6XOJ=w1200,in_stock,6000 INR,Dhanalakshmi Kalamkari,new,Apparel & Accessories > Clothing > Traditional & Ceremonial Clothing > Sarees
CSKB098,Hand-Painted Srikalahasti Pen Kalamkari Semi kanchi Silk Black&white Sarees Saree (CSKB098),"Authentic 100% hand-painted Srikalahasti Pen Kalamkari pure silk saree (Code: CSKB098). Handcrafted with bamboo pens and natural organic vegetable mineral dyes in Srikalahasti, Andhra Pradesh. Fabric: Semi kanchi Silk Black&white Sarees. Direct from Dhanalakshmi Kalamkari master artisans.",https://www.dhanalakshmikalamkari.in/?product=CSKB098,https://lh3.googleusercontent.com/d/1EdkIVzgae1nZQXF0TPOfQDY0nNvtLTPf=w1200,in_stock,6000 INR,Dhanalakshmi Kalamkari,new,Apparel & Accessories > Clothing > Traditional & Ceremonial Clothing > Sarees
CSKB099,Hand-Painted Srikalahasti Pen Kalamkari Semi kanchi Silk Black&white Sarees Saree (CSKB099),"Authentic 100% hand-painted Srikalahasti Pen Kalamkari pure silk saree (Code: CSKB099). Handcrafted with bamboo pens and natural organic vegetable mineral dyes in Srikalahasti, Andhra Pradesh. Fabric: Semi kanchi Silk Black&white Sarees. Direct from Dhanalakshmi Kalamkari master artisans.",https://www.dhanalakshmikalamkari.in/?product=CSKB099,https://lh3.googleusercontent.com/d/1F78h9_o0mMLqMsmvCget2eeLNsQvtsTD=w1200,in_stock,6000 INR,Dhanalakshmi Kalamkari,new,Apparel & Accessories > Clothing > Traditional & Ceremonial Clothing > Sarees
CPPS005,Hand-Painted Srikalahasti Pen Kalamkari Pure Patola Silk Sarees Saree (CPPS005),"Authentic 100% hand-painted Srikalahasti Pen Kalamkari pure silk saree (Code: CPPS005). Handcrafted with bamboo pens and natural organic vegetable mineral dyes in Srikalahasti, Andhra Pradesh. Fabric: Pure Patola Silk Sarees. Direct from Dhanalakshmi Kalamkari master artisans.",https://www.dhanalakshmikalamkari.in/?product=CPPS005,https://lh3.googleusercontent.com/d/1UmUJnaPtE2s3ZAFTIg2pu52NbIMgtLbI=w1200,in_stock,42000 INR,Dhanalakshmi Kalamkari,new,Apparel & Accessories > Clothing > Traditional & Ceremonial Clothing > Sarees
CPPS006,Hand-Painted Srikalahasti Pen Kalamkari Pure Patola Silk Sarees Saree (CPPS006),"Authentic 100% hand-painted Srikalahasti Pen Kalamkari pure silk saree (Code: CPPS006). Handcrafted with bamboo pens and natural organic vegetable mineral dyes in Srikalahasti, Andhra Pradesh. Fabric: Pure Patola Silk Sarees. Direct from Dhanalakshmi Kalamkari master artisans.",https://www.dhanalakshmikalamkari.in/?product=CPPS006,https://lh3.googleusercontent.com/d/1Z0JPTc5i1QQ4K0nE_d7JehuwyhkFZqNB=w1200,in_stock,42000 INR,Dhanalakshmi Kalamkari,new,Apparel & Accessories > Clothing > Traditional & Ceremonial Clothing > Sarees
CSEM157,Hand-Painted Srikalahasti Pen Kalamkari Semi Kanchi Silk Sarees Saree (CSEM157),"Authentic 100% hand-painted Srikalahasti Pen Kalamkari pure silk saree (Code: CSEM157). Handcrafted with bamboo pens and natural organic vegetable mineral dyes in Srikalahasti, Andhra Pradesh. Fabric: Semi Kanchi Silk Sarees. Direct from Dhanalakshmi Kalamkari master artisans.",https://www.dhanalakshmikalamkari.in/?product=CSEM157,https://lh3.googleusercontent.com/d/19whY5OFTAUn6RO3HoAlbfU3i7c8K8N9-=w1200,in_stock,11000 INR,Dhanalakshmi Kalamkari,new,Apparel & Accessories > Clothing > Traditional & Ceremonial Clothing > Sarees
CSEM158,Hand-Painted Srikalahasti Pen Kalamkari Semi Kanchi Silk Sarees Saree (CSEM158),"Authentic 100% hand-painted Srikalahasti Pen Kalamkari pure silk saree (Code: CSEM158). Handcrafted with bamboo pens and natural organic vegetable mineral dyes in Srikalahasti, Andhra Pradesh. Fabric: Semi Kanchi Silk Sarees. Direct from Dhanalakshmi Kalamkari master artisans.",https://www.dhanalakshmikalamkari.in/?product=CSEM158,https://lh3.googleusercontent.com/d/1XCzZ0w5XCHNU85jok4g4lMW9vGS5upEK=w1200,in_stock,11000 INR,Dhanalakshmi Kalamkari,new,Apparel & Accessories > Clothing > Traditional & Ceremonial Clothing > Sarees
CSEM159,Hand-Painted Srikalahasti Pen Kalamkari Semi Kanchi Silk Sarees Saree (CSEM159),"Authentic 100% hand-painted Srikalahasti Pen Kalamkari pure silk saree (Code: CSEM159). Handcrafted with bamboo pens and natural organic vegetable mineral dyes in Srikalahasti, Andhra Pradesh. Fabric: Semi Kanchi Silk Sarees. Direct from Dhanalakshmi Kalamkari master artisans.",https://www.dhanalakshmikalamkari.in/?product=CSEM159,https://lh3.googleusercontent.com/d/1qoAmsRKd7UnnsNRKguD8Q3F7N8ZyO8H6=w1200,in_stock,11000 INR,Dhanalakshmi Kalamkari,new,Apparel & Accessories > Clothing > Traditional & Ceremonial Clothing > Sarees
CSEM152,Hand-Painted Srikalahasti Pen Kalamkari Semi Kanchi Silk Sarees Saree (CSEM152),"Authentic 100% hand-painted Srikalahasti Pen Kalamkari pure silk saree (Code: CSEM152). Handcrafted with bamboo pens and natural organic vegetable mineral dyes in Srikalahasti, Andhra Pradesh. Fabric: Semi Kanchi Silk Sarees. Direct from Dhanalakshmi Kalamkari master artisans.",https://www.dhanalakshmikalamkari.in/?product=CSEM152,https://lh3.googleusercontent.com/d/1GjkhLuCrx2V2aHUcV81ybHhMET3oq4me=w1200,in_stock,11000 INR,Dhanalakshmi Kalamkari,new,Apparel & Accessories > Clothing > Traditional & Ceremonial Clothing > Sarees
CSEM153,Hand-Painted Srikalahasti Pen Kalamkari Semi Kanchi Silk Sarees Saree (CSEM153),"Authentic 100% hand-painted Srikalahasti Pen Kalamkari pure silk saree (Code: CSEM153). Handcrafted with bamboo pens and natural organic vegetable mineral dyes in Srikalahasti, Andhra Pradesh. Fabric: Semi Kanchi Silk Sarees. Direct from Dhanalakshmi Kalamkari master artisans.",https://www.dhanalakshmikalamkari.in/?product=CSEM153,https://lh3.googleusercontent.com/d/1jala35WY7bqGks2o478va82kokqr0Nzj=w1200,in_stock,11000 INR,Dhanalakshmi Kalamkari,new,Apparel & Accessories > Clothing > Traditional & Ceremonial Clothing > Sarees
CSEM154,Hand-Painted Srikalahasti Pen Kalamkari Semi Kanchi Silk Sarees Saree (CSEM154),"Authentic 100% hand-painted Srikalahasti Pen Kalamkari pure silk saree (Code: CSEM154). Handcrafted with bamboo pens and natural organic vegetable mineral dyes in Srikalahasti, Andhra Pradesh. Fabric: Semi Kanchi Silk Sarees. Direct from Dhanalakshmi Kalamkari master artisans.",https://www.dhanalakshmikalamkari.in/?product=CSEM154,https://lh3.googleusercontent.com/d/1CvZ3eun861vZTv9FvU-XvoTJOnMjHOPJ=w1200,in_stock,11000 INR,Dhanalakshmi Kalamkari,new,Apparel & Accessories > Clothing > Traditional & Ceremonial Clothing > Sarees
CSEM150,Hand-Painted Srikalahasti Pen Kalamkari Semi Kanchi Silk Sarees Saree (CSEM150),"Authentic 100% hand-painted Srikalahasti Pen Kalamkari pure silk saree (Code: CSEM150). Handcrafted with bamboo pens and natural organic vegetable mineral dyes in Srikalahasti, Andhra Pradesh. Fabric: Semi Kanchi Silk Sarees. Direct from Dhanalakshmi Kalamkari master artisans.",https://www.dhanalakshmikalamkari.in/?product=CSEM150,https://lh3.googleusercontent.com/d/17M-Q7Sg5IVc6Bs9Kp-CkiU7ipIWcr2-K=w1200,in_stock,11000 INR,Dhanalakshmi Kalamkari,new,Apparel & Accessories > Clothing > Traditional & Ceremonial Clothing > Sarees
CSEM090,Hand-Painted Srikalahasti Pen Kalamkari Semi Kanchi Silk Sarees Saree (CSEM090),"Authentic 100% hand-painted Srikalahasti Pen Kalamkari pure silk saree (Code: CSEM090). Handcrafted with bamboo pens and natural organic vegetable mineral dyes in Srikalahasti, Andhra Pradesh. Fabric: Semi Kanchi Silk Sarees. Direct from Dhanalakshmi Kalamkari master artisans.",https://www.dhanalakshmikalamkari.in/?product=CSEM090,https://lh3.googleusercontent.com/d/1-AECtikYcpm-f4smF2Mb_lGFy7y-fdNT=w1200,in_stock,11000 INR,Dhanalakshmi Kalamkari,new,Apparel & Accessories > Clothing > Traditional & Ceremonial Clothing > Sarees
CSEM092,Hand-Painted Srikalahasti Pen Kalamkari Semi Kanchi Silk Sarees Saree (CSEM092),"Authentic 100% hand-painted Srikalahasti Pen Kalamkari pure silk saree (Code: CSEM092). Handcrafted with bamboo pens and natural organic vegetable mineral dyes in Srikalahasti, Andhra Pradesh. Fabric: Semi Kanchi Silk Sarees. Direct from Dhanalakshmi Kalamkari master artisans.",https://www.dhanalakshmikalamkari.in/?product=CSEM092,https://lh3.googleusercontent.com/d/1EdsgWRNUCnIeZoETRJn9DhOKQC97-IvH=w1200,in_stock,11000 INR,Dhanalakshmi Kalamkari,new,Apparel & Accessories > Clothing > Traditional & Ceremonial Clothing > Sarees
CSEM097,Hand-Painted Srikalahasti Pen Kalamkari Semi Kanchi Silk Sarees Saree (CSEM097),"Authentic 100% hand-painted Srikalahasti Pen Kalamkari pure silk saree (Code: CSEM097). Handcrafted with bamboo pens and natural organic vegetable mineral dyes in Srikalahasti, Andhra Pradesh. Fabric: Semi Kanchi Silk Sarees. Direct from Dhanalakshmi Kalamkari master artisans.",https://www.dhanalakshmikalamkari.in/?product=CSEM097,https://lh3.googleusercontent.com/d/1yzNQUrJ96mGJx0c5KzFEcVs97v68i9-n=w1200,in_stock,11000 INR,Dhanalakshmi Kalamkari,new,Apparel & Accessories > Clothing > Traditional & Ceremonial Clothing > Sarees
CSEM099,Hand-Painted Srikalahasti Pen Kalamkari Semi Kanchi Silk Sarees Saree (CSEM099),"Authentic 100% hand-painted Srikalahasti Pen Kalamkari pure silk saree (Code: CSEM099). Handcrafted with bamboo pens and natural organic vegetable mineral dyes in Srikalahasti, Andhra Pradesh. Fabric: Semi Kanchi Silk Sarees. Direct from Dhanalakshmi Kalamkari master artisans.",https://www.dhanalakshmikalamkari.in/?product=CSEM099,https://lh3.googleusercontent.com/d/1LGdAIhS4WH28E423E46v9EtsZc1IBRIV=w1200,in_stock,11000 INR,Dhanalakshmi Kalamkari,new,Apparel & Accessories > Clothing > Traditional & Ceremonial Clothing > Sarees
CSEM100,Hand-Painted Srikalahasti Pen Kalamkari Semi Kanchi Silk Sarees Saree (CSEM100),"Authentic 100% hand-painted Srikalahasti Pen Kalamkari pure silk saree (Code: CSEM100). Handcrafted with bamboo pens and natural organic vegetable mineral dyes in Srikalahasti, Andhra Pradesh. Fabric: Semi Kanchi Silk Sarees. Direct from Dhanalakshmi Kalamkari master artisans.",https://www.dhanalakshmikalamkari.in/?product=CSEM100,https://lh3.googleusercontent.com/d/1kLthaP37hPptuFk12bbPxy0VJx2BksJn=w1200,in_stock,11000 INR,Dhanalakshmi Kalamkari,new,Apparel & Accessories > Clothing > Traditional & Ceremonial Clothing > Sarees
CSEM104,Hand-Painted Srikalahasti Pen Kalamkari Semi Kanchi Silk Sarees Saree (CSEM104),"Authentic 100% hand-painted Srikalahasti Pen Kalamkari pure silk saree (Code: CSEM104). Handcrafted with bamboo pens and natural organic vegetable mineral dyes in Srikalahasti, Andhra Pradesh. Fabric: Semi Kanchi Silk Sarees. Direct from Dhanalakshmi Kalamkari master artisans.",https://www.dhanalakshmikalamkari.in/?product=CSEM104,https://lh3.googleusercontent.com/d/1NS8cjD27xT3uPQQTdZ7HXOVoe5_ZcwuR=w1200,in_stock,11000 INR,Dhanalakshmi Kalamkari,new,Apparel & Accessories > Clothing > Traditional & Ceremonial Clothing > Sarees
CSEM107,Hand-Painted Srikalahasti Pen Kalamkari Semi Kanchi Silk Sarees Saree (CSEM107),"Authentic 100% hand-painted Srikalahasti Pen Kalamkari pure silk saree (Code: CSEM107). Handcrafted with bamboo pens and natural organic vegetable mineral dyes in Srikalahasti, Andhra Pradesh. Fabric: Semi Kanchi Silk Sarees. Direct from Dhanalakshmi Kalamkari master artisans.",https://www.dhanalakshmikalamkari.in/?product=CSEM107,https://lh3.googleusercontent.com/d/1wgsFfolOt6jfFAdbY6NRDTOw8OjYuExe=w1200,in_stock,11000 INR,Dhanalakshmi Kalamkari,new,Apparel & Accessories > Clothing > Traditional & Ceremonial Clothing > Sarees
CSEM108,Hand-Painted Srikalahasti Pen Kalamkari Semi Kanchi Silk Sarees Saree (CSEM108),"Authentic 100% hand-painted Srikalahasti Pen Kalamkari pure silk saree (Code: CSEM108). Handcrafted with bamboo pens and natural organic vegetable mineral dyes in Srikalahasti, Andhra Pradesh. Fabric: Semi Kanchi Silk Sarees. Direct from Dhanalakshmi Kalamkari master artisans.",https://www.dhanalakshmikalamkari.in/?product=CSEM108,https://lh3.googleusercontent.com/d/1zomlHU0XYmmA3YssgMUr1L-8S2YU9wYq=w1200,in_stock,11000 INR,Dhanalakshmi Kalamkari,new,Apparel & Accessories > Clothing > Traditional & Ceremonial Clothing > Sarees
CSEM109,Hand-Painted Srikalahasti Pen Kalamkari Semi Kanchi Silk Sarees Saree (CSEM109),"Authentic 100% hand-painted Srikalahasti Pen Kalamkari pure silk saree (Code: CSEM109). Handcrafted with bamboo pens and natural organic vegetable mineral dyes in Srikalahasti, Andhra Pradesh. Fabric: Semi Kanchi Silk Sarees. Direct from Dhanalakshmi Kalamkari master artisans.",https://www.dhanalakshmikalamkari.in/?product=CSEM109,https://lh3.googleusercontent.com/d/1mJOr6OY2aviqUSyB42BRfitpcRrBQpAC=w1200,in_stock,11000 INR,Dhanalakshmi Kalamkari,new,Apparel & Accessories > Clothing > Traditional & Ceremonial Clothing > Sarees
CSEM112,Hand-Painted Srikalahasti Pen Kalamkari Semi Kanchi Silk Sarees Saree (CSEM112),"Authentic 100% hand-painted Srikalahasti Pen Kalamkari pure silk saree (Code: CSEM112). Handcrafted with bamboo pens and natural organic vegetable mineral dyes in Srikalahasti, Andhra Pradesh. Fabric: Semi Kanchi Silk Sarees. Direct from Dhanalakshmi Kalamkari master artisans.",https://www.dhanalakshmikalamkari.in/?product=CSEM112,https://lh3.googleusercontent.com/d/1G0bVP4JWx4ceMH-JiGIUBIP8JtGesRKE=w1200,in_stock,11000 INR,Dhanalakshmi Kalamkari,new,Apparel & Accessories > Clothing > Traditional & Ceremonial Clothing > Sarees
CSEM113,Hand-Painted Srikalahasti Pen Kalamkari Semi Kanchi Silk Sarees Saree (CSEM113),"Authentic 100% hand-painted Srikalahasti Pen Kalamkari pure silk saree (Code: CSEM113). Handcrafted with bamboo pens and natural organic vegetable mineral dyes in Srikalahasti, Andhra Pradesh. Fabric: Semi Kanchi Silk Sarees. Direct from Dhanalakshmi Kalamkari master artisans.",https://www.dhanalakshmikalamkari.in/?product=CSEM113,https://lh3.googleusercontent.com/d/10Psikv0x_Qy-svXEF17xBV3TfHyi2yMj=w1200,in_stock,11000 INR,Dhanalakshmi Kalamkari,new,Apparel & Accessories > Clothing > Traditional & Ceremonial Clothing > Sarees
CSEM115,Hand-Painted Srikalahasti Pen Kalamkari Semi Kanchi Silk Sarees Saree (CSEM115),"Authentic 100% hand-painted Srikalahasti Pen Kalamkari pure silk saree (Code: CSEM115). Handcrafted with bamboo pens and natural organic vegetable mineral dyes in Srikalahasti, Andhra Pradesh. Fabric: Semi Kanchi Silk Sarees. Direct from Dhanalakshmi Kalamkari master artisans.",https://www.dhanalakshmikalamkari.in/?product=CSEM115,https://lh3.googleusercontent.com/d/12ZtuVQHcYRVVdksq0RcbBVVeYARrfxbU=w1200,in_stock,11000 INR,Dhanalakshmi Kalamkari,new,Apparel & Accessories > Clothing > Traditional & Ceremonial Clothing > Sarees
CSEM117,Hand-Painted Srikalahasti Pen Kalamkari Semi Kanchi Silk Sarees Saree (CSEM117),"Authentic 100% hand-painted Srikalahasti Pen Kalamkari pure silk saree (Code: CSEM117). Handcrafted with bamboo pens and natural organic vegetable mineral dyes in Srikalahasti, Andhra Pradesh. Fabric: Semi Kanchi Silk Sarees. Direct from Dhanalakshmi Kalamkari master artisans.",https://www.dhanalakshmikalamkari.in/?product=CSEM117,https://lh3.googleusercontent.com/d/1fOWlH3SiwXQYrlQDlBLQMurse9RL3iuM=w1200,in_stock,11000 INR,Dhanalakshmi Kalamkari,new,Apparel & Accessories > Clothing > Traditional & Ceremonial Clothing > Sarees
CSEM161,Hand-Painted Srikalahasti Pen Kalamkari Semi Kanchi Silk Sarees Saree (CSEM161),"Authentic 100% hand-painted Srikalahasti Pen Kalamkari pure silk saree (Code: CSEM161). Handcrafted with bamboo pens and natural organic vegetable mineral dyes in Srikalahasti, Andhra Pradesh. Fabric: Semi Kanchi Silk Sarees. Direct from Dhanalakshmi Kalamkari master artisans.",https://www.dhanalakshmikalamkari.in/?product=CSEM161,https://lh3.googleusercontent.com/d/1t41FlF4K-bQAti5oMZao6WfjUfYCv2Ea=w1200,in_stock,10500 INR,Dhanalakshmi Kalamkari,new,Apparel & Accessories > Clothing > Traditional & Ceremonial Clothing > Sarees
CSEM162,Hand-Painted Srikalahasti Pen Kalamkari Semi Kanchi Silk Sarees Saree (CSEM162),"Authentic 100% hand-painted Srikalahasti Pen Kalamkari pure silk saree (Code: CSEM162). Handcrafted with bamboo pens and natural organic vegetable mineral dyes in Srikalahasti, Andhra Pradesh. Fabric: Semi Kanchi Silk Sarees. Direct from Dhanalakshmi Kalamkari master artisans.",https://www.dhanalakshmikalamkari.in/?product=CSEM162,https://lh3.googleusercontent.com/d/1eqq8cFCzAaz-ghnwREMVVIn7OBxik1ux=w1200,in_stock,10500 INR,Dhanalakshmi Kalamkari,new,Apparel & Accessories > Clothing > Traditional & Ceremonial Clothing > Sarees
CSEM119,Hand-Painted Srikalahasti Pen Kalamkari Semi Kanchi Silk Sarees Saree (CSEM119),"Authentic 100% hand-painted Srikalahasti Pen Kalamkari pure silk saree (Code: CSEM119). Handcrafted with bamboo pens and natural organic vegetable mineral dyes in Srikalahasti, Andhra Pradesh. Fabric: Semi Kanchi Silk Sarees. Direct from Dhanalakshmi Kalamkari master artisans.",https://www.dhanalakshmikalamkari.in/?product=CSEM119,https://lh3.googleusercontent.com/d/1Sr9IIjyWdQJQ9gnHyz5I30hSCkN8086m=w1200,in_stock,10500 INR,Dhanalakshmi Kalamkari,new,Apparel & Accessories > Clothing > Traditional & Ceremonial Clothing > Sarees
CSEM120,Hand-Painted Srikalahasti Pen Kalamkari Semi Kanchi Silk Sarees Saree (CSEM120),"Authentic 100% hand-painted Srikalahasti Pen Kalamkari pure silk saree (Code: CSEM120). Handcrafted with bamboo pens and natural organic vegetable mineral dyes in Srikalahasti, Andhra Pradesh. Fabric: Semi Kanchi Silk Sarees. Direct from Dhanalakshmi Kalamkari master artisans.",https://www.dhanalakshmikalamkari.in/?product=CSEM120,https://lh3.googleusercontent.com/d/1JkTTyZAOdmpM0fnwqRbqMqRYy2xd0lM_=w1200,in_stock,10500 INR,Dhanalakshmi Kalamkari,new,Apparel & Accessories > Clothing > Traditional & Ceremonial Clothing > Sarees
CSEM121,Hand-Painted Srikalahasti Pen Kalamkari Semi Kanchi Silk Sarees Saree (CSEM121),"Authentic 100% hand-painted Srikalahasti Pen Kalamkari pure silk saree (Code: CSEM121). Handcrafted with bamboo pens and natural organic vegetable mineral dyes in Srikalahasti, Andhra Pradesh. Fabric: Semi Kanchi Silk Sarees. Direct from Dhanalakshmi Kalamkari master artisans.",https://www.dhanalakshmikalamkari.in/?product=CSEM121,https://lh3.googleusercontent.com/d/1ani_FAOGAZaSrs-jYY9bSBX_p5yiScyB=w1200,in_stock,10500 INR,Dhanalakshmi Kalamkari,new,Apparel & Accessories > Clothing > Traditional & Ceremonial Clothing > Sarees
CSEM124,Hand-Painted Srikalahasti Pen Kalamkari Semi Kanchi Silk Sarees Saree (CSEM124),"Authentic 100% hand-painted Srikalahasti Pen Kalamkari pure silk saree (Code: CSEM124). Handcrafted with bamboo pens and natural organic vegetable mineral dyes in Srikalahasti, Andhra Pradesh. Fabric: Semi Kanchi Silk Sarees. Direct from Dhanalakshmi Kalamkari master artisans.",https://www.dhanalakshmikalamkari.in/?product=CSEM124,https://lh3.googleusercontent.com/d/1vygbCsUd4Gi274rql94RFZUaproir_ns=w1200,in_stock,10500 INR,Dhanalakshmi Kalamkari,new,Apparel & Accessories > Clothing > Traditional & Ceremonial Clothing > Sarees
CSEM125,Hand-Painted Srikalahasti Pen Kalamkari Semi Kanchi Silk Sarees Saree (CSEM125),"Authentic 100% hand-painted Srikalahasti Pen Kalamkari pure silk saree (Code: CSEM125). Handcrafted with bamboo pens and natural organic vegetable mineral dyes in Srikalahasti, Andhra Pradesh. Fabric: Semi Kanchi Silk Sarees. Direct from Dhanalakshmi Kalamkari master artisans.",https://www.dhanalakshmikalamkari.in/?product=CSEM125,https://lh3.googleusercontent.com/d/1lX5ik6MqIeW6QtMz9T-O6KrNR0MNbwvz=w1200,in_stock,10500 INR,Dhanalakshmi Kalamkari,new,Apparel & Accessories > Clothing > Traditional & Ceremonial Clothing > Sarees
CSEM126,Hand-Painted Srikalahasti Pen Kalamkari Semi Kanchi Silk Sarees Saree (CSEM126),"Authentic 100% hand-painted Srikalahasti Pen Kalamkari pure silk saree (Code: CSEM126). Handcrafted with bamboo pens and natural organic vegetable mineral dyes in Srikalahasti, Andhra Pradesh. Fabric: Semi Kanchi Silk Sarees. Direct from Dhanalakshmi Kalamkari master artisans.",https://www.dhanalakshmikalamkari.in/?product=CSEM126,https://lh3.googleusercontent.com/d/1yvkupjrhgv84f6go5OHf_a82aiLqXbM6=w1200,in_stock,10500 INR,Dhanalakshmi Kalamkari,new,Apparel & Accessories > Clothing > Traditional & Ceremonial Clothing > Sarees
CSEM130,Hand-Painted Srikalahasti Pen Kalamkari Semi Kanchi Silk Sarees Saree (CSEM130),"Authentic 100% hand-painted Srikalahasti Pen Kalamkari pure silk saree (Code: CSEM130). Handcrafted with bamboo pens and natural organic vegetable mineral dyes in Srikalahasti, Andhra Pradesh. Fabric: Semi Kanchi Silk Sarees. Direct from Dhanalakshmi Kalamkari master artisans.",https://www.dhanalakshmikalamkari.in/?product=CSEM130,https://lh3.googleusercontent.com/d/1_FsPItiBfkymL-Rgnp1ZYB8Y8mdeRb4U=w1200,in_stock,10500 INR,Dhanalakshmi Kalamkari,new,Apparel & Accessories > Clothing > Traditional & Ceremonial Clothing > Sarees
CSEM131,Hand-Painted Srikalahasti Pen Kalamkari Semi Kanchi Silk Sarees Saree (CSEM131),"Authentic 100% hand-painted Srikalahasti Pen Kalamkari pure silk saree (Code: CSEM131). Handcrafted with bamboo pens and natural organic vegetable mineral dyes in Srikalahasti, Andhra Pradesh. Fabric: Semi Kanchi Silk Sarees. Direct from Dhanalakshmi Kalamkari master artisans.",https://www.dhanalakshmikalamkari.in/?product=CSEM131,https://lh3.googleusercontent.com/d/1LtuaEbB1kjUTLK-XEj2S32s3i4qG3dyv=w1200,in_stock,10500 INR,Dhanalakshmi Kalamkari,new,Apparel & Accessories > Clothing > Traditional & Ceremonial Clothing > Sarees
CSEM134,Hand-Painted Srikalahasti Pen Kalamkari Semi Kanchi Silk Sarees Saree (CSEM134),"Authentic 100% hand-painted Srikalahasti Pen Kalamkari pure silk saree (Code: CSEM134). Handcrafted with bamboo pens and natural organic vegetable mineral dyes in Srikalahasti, Andhra Pradesh. Fabric: Semi Kanchi Silk Sarees. Direct from Dhanalakshmi Kalamkari master artisans.",https://www.dhanalakshmikalamkari.in/?product=CSEM134,https://lh3.googleusercontent.com/d/1wc38QL_AxZSkjqxAePyp0yr5a6GmIJMm=w1200,in_stock,10500 INR,Dhanalakshmi Kalamkari,new,Apparel & Accessories > Clothing > Traditional & Ceremonial Clothing > Sarees
CSEM135,Hand-Painted Srikalahasti Pen Kalamkari Semi Kanchi Silk Sarees Saree (CSEM135),"Authentic 100% hand-painted Srikalahasti Pen Kalamkari pure silk saree (Code: CSEM135). Handcrafted with bamboo pens and natural organic vegetable mineral dyes in Srikalahasti, Andhra Pradesh. Fabric: Semi Kanchi Silk Sarees. Direct from Dhanalakshmi Kalamkari master artisans.",https://www.dhanalakshmikalamkari.in/?product=CSEM135,https://lh3.googleusercontent.com/d/1XXa89mRwfoqhUEbCdygSqRWXRkMbu46p=w1200,in_stock,10500 INR,Dhanalakshmi Kalamkari,new,Apparel & Accessories > Clothing > Traditional & Ceremonial Clothing > Sarees
CSEM136,Hand-Painted Srikalahasti Pen Kalamkari Semi Kanchi Silk Sarees Saree (CSEM136),"Authentic 100% hand-painted Srikalahasti Pen Kalamkari pure silk saree (Code: CSEM136). Handcrafted with bamboo pens and natural organic vegetable mineral dyes in Srikalahasti, Andhra Pradesh. Fabric: Semi Kanchi Silk Sarees. Direct from Dhanalakshmi Kalamkari master artisans.",https://www.dhanalakshmikalamkari.in/?product=CSEM136,https://lh3.googleusercontent.com/d/1udSXBVDwwBBnu5Jd0QkmByqPDRvH7LV5=w1200,in_stock,10500 INR,Dhanalakshmi Kalamkari,new,Apparel & Accessories > Clothing > Traditional & Ceremonial Clothing > Sarees
CSEM137,Hand-Painted Srikalahasti Pen Kalamkari Semi Kanchi Silk Sarees Saree (CSEM137),"Authentic 100% hand-painted Srikalahasti Pen Kalamkari pure silk saree (Code: CSEM137). Handcrafted with bamboo pens and natural organic vegetable mineral dyes in Srikalahasti, Andhra Pradesh. Fabric: Semi Kanchi Silk Sarees. Direct from Dhanalakshmi Kalamkari master artisans.",https://www.dhanalakshmikalamkari.in/?product=CSEM137,https://lh3.googleusercontent.com/d/1haK_-7qnfRcKj_N-jPigUJ1dXcozWq6c=w1200,in_stock,10500 INR,Dhanalakshmi Kalamkari,new,Apparel & Accessories > Clothing > Traditional & Ceremonial Clothing > Sarees
CSEM138,Hand-Painted Srikalahasti Pen Kalamkari Semi Kanchi Silk Sarees Saree (CSEM138),"Authentic 100% hand-painted Srikalahasti Pen Kalamkari pure silk saree (Code: CSEM138). Handcrafted with bamboo pens and natural organic vegetable mineral dyes in Srikalahasti, Andhra Pradesh. Fabric: Semi Kanchi Silk Sarees. Direct from Dhanalakshmi Kalamkari master artisans.",https://www.dhanalakshmikalamkari.in/?product=CSEM138,https://lh3.googleusercontent.com/d/1F6FW2P0XfYq7QLu-8X73r7filvCX2A9_=w1200,in_stock,10500 INR,Dhanalakshmi Kalamkari,new,Apparel & Accessories > Clothing > Traditional & Ceremonial Clothing > Sarees
CSEM141,Hand-Painted Srikalahasti Pen Kalamkari Semi Kanchi Silk Sarees Saree (CSEM141),"Authentic 100% hand-painted Srikalahasti Pen Kalamkari pure silk saree (Code: CSEM141). Handcrafted with bamboo pens and natural organic vegetable mineral dyes in Srikalahasti, Andhra Pradesh. Fabric: Semi Kanchi Silk Sarees. Direct from Dhanalakshmi Kalamkari master artisans.",https://www.dhanalakshmikalamkari.in/?product=CSEM141,https://lh3.googleusercontent.com/d/1cIi4EC9BJjEokIM6X9TWvQGUk0IWRE_G=w1200,in_stock,10500 INR,Dhanalakshmi Kalamkari,new,Apparel & Accessories > Clothing > Traditional & Ceremonial Clothing > Sarees
CSEM142,Hand-Painted Srikalahasti Pen Kalamkari Semi Kanchi Silk Sarees Saree (CSEM142),"Authentic 100% hand-painted Srikalahasti Pen Kalamkari pure silk saree (Code: CSEM142). Handcrafted with bamboo pens and natural organic vegetable mineral dyes in Srikalahasti, Andhra Pradesh. Fabric: Semi Kanchi Silk Sarees. Direct from Dhanalakshmi Kalamkari master artisans.",https://www.dhanalakshmikalamkari.in/?product=CSEM142,https://lh3.googleusercontent.com/d/1GhNy-bYVaGdB4mlS_lJtxVW3OQ4xDfIj=w1200,in_stock,10500 INR,Dhanalakshmi Kalamkari,new,Apparel & Accessories > Clothing > Traditional & Ceremonial Clothing > Sarees
CSEM143,Hand-Painted Srikalahasti Pen Kalamkari Semi Kanchi Silk Sarees Saree (CSEM143),"Authentic 100% hand-painted Srikalahasti Pen Kalamkari pure silk saree (Code: CSEM143). Handcrafted with bamboo pens and natural organic vegetable mineral dyes in Srikalahasti, Andhra Pradesh. Fabric: Semi Kanchi Silk Sarees. Direct from Dhanalakshmi Kalamkari master artisans.",https://www.dhanalakshmikalamkari.in/?product=CSEM143,https://lh3.googleusercontent.com/d/1aYtaRYNkSnRp1id40MCQetdPQobAXgzs=w1200,in_stock,10500 INR,Dhanalakshmi Kalamkari,new,Apparel & Accessories > Clothing > Traditional & Ceremonial Clothing > Sarees
CSEM144,Hand-Painted Srikalahasti Pen Kalamkari Semi Kanchi Silk Sarees Saree (CSEM144),"Authentic 100% hand-painted Srikalahasti Pen Kalamkari pure silk saree (Code: CSEM144). Handcrafted with bamboo pens and natural organic vegetable mineral dyes in Srikalahasti, Andhra Pradesh. Fabric: Semi Kanchi Silk Sarees. Direct from Dhanalakshmi Kalamkari master artisans.",https://www.dhanalakshmikalamkari.in/?product=CSEM144,https://lh3.googleusercontent.com/d/1KLnJC2A4GiGDRQPVeMrHXnx5hg2XJONX=w1200,in_stock,10500 INR,Dhanalakshmi Kalamkari,new,Apparel & Accessories > Clothing > Traditional & Ceremonial Clothing > Sarees
CSEM145,Hand-Painted Srikalahasti Pen Kalamkari Semi Kanchi Silk Sarees Saree (CSEM145),"Authentic 100% hand-painted Srikalahasti Pen Kalamkari pure silk saree (Code: CSEM145). Handcrafted with bamboo pens and natural organic vegetable mineral dyes in Srikalahasti, Andhra Pradesh. Fabric: Semi Kanchi Silk Sarees. Direct from Dhanalakshmi Kalamkari master artisans.",https://www.dhanalakshmikalamkari.in/?product=CSEM145,https://lh3.googleusercontent.com/d/1ufUwsWTChPRwxENBdRAY21331CIpxb6W=w1200,in_stock,10500 INR,Dhanalakshmi Kalamkari,new,Apparel & Accessories > Clothing > Traditional & Ceremonial Clothing > Sarees
CSEM148,Hand-Painted Srikalahasti Pen Kalamkari Semi Kanchi Silk Sarees Saree (CSEM148),"Authentic 100% hand-painted Srikalahasti Pen Kalamkari pure silk saree (Code: CSEM148). Handcrafted with bamboo pens and natural organic vegetable mineral dyes in Srikalahasti, Andhra Pradesh. Fabric: Semi Kanchi Silk Sarees. Direct from Dhanalakshmi Kalamkari master artisans.",https://www.dhanalakshmikalamkari.in/?product=CSEM148,https://lh3.googleusercontent.com/d/1yvOlZhnsV5Kmq7iH2qVVb_AozLL9ySOV=w1200,in_stock,10500 INR,Dhanalakshmi Kalamkari,new,Apparel & Accessories > Clothing > Traditional & Ceremonial Clothing > Sarees
CSEM149,Hand-Painted Srikalahasti Pen Kalamkari Semi Kanchi Silk Sarees Saree (CSEM149),"Authentic 100% hand-painted Srikalahasti Pen Kalamkari pure silk saree (Code: CSEM149). Handcrafted with bamboo pens and natural organic vegetable mineral dyes in Srikalahasti, Andhra Pradesh. Fabric: Semi Kanchi Silk Sarees. Direct from Dhanalakshmi Kalamkari master artisans.",https://www.dhanalakshmikalamkari.in/?product=CSEM149,https://lh3.googleusercontent.com/d/1DLctC_pCaYpe8hL9JxEl2RkvNiEaZSTY=w1200,in_stock,10500 INR,Dhanalakshmi Kalamkari,new,Apparel & Accessories > Clothing > Traditional & Ceremonial Clothing > Sarees
CPUR433,Hand-Painted Srikalahasti Pen Kalamkari Pure Kota Tussar Silk Sarees Saree (CPUR433),"Authentic 100% hand-painted Srikalahasti Pen Kalamkari pure silk saree (Code: CPUR433). Handcrafted with bamboo pens and natural organic vegetable mineral dyes in Srikalahasti, Andhra Pradesh. Fabric: Pure Kota Tussar Silk Sarees. Direct from Dhanalakshmi Kalamkari master artisans.",https://www.dhanalakshmikalamkari.in/?product=CPUR433,https://lh3.googleusercontent.com/d/1NdLUyhtmad2Wv-ItqdQOkfS5WxQKAgRl=w1200,in_stock,11500 INR,Dhanalakshmi Kalamkari,new,Apparel & Accessories > Clothing > Traditional & Ceremonial Clothing > Sarees
CPUR435,Hand-Painted Srikalahasti Pen Kalamkari Pure Kota Tussar Silk Sarees Saree (CPUR435),"Authentic 100% hand-painted Srikalahasti Pen Kalamkari pure silk saree (Code: CPUR435). Handcrafted with bamboo pens and natural organic vegetable mineral dyes in Srikalahasti, Andhra Pradesh. Fabric: Pure Kota Tussar Silk Sarees. Direct from Dhanalakshmi Kalamkari master artisans.",https://www.dhanalakshmikalamkari.in/?product=CPUR435,https://lh3.googleusercontent.com/d/1g8VvljqKPNXrXhwHllVg0vT94afLSmdG=w1200,in_stock,11500 INR,Dhanalakshmi Kalamkari,new,Apparel & Accessories > Clothing > Traditional & Ceremonial Clothing > Sarees
CPUR436,Hand-Painted Srikalahasti Pen Kalamkari Pure Kota Tussar Silk Sarees Saree (CPUR436),"Authentic 100% hand-painted Srikalahasti Pen Kalamkari pure silk saree (Code: CPUR436). Handcrafted with bamboo pens and natural organic vegetable mineral dyes in Srikalahasti, Andhra Pradesh. Fabric: Pure Kota Tussar Silk Sarees. Direct from Dhanalakshmi Kalamkari master artisans.",https://www.dhanalakshmikalamkari.in/?product=CPUR436,https://lh3.googleusercontent.com/d/1mwUoMce7mIOLBOpa0oEZmt4a2wL53Pj1=w1200,in_stock,11500 INR,Dhanalakshmi Kalamkari,new,Apparel & Accessories > Clothing > Traditional & Ceremonial Clothing > Sarees
CPCS076,Hand-Painted Srikalahasti Pen Kalamkari Pure Crape Silk Sarees Saree (CPCS076),"Authentic 100% hand-painted Srikalahasti Pen Kalamkari pure silk saree (Code: CPCS076). Handcrafted with bamboo pens and natural organic vegetable mineral dyes in Srikalahasti, Andhra Pradesh. Fabric: Pure Crape Silk Sarees. Direct from Dhanalakshmi Kalamkari master artisans.",https://www.dhanalakshmikalamkari.in/?product=CPCS076,https://lh3.googleusercontent.com/d/1Q71AEy10HljkgRggQnaCftDfx9ozUJNQ=w1200,in_stock,14500 INR,Dhanalakshmi Kalamkari,new,Apparel & Accessories > Clothing > Traditional & Ceremonial Clothing > Sarees
CPCS077,Hand-Painted Srikalahasti Pen Kalamkari Pure Crape Silk Sarees Saree (CPCS077),"Authentic 100% hand-painted Srikalahasti Pen Kalamkari pure silk saree (Code: CPCS077). Handcrafted with bamboo pens and natural organic vegetable mineral dyes in Srikalahasti, Andhra Pradesh. Fabric: Pure Crape Silk Sarees. Direct from Dhanalakshmi Kalamkari master artisans.",https://www.dhanalakshmikalamkari.in/?product=CPCS077,https://lh3.googleusercontent.com/d/1OIx4fM2bMiEK941dUNBwYvPdkU1bBNpb=w1200,in_stock,14500 INR,Dhanalakshmi Kalamkari,new,Apparel & Accessories > Clothing > Traditional & Ceremonial Clothing > Sarees
CPCS078,Hand-Painted Srikalahasti Pen Kalamkari Pure Crape Silk Sarees Saree (CPCS078),"Authentic 100% hand-painted Srikalahasti Pen Kalamkari pure silk saree (Code: CPCS078). Handcrafted with bamboo pens and natural organic vegetable mineral dyes in Srikalahasti, Andhra Pradesh. Fabric: Pure Crape Silk Sarees. Direct from Dhanalakshmi Kalamkari master artisans.",https://www.dhanalakshmikalamkari.in/?product=CPCS078,https://lh3.googleusercontent.com/d/1vcpJ7xfXO9uWhr_oIo2DeMN9KkZGZ0cy=w1200,in_stock,14500 INR,Dhanalakshmi Kalamkari,new,Apparel & Accessories > Clothing > Traditional & Ceremonial Clothing > Sarees
CPCS079,Hand-Painted Srikalahasti Pen Kalamkari Pure Crape Silk Sarees Saree (CPCS079),"Authentic 100% hand-painted Srikalahasti Pen Kalamkari pure silk saree (Code: CPCS079). Handcrafted with bamboo pens and natural organic vegetable mineral dyes in Srikalahasti, Andhra Pradesh. Fabric: Pure Crape Silk Sarees. Direct from Dhanalakshmi Kalamkari master artisans.",https://www.dhanalakshmikalamkari.in/?product=CPCS079,https://lh3.googleusercontent.com/d/11_RhtsbaJDWTe1SxRJMsq87Cj50MPB9O=w1200,in_stock,14500 INR,Dhanalakshmi Kalamkari,new,Apparel & Accessories > Clothing > Traditional & Ceremonial Clothing > Sarees
CPCS080,Hand-Painted Srikalahasti Pen Kalamkari Pure Crape Silk Sarees Saree (CPCS080),"Authentic 100% hand-painted Srikalahasti Pen Kalamkari pure silk saree (Code: CPCS080). Handcrafted with bamboo pens and natural organic vegetable mineral dyes in Srikalahasti, Andhra Pradesh. Fabric: Pure Crape Silk Sarees. Direct from Dhanalakshmi Kalamkari master artisans.",https://www.dhanalakshmikalamkari.in/?product=CPCS080,https://lh3.googleusercontent.com/d/1WQlhZYx1BQ44RhKYanqnBPqljGltRkyv=w1200,in_stock,14500 INR,Dhanalakshmi Kalamkari,new,Apparel & Accessories > Clothing > Traditional & Ceremonial Clothing > Sarees
CPCS081,Hand-Painted Srikalahasti Pen Kalamkari Pure Crape Silk Sarees Saree (CPCS081),"Authentic 100% hand-painted Srikalahasti Pen Kalamkari pure silk saree (Code: CPCS081). Handcrafted with bamboo pens and natural organic vegetable mineral dyes in Srikalahasti, Andhra Pradesh. Fabric: Pure Crape Silk Sarees. Direct from Dhanalakshmi Kalamkari master artisans.",https://www.dhanalakshmikalamkari.in/?product=CPCS081,https://lh3.googleusercontent.com/d/1KkYtUa3CMxUs0Or_hgMlNVwIQdtR6q1J=w1200,in_stock,14500 INR,Dhanalakshmi Kalamkari,new,Apparel & Accessories > Clothing > Traditional & Ceremonial Clothing > Sarees
CPCS083,Hand-Painted Srikalahasti Pen Kalamkari Pure Crape Silk Sarees Saree (CPCS083),"Authentic 100% hand-painted Srikalahasti Pen Kalamkari pure silk saree (Code: CPCS083). Handcrafted with bamboo pens and natural organic vegetable mineral dyes in Srikalahasti, Andhra Pradesh. Fabric: Pure Crape Silk Sarees. Direct from Dhanalakshmi Kalamkari master artisans.",https://www.dhanalakshmikalamkari.in/?product=CPCS083,https://lh3.googleusercontent.com/d/1hDfTp-mqetTl6mE9pZ2tv9KZE_1cS0xt=w1200,in_stock,14500 INR,Dhanalakshmi Kalamkari,new,Apparel & Accessories > Clothing > Traditional & Ceremonial Clothing > Sarees
CPCS084,Hand-Painted Srikalahasti Pen Kalamkari Pure Crape Silk Sarees Saree (CPCS084),"Authentic 100% hand-painted Srikalahasti Pen Kalamkari pure silk saree (Code: CPCS084). Handcrafted with bamboo pens and natural organic vegetable mineral dyes in Srikalahasti, Andhra Pradesh. Fabric: Pure Crape Silk Sarees. Direct from Dhanalakshmi Kalamkari master artisans.",https://www.dhanalakshmikalamkari.in/?product=CPCS084,https://lh3.googleusercontent.com/d/1-_BI_2_5gTcnc7Gm42G5OTvMUHKrwu98=w1200,in_stock,14500 INR,Dhanalakshmi Kalamkari,new,Apparel & Accessories > Clothing > Traditional & Ceremonial Clothing > Sarees
CPCS085,Hand-Painted Srikalahasti Pen Kalamkari Pure Crape Silk Sarees Saree (CPCS085),"Authentic 100% hand-painted Srikalahasti Pen Kalamkari pure silk saree (Code: CPCS085). Handcrafted with bamboo pens and natural organic vegetable mineral dyes in Srikalahasti, Andhra Pradesh. Fabric: Pure Crape Silk Sarees. Direct from Dhanalakshmi Kalamkari master artisans.",https://www.dhanalakshmikalamkari.in/?product=CPCS085,https://lh3.googleusercontent.com/d/1Km0_uWGkevdP1rGDifx8CZ19qJqnJ5pr=w1200,in_stock,14500 INR,Dhanalakshmi Kalamkari,new,Apparel & Accessories > Clothing > Traditional & Ceremonial Clothing > Sarees
CPCS086,Hand-Painted Srikalahasti Pen Kalamkari Pure Crape Silk Sarees Saree (CPCS086),"Authentic 100% hand-painted Srikalahasti Pen Kalamkari pure silk saree (Code: CPCS086). Handcrafted with bamboo pens and natural organic vegetable mineral dyes in Srikalahasti, Andhra Pradesh. Fabric: Pure Crape Silk Sarees. Direct from Dhanalakshmi Kalamkari master artisans.",https://www.dhanalakshmikalamkari.in/?product=CPCS086,https://lh3.googleusercontent.com/d/1ZKbGQcPIWZrgyXBqZ71iXKTSQStj0A08=w1200,in_stock,14500 INR,Dhanalakshmi Kalamkari,new,Apparel & Accessories > Clothing > Traditional & Ceremonial Clothing > Sarees
CPCS087,Hand-Painted Srikalahasti Pen Kalamkari Pure Crape Silk Sarees Saree (CPCS087),"Authentic 100% hand-painted Srikalahasti Pen Kalamkari pure silk saree (Code: CPCS087). Handcrafted with bamboo pens and natural organic vegetable mineral dyes in Srikalahasti, Andhra Pradesh. Fabric: Pure Crape Silk Sarees. Direct from Dhanalakshmi Kalamkari master artisans.",https://www.dhanalakshmikalamkari.in/?product=CPCS087,https://lh3.googleusercontent.com/d/1w329rhlNFvaJkNLXS4DXueqJYmQMpbJC=w1200,in_stock,14500 INR,Dhanalakshmi Kalamkari,new,Apparel & Accessories > Clothing > Traditional & Ceremonial Clothing > Sarees
CPCS128,Hand-Painted Srikalahasti Pen Kalamkari Pure Crape Silk Sarees Saree (CPCS128),"Authentic 100% hand-painted Srikalahasti Pen Kalamkari pure silk saree (Code: CPCS128). Handcrafted with bamboo pens and natural organic vegetable mineral dyes in Srikalahasti, Andhra Pradesh. Fabric: Pure Crape Silk Sarees. Direct from Dhanalakshmi Kalamkari master artisans.",https://www.dhanalakshmikalamkari.in/?product=CPCS128,https://lh3.googleusercontent.com/d/132f-WrLkL240X5Y18THMfKlVD2068KvA=w1200,in_stock,26500 INR,Dhanalakshmi Kalamkari,new,Apparel & Accessories > Clothing > Traditional & Ceremonial Clothing > Sarees
CPCS129,Hand-Painted Srikalahasti Pen Kalamkari Pure Crape Silk Sarees Saree (CPCS129),"Authentic 100% hand-painted Srikalahasti Pen Kalamkari pure silk saree (Code: CPCS129). Handcrafted with bamboo pens and natural organic vegetable mineral dyes in Srikalahasti, Andhra Pradesh. Fabric: Pure Crape Silk Sarees. Direct from Dhanalakshmi Kalamkari master artisans.",https://www.dhanalakshmikalamkari.in/?product=CPCS129,https://lh3.googleusercontent.com/d/1lqSj2VLetCUXH9t_HlTvEqX3aJHVSxcc=w1200,in_stock,26500 INR,Dhanalakshmi Kalamkari,new,Apparel & Accessories > Clothing > Traditional & Ceremonial Clothing > Sarees
CPCS130,Hand-Painted Srikalahasti Pen Kalamkari Pure Crape Silk Sarees Saree (CPCS130),"Authentic 100% hand-painted Srikalahasti Pen Kalamkari pure silk saree (Code: CPCS130). Handcrafted with bamboo pens and natural organic vegetable mineral dyes in Srikalahasti, Andhra Pradesh. Fabric: Pure Crape Silk Sarees. Direct from Dhanalakshmi Kalamkari master artisans.",https://www.dhanalakshmikalamkari.in/?product=CPCS130,https://lh3.googleusercontent.com/d/1fE37Om5d6DPEw1Us32zzoqe7u-EMtM_0=w1200,in_stock,26500 INR,Dhanalakshmi Kalamkari,new,Apparel & Accessories > Clothing > Traditional & Ceremonial Clothing > Sarees
CPCS131,Hand-Painted Srikalahasti Pen Kalamkari Pure Crape Silk Sarees Saree (CPCS131),"Authentic 100% hand-painted Srikalahasti Pen Kalamkari pure silk saree (Code: CPCS131). Handcrafted with bamboo pens and natural organic vegetable mineral dyes in Srikalahasti, Andhra Pradesh. Fabric: Pure Crape Silk Sarees. Direct from Dhanalakshmi Kalamkari master artisans.",https://www.dhanalakshmikalamkari.in/?product=CPCS131,https://lh3.googleusercontent.com/d/1h9c0TWiVwJNWi6d0T5fur2not4vV6SGg=w1200,in_stock,26500 INR,Dhanalakshmi Kalamkari,new,Apparel & Accessories > Clothing > Traditional & Ceremonial Clothing > Sarees
CPCS132,Hand-Painted Srikalahasti Pen Kalamkari Pure Crape Silk Sarees Saree (CPCS132),"Authentic 100% hand-painted Srikalahasti Pen Kalamkari pure silk saree (Code: CPCS132). Handcrafted with bamboo pens and natural organic vegetable mineral dyes in Srikalahasti, Andhra Pradesh. Fabric: Pure Crape Silk Sarees. Direct from Dhanalakshmi Kalamkari master artisans.",https://www.dhanalakshmikalamkari.in/?product=CPCS132,https://lh3.googleusercontent.com/d/1-Uwj7w15FYeZkcqnOpQ3uD7j5LktnvuE=w1200,in_stock,26500 INR,Dhanalakshmi Kalamkari,new,Apparel & Accessories > Clothing > Traditional & Ceremonial Clothing > Sarees
CPCS133,Hand-Painted Srikalahasti Pen Kalamkari Pure Crape Silk Sarees Saree (CPCS133),"Authentic 100% hand-painted Srikalahasti Pen Kalamkari pure silk saree (Code: CPCS133). Handcrafted with bamboo pens and natural organic vegetable mineral dyes in Srikalahasti, Andhra Pradesh. Fabric: Pure Crape Silk Sarees. Direct from Dhanalakshmi Kalamkari master artisans.",https://www.dhanalakshmikalamkari.in/?product=CPCS133,https://lh3.googleusercontent.com/d/1G4ikMo1LfLwxzU1PAKFK2z8vi_2xxVZe=w1200,in_stock,26500 INR,Dhanalakshmi Kalamkari,new,Apparel & Accessories > Clothing > Traditional & Ceremonial Clothing > Sarees
CPCS134,Hand-Painted Srikalahasti Pen Kalamkari Pure Crape Silk Sarees Saree (CPCS134),"Authentic 100% hand-painted Srikalahasti Pen Kalamkari pure silk saree (Code: CPCS134). Handcrafted with bamboo pens and natural organic vegetable mineral dyes in Srikalahasti, Andhra Pradesh. Fabric: Pure Crape Silk Sarees. Direct from Dhanalakshmi Kalamkari master artisans.",https://www.dhanalakshmikalamkari.in/?product=CPCS134,https://lh3.googleusercontent.com/d/1JUYlmC7uXnHa-YMaVO4CPrU40UFp2PXm=w1200,in_stock,26500 INR,Dhanalakshmi Kalamkari,new,Apparel & Accessories > Clothing > Traditional & Ceremonial Clothing > Sarees
CPCS135,Hand-Painted Srikalahasti Pen Kalamkari Pure Crape Silk Sarees Saree (CPCS135),"Authentic 100% hand-painted Srikalahasti Pen Kalamkari pure silk saree (Code: CPCS135). Handcrafted with bamboo pens and natural organic vegetable mineral dyes in Srikalahasti, Andhra Pradesh. Fabric: Pure Crape Silk Sarees. Direct from Dhanalakshmi Kalamkari master artisans.",https://www.dhanalakshmikalamkari.in/?product=CPCS135,https://lh3.googleusercontent.com/d/1PVNGShJsZ_zTgHlzKl8_Vo-CkjPnUNVj=w1200,in_stock,26500 INR,Dhanalakshmi Kalamkari,new,Apparel & Accessories > Clothing > Traditional & Ceremonial Clothing > Sarees
CPCS136,Hand-Painted Srikalahasti Pen Kalamkari Pure Crape Silk Sarees Saree (CPCS136),"Authentic 100% hand-painted Srikalahasti Pen Kalamkari pure silk saree (Code: CPCS136). Handcrafted with bamboo pens and natural organic vegetable mineral dyes in Srikalahasti, Andhra Pradesh. Fabric: Pure Crape Silk Sarees. Direct from Dhanalakshmi Kalamkari master artisans.",https://www.dhanalakshmikalamkari.in/?product=CPCS136,https://lh3.googleusercontent.com/d/1jcEFjyk1rM92Z3h_csxkIRnOJOu5X4UC=w1200,in_stock,26500 INR,Dhanalakshmi Kalamkari,new,Apparel & Accessories > Clothing > Traditional & Ceremonial Clothing > Sarees
CPCS137,Hand-Painted Srikalahasti Pen Kalamkari Pure Crape Silk Sarees Saree (CPCS137),"Authentic 100% hand-painted Srikalahasti Pen Kalamkari pure silk saree (Code: CPCS137). Handcrafted with bamboo pens and natural organic vegetable mineral dyes in Srikalahasti, Andhra Pradesh. Fabric: Pure Crape Silk Sarees. Direct from Dhanalakshmi Kalamkari master artisans.",https://www.dhanalakshmikalamkari.in/?product=CPCS137,https://lh3.googleusercontent.com/d/1h4TK7JiTXIVaMQKMdrZ8DtJ3sxcRtqxS=w1200,in_stock,26500 INR,Dhanalakshmi Kalamkari,new,Apparel & Accessories > Clothing > Traditional & Ceremonial Clothing > Sarees
CPCS138,Hand-Painted Srikalahasti Pen Kalamkari Pure Crape Silk Sarees Saree (CPCS138),"Authentic 100% hand-painted Srikalahasti Pen Kalamkari pure silk saree (Code: CPCS138). Handcrafted with bamboo pens and natural organic vegetable mineral dyes in Srikalahasti, Andhra Pradesh. Fabric: Pure Crape Silk Sarees. Direct from Dhanalakshmi Kalamkari master artisans.",https://www.dhanalakshmikalamkari.in/?product=CPCS138,https://lh3.googleusercontent.com/d/1_wMIzh-82hSexqB1kkSF5sZibfuUEwDX=w1200,in_stock,26500 INR,Dhanalakshmi Kalamkari,new,Apparel & Accessories > Clothing > Traditional & Ceremonial Clothing > Sarees
CPCS139,Hand-Painted Srikalahasti Pen Kalamkari Pure Crape Silk Sarees Saree (CPCS139),"Authentic 100% hand-painted Srikalahasti Pen Kalamkari pure silk saree (Code: CPCS139). Handcrafted with bamboo pens and natural organic vegetable mineral dyes in Srikalahasti, Andhra Pradesh. Fabric: Pure Crape Silk Sarees. Direct from Dhanalakshmi Kalamkari master artisans.",https://www.dhanalakshmikalamkari.in/?product=CPCS139,https://lh3.googleusercontent.com/d/1VRyJCPuPVUhF5eXoPnYnMpIY-ULNfQsN=w1200,in_stock,26500 INR,Dhanalakshmi Kalamkari,new,Apparel & Accessories > Clothing > Traditional & Ceremonial Clothing > Sarees
CPCS140,Hand-Painted Srikalahasti Pen Kalamkari Pure Crape Silk Sarees Saree (CPCS140),"Authentic 100% hand-painted Srikalahasti Pen Kalamkari pure silk saree (Code: CPCS140). Handcrafted with bamboo pens and natural organic vegetable mineral dyes in Srikalahasti, Andhra Pradesh. Fabric: Pure Crape Silk Sarees. Direct from Dhanalakshmi Kalamkari master artisans.",https://www.dhanalakshmikalamkari.in/?product=CPCS140,https://lh3.googleusercontent.com/d/1IjYYO96MJ_hqeEMzg2yqGkZbpcMcPerY=w1200,in_stock,15500 INR,Dhanalakshmi Kalamkari,new,Apparel & Accessories > Clothing > Traditional & Ceremonial Clothing > Sarees
CPCS141,Hand-Painted Srikalahasti Pen Kalamkari Pure Crape Silk Sarees Saree (CPCS141),"Authentic 100% hand-painted Srikalahasti Pen Kalamkari pure silk saree (Code: CPCS141). Handcrafted with bamboo pens and natural organic vegetable mineral dyes in Srikalahasti, Andhra Pradesh. Fabric: Pure Crape Silk Sarees. Direct from Dhanalakshmi Kalamkari master artisans.",https://www.dhanalakshmikalamkari.in/?product=CPCS141,https://lh3.googleusercontent.com/d/1XRuiY_wpoAvjDXSRDuyGlTiRnA4Pj81f=w1200,in_stock,15500 INR,Dhanalakshmi Kalamkari,new,Apparel & Accessories > Clothing > Traditional & Ceremonial Clothing > Sarees
CPCS142,Hand-Painted Srikalahasti Pen Kalamkari Pure Crape Silk Sarees Saree (CPCS142),"Authentic 100% hand-painted Srikalahasti Pen Kalamkari pure silk saree (Code: CPCS142). Handcrafted with bamboo pens and natural organic vegetable mineral dyes in Srikalahasti, Andhra Pradesh. Fabric: Pure Crape Silk Sarees. Direct from Dhanalakshmi Kalamkari master artisans.",https://www.dhanalakshmikalamkari.in/?product=CPCS142,https://lh3.googleusercontent.com/d/1t4JKIvDfnRPotKyrmCh0uAtBWlxn0JGX=w1200,in_stock,15500 INR,Dhanalakshmi Kalamkari,new,Apparel & Accessories > Clothing > Traditional & Ceremonial Clothing > Sarees
CPCS143,Hand-Painted Srikalahasti Pen Kalamkari Pure Crape Silk Sarees Saree (CPCS143),"Authentic 100% hand-painted Srikalahasti Pen Kalamkari pure silk saree (Code: CPCS143). Handcrafted with bamboo pens and natural organic vegetable mineral dyes in Srikalahasti, Andhra Pradesh. Fabric: Pure Crape Silk Sarees. Direct from Dhanalakshmi Kalamkari master artisans.",https://www.dhanalakshmikalamkari.in/?product=CPCS143,https://lh3.googleusercontent.com/d/1jjljWeni3wJCT4bZfKqSHdhA40qwGAya=w1200,in_stock,15500 INR,Dhanalakshmi Kalamkari,new,Apparel & Accessories > Clothing > Traditional & Ceremonial Clothing > Sarees
CPCS144,Hand-Painted Srikalahasti Pen Kalamkari Pure Crape Silk Sarees Saree (CPCS144),"Authentic 100% hand-painted Srikalahasti Pen Kalamkari pure silk saree (Code: CPCS144). Handcrafted with bamboo pens and natural organic vegetable mineral dyes in Srikalahasti, Andhra Pradesh. Fabric: Pure Crape Silk Sarees. Direct from Dhanalakshmi Kalamkari master artisans.",https://www.dhanalakshmikalamkari.in/?product=CPCS144,https://lh3.googleusercontent.com/d/1Ae3_BQ5meYuBZj4bTSuNVcV-73CeIeBS=w1200,in_stock,15500 INR,Dhanalakshmi Kalamkari,new,Apparel & Accessories > Clothing > Traditional & Ceremonial Clothing > Sarees
CPCS145,Hand-Painted Srikalahasti Pen Kalamkari Pure Crape Silk Sarees Saree (CPCS145),"Authentic 100% hand-painted Srikalahasti Pen Kalamkari pure silk saree (Code: CPCS145). Handcrafted with bamboo pens and natural organic vegetable mineral dyes in Srikalahasti, Andhra Pradesh. Fabric: Pure Crape Silk Sarees. Direct from Dhanalakshmi Kalamkari master artisans.",https://www.dhanalakshmikalamkari.in/?product=CPCS145,https://lh3.googleusercontent.com/d/12hLI5UaqFyaopJPS__ihlmA_pFrGaz4H=w1200,in_stock,15500 INR,Dhanalakshmi Kalamkari,new,Apparel & Accessories > Clothing > Traditional & Ceremonial Clothing > Sarees
CPCS146,Hand-Painted Srikalahasti Pen Kalamkari Pure Crape Silk Sarees Saree (CPCS146),"Authentic 100% hand-painted Srikalahasti Pen Kalamkari pure silk saree (Code: CPCS146). Handcrafted with bamboo pens and natural organic vegetable mineral dyes in Srikalahasti, Andhra Pradesh. Fabric: Pure Crape Silk Sarees. Direct from Dhanalakshmi Kalamkari master artisans.",https://www.dhanalakshmikalamkari.in/?product=CPCS146,https://lh3.googleusercontent.com/d/1D7qSoD46B_EIJCsr1EqoNNGq7Gc-33U3=w1200,in_stock,15500 INR,Dhanalakshmi Kalamkari,new,Apparel & Accessories > Clothing > Traditional & Ceremonial Clothing > Sarees
CPCS147,Hand-Painted Srikalahasti Pen Kalamkari Pure Crape Silk Sarees Saree (CPCS147),"Authentic 100% hand-painted Srikalahasti Pen Kalamkari pure silk saree (Code: CPCS147). Handcrafted with bamboo pens and natural organic vegetable mineral dyes in Srikalahasti, Andhra Pradesh. Fabric: Pure Crape Silk Sarees. Direct from Dhanalakshmi Kalamkari master artisans.",https://www.dhanalakshmikalamkari.in/?product=CPCS147,https://lh3.googleusercontent.com/d/1EhvvLJlUcceHv-sPM-76b1b-QS3AGthw=w1200,in_stock,24500 INR,Dhanalakshmi Kalamkari,new,Apparel & Accessories > Clothing > Traditional & Ceremonial Clothing > Sarees
CPCS148,Hand-Painted Srikalahasti Pen Kalamkari Pure Crape Silk Sarees Saree (CPCS148),"Authentic 100% hand-painted Srikalahasti Pen Kalamkari pure silk saree (Code: CPCS148). Handcrafted with bamboo pens and natural organic vegetable mineral dyes in Srikalahasti, Andhra Pradesh. Fabric: Pure Crape Silk Sarees. Direct from Dhanalakshmi Kalamkari master artisans.",https://www.dhanalakshmikalamkari.in/?product=CPCS148,https://lh3.googleusercontent.com/d/1KR3XIbpch__yprl-Pvbqbt8krXqwiDGT=w1200,in_stock,24500 INR,Dhanalakshmi Kalamkari,new,Apparel & Accessories > Clothing > Traditional & Ceremonial Clothing > Sarees
CPCS150,Hand-Painted Srikalahasti Pen Kalamkari Pure Crape Silk Sarees Saree (CPCS150),"Authentic 100% hand-painted Srikalahasti Pen Kalamkari pure silk saree (Code: CPCS150). Handcrafted with bamboo pens and natural organic vegetable mineral dyes in Srikalahasti, Andhra Pradesh. Fabric: Pure Crape Silk Sarees. Direct from Dhanalakshmi Kalamkari master artisans.",https://www.dhanalakshmikalamkari.in/?product=CPCS150,https://lh3.googleusercontent.com/d/1WpqDi7Pl3Qkx0McgCz5sVHvqvdj-yCuF=w1200,in_stock,13500 INR,Dhanalakshmi Kalamkari,new,Apparel & Accessories > Clothing > Traditional & Ceremonial Clothing > Sarees
CPCS151,Hand-Painted Srikalahasti Pen Kalamkari Pure Crape Silk Sarees Saree (CPCS151),"Authentic 100% hand-painted Srikalahasti Pen Kalamkari pure silk saree (Code: CPCS151). Handcrafted with bamboo pens and natural organic vegetable mineral dyes in Srikalahasti, Andhra Pradesh. Fabric: Pure Crape Silk Sarees. Direct from Dhanalakshmi Kalamkari master artisans.",https://www.dhanalakshmikalamkari.in/?product=CPCS151,https://lh3.googleusercontent.com/d/16_C9o5v79T-92F8U3Sw2ndVhG6JNzyxz=w1200,in_stock,13500 INR,Dhanalakshmi Kalamkari,new,Apparel & Accessories > Clothing > Traditional & Ceremonial Clothing > Sarees
CPCS152,Hand-Painted Srikalahasti Pen Kalamkari Pure Crape Silk Sarees Saree (CPCS152),"Authentic 100% hand-painted Srikalahasti Pen Kalamkari pure silk saree (Code: CPCS152). Handcrafted with bamboo pens and natural organic vegetable mineral dyes in Srikalahasti, Andhra Pradesh. Fabric: Pure Crape Silk Sarees. Direct from Dhanalakshmi Kalamkari master artisans.",https://www.dhanalakshmikalamkari.in/?product=CPCS152,https://lh3.googleusercontent.com/d/10JchV-lITtxndPqX18ji2Qq85Np7WuxI=w1200,in_stock,13500 INR,Dhanalakshmi Kalamkari,new,Apparel & Accessories > Clothing > Traditional & Ceremonial Clothing > Sarees
CPCS153,Hand-Painted Srikalahasti Pen Kalamkari Pure Crape Silk Sarees Saree (CPCS153),"Authentic 100% hand-painted Srikalahasti Pen Kalamkari pure silk saree (Code: CPCS153). Handcrafted with bamboo pens and natural organic vegetable mineral dyes in Srikalahasti, Andhra Pradesh. Fabric: Pure Crape Silk Sarees. Direct from Dhanalakshmi Kalamkari master artisans.",https://www.dhanalakshmikalamkari.in/?product=CPCS153,https://lh3.googleusercontent.com/d/1VdRSPUPVaTgdjHHF7_876YFnLj4kHVF-=w1200,in_stock,13500 INR,Dhanalakshmi Kalamkari,new,Apparel & Accessories > Clothing > Traditional & Ceremonial Clothing > Sarees
CPCS154,Hand-Painted Srikalahasti Pen Kalamkari Pure Crape Silk Sarees Saree (CPCS154),"Authentic 100% hand-painted Srikalahasti Pen Kalamkari pure silk saree (Code: CPCS154). Handcrafted with bamboo pens and natural organic vegetable mineral dyes in Srikalahasti, Andhra Pradesh. Fabric: Pure Crape Silk Sarees. Direct from Dhanalakshmi Kalamkari master artisans.",https://www.dhanalakshmikalamkari.in/?product=CPCS154,https://lh3.googleusercontent.com/d/1HFiny87WCtgIJyJOQ4-8wkfenqhGNdZv=w1200,in_stock,13500 INR,Dhanalakshmi Kalamkari,new,Apparel & Accessories > Clothing > Traditional & Ceremonial Clothing > Sarees
CPCS155,Hand-Painted Srikalahasti Pen Kalamkari Pure Crape Silk Sarees Saree (CPCS155),"Authentic 100% hand-painted Srikalahasti Pen Kalamkari pure silk saree (Code: CPCS155). Handcrafted with bamboo pens and natural organic vegetable mineral dyes in Srikalahasti, Andhra Pradesh. Fabric: Pure Crape Silk Sarees. Direct from Dhanalakshmi Kalamkari master artisans.",https://www.dhanalakshmikalamkari.in/?product=CPCS155,https://lh3.googleusercontent.com/d/174mI7-vcuwMYGsC58dihubhD_CFmN42v=w1200,in_stock,13500 INR,Dhanalakshmi Kalamkari,new,Apparel & Accessories > Clothing > Traditional & Ceremonial Clothing > Sarees
CPCS156,Hand-Painted Srikalahasti Pen Kalamkari Pure Crape Silk Sarees Saree (CPCS156),"Authentic 100% hand-painted Srikalahasti Pen Kalamkari pure silk saree (Code: CPCS156). Handcrafted with bamboo pens and natural organic vegetable mineral dyes in Srikalahasti, Andhra Pradesh. Fabric: Pure Crape Silk Sarees. Direct from Dhanalakshmi Kalamkari master artisans.",https://www.dhanalakshmikalamkari.in/?product=CPCS156,https://lh3.googleusercontent.com/d/12yxMZJFFB1HQFFgh8z9enwm0jsIT5SVx=w1200,in_stock,13500 INR,Dhanalakshmi Kalamkari,new,Apparel & Accessories > Clothing > Traditional & Ceremonial Clothing > Sarees
CPCS157,Hand-Painted Srikalahasti Pen Kalamkari Pure Crape Silk Sarees Saree (CPCS157),"Authentic 100% hand-painted Srikalahasti Pen Kalamkari pure silk saree (Code: CPCS157). Handcrafted with bamboo pens and natural organic vegetable mineral dyes in Srikalahasti, Andhra Pradesh. Fabric: Pure Crape Silk Sarees. Direct from Dhanalakshmi Kalamkari master artisans.",https://www.dhanalakshmikalamkari.in/?product=CPCS157,https://lh3.googleusercontent.com/d/19hjV8qd_1YzddUsaJXqOrYQJhGcAq3ql=w1200,in_stock,13500 INR,Dhanalakshmi Kalamkari,new,Apparel & Accessories > Clothing > Traditional & Ceremonial Clothing > Sarees
CPCS158,Hand-Painted Srikalahasti Pen Kalamkari Pure Crape Silk Sarees Saree (CPCS158),"Authentic 100% hand-painted Srikalahasti Pen Kalamkari pure silk saree (Code: CPCS158). Handcrafted with bamboo pens and natural organic vegetable mineral dyes in Srikalahasti, Andhra Pradesh. Fabric: Pure Crape Silk Sarees. Direct from Dhanalakshmi Kalamkari master artisans.",https://www.dhanalakshmikalamkari.in/?product=CPCS158,https://lh3.googleusercontent.com/d/1GerF7UNdHt6xm7cha8sNPNJ-Y9wVKX2r=w1200,in_stock,13500 INR,Dhanalakshmi Kalamkari,new,Apparel & Accessories > Clothing > Traditional & Ceremonial Clothing > Sarees
CPCS159,Hand-Painted Srikalahasti Pen Kalamkari Pure Crape Silk Sarees Saree (CPCS159),"Authentic 100% hand-painted Srikalahasti Pen Kalamkari pure silk saree (Code: CPCS159). Handcrafted with bamboo pens and natural organic vegetable mineral dyes in Srikalahasti, Andhra Pradesh. Fabric: Pure Crape Silk Sarees. Direct from Dhanalakshmi Kalamkari master artisans.",https://www.dhanalakshmikalamkari.in/?product=CPCS159,https://lh3.googleusercontent.com/d/1DqFakdXjudwcnS2uFB9_f1tiUrY23Mwk=w1200,in_stock,13500 INR,Dhanalakshmi Kalamkari,new,Apparel & Accessories > Clothing > Traditional & Ceremonial Clothing > Sarees
CPCS160,Hand-Painted Srikalahasti Pen Kalamkari Pure Crape Silk Sarees Saree (CPCS160),"Authentic 100% hand-painted Srikalahasti Pen Kalamkari pure silk saree (Code: CPCS160). Handcrafted with bamboo pens and natural organic vegetable mineral dyes in Srikalahasti, Andhra Pradesh. Fabric: Pure Crape Silk Sarees. Direct from Dhanalakshmi Kalamkari master artisans.",https://www.dhanalakshmikalamkari.in/?product=CPCS160,https://lh3.googleusercontent.com/d/1OmxMmx3n3vTp4dLtipCxsydHYF7fzD1-=w1200,in_stock,13500 INR,Dhanalakshmi Kalamkari,new,Apparel & Accessories > Clothing > Traditional & Ceremonial Clothing > Sarees
CBWD152,Hand-Painted Srikalahasti Pen Kalamkari Bangalore Silk black&white Dupattas Saree (CBWD152),"Authentic 100% hand-painted Srikalahasti Pen Kalamkari pure silk saree (Code: CBWD152). Handcrafted with bamboo pens and natural organic vegetable mineral dyes in Srikalahasti, Andhra Pradesh. Fabric: Bangalore Silk black&white Dupattas. Direct from Dhanalakshmi Kalamkari master artisans.",https://www.dhanalakshmikalamkari.in/?product=CBWD152,https://lh3.googleusercontent.com/d/11RELTNoqFewHNAdwdcYt3d5aYGzEHH_-=w1200,in_stock,1100 INR,Dhanalakshmi Kalamkari,new,Apparel & Accessories > Clothing > Traditional & Ceremonial Clothing > Sarees
CBWD153,Hand-Painted Srikalahasti Pen Kalamkari Bangalore Silk black&white Dupattas Saree (CBWD153),"Authentic 100% hand-painted Srikalahasti Pen Kalamkari pure silk saree (Code: CBWD153). Handcrafted with bamboo pens and natural organic vegetable mineral dyes in Srikalahasti, Andhra Pradesh. Fabric: Bangalore Silk black&white Dupattas. Direct from Dhanalakshmi Kalamkari master artisans.",https://www.dhanalakshmikalamkari.in/?product=CBWD153,https://lh3.googleusercontent.com/d/1q38Gw4c8uGPjcBD7EHmoVvsXBY8GIKd6=w1200,in_stock,1100 INR,Dhanalakshmi Kalamkari,new,Apparel & Accessories > Clothing > Traditional & Ceremonial Clothing > Sarees
CBWD154,Hand-Painted Srikalahasti Pen Kalamkari Bangalore Silk black&white Dupattas Saree (CBWD154),"Authentic 100% hand-painted Srikalahasti Pen Kalamkari pure silk saree (Code: CBWD154). Handcrafted with bamboo pens and natural organic vegetable mineral dyes in Srikalahasti, Andhra Pradesh. Fabric: Bangalore Silk black&white Dupattas. Direct from Dhanalakshmi Kalamkari master artisans.",https://www.dhanalakshmikalamkari.in/?product=CBWD154,https://lh3.googleusercontent.com/d/1cUG8q4eUOicSXx3HL4bh2oWAZgVPfx6S=w1200,in_stock,1100 INR,Dhanalakshmi Kalamkari,new,Apparel & Accessories > Clothing > Traditional & Ceremonial Clothing > Sarees
CBWD155,Hand-Painted Srikalahasti Pen Kalamkari Bangalore Silk black&white Dupattas Saree (CBWD155),"Authentic 100% hand-painted Srikalahasti Pen Kalamkari pure silk saree (Code: CBWD155). Handcrafted with bamboo pens and natural organic vegetable mineral dyes in Srikalahasti, Andhra Pradesh. Fabric: Bangalore Silk black&white Dupattas. Direct from Dhanalakshmi Kalamkari master artisans.",https://www.dhanalakshmikalamkari.in/?product=CBWD155,https://lh3.googleusercontent.com/d/12nNwFVbsZye7bja0NKQPdYZDHbKhKIvt=w1200,in_stock,1100 INR,Dhanalakshmi Kalamkari,new,Apparel & Accessories > Clothing > Traditional & Ceremonial Clothing > Sarees
CBWD156,Hand-Painted Srikalahasti Pen Kalamkari Bangalore Silk black&white Dupattas Saree (CBWD156),"Authentic 100% hand-painted Srikalahasti Pen Kalamkari pure silk saree (Code: CBWD156). Handcrafted with bamboo pens and natural organic vegetable mineral dyes in Srikalahasti, Andhra Pradesh. Fabric: Bangalore Silk black&white Dupattas. Direct from Dhanalakshmi Kalamkari master artisans.",https://www.dhanalakshmikalamkari.in/?product=CBWD156,https://lh3.googleusercontent.com/d/11fU63R8SsJlk2G5MlWSax4O1G67F4tQy=w1200,in_stock,1100 INR,Dhanalakshmi Kalamkari,new,Apparel & Accessories > Clothing > Traditional & Ceremonial Clothing > Sarees
CBWD157,Hand-Painted Srikalahasti Pen Kalamkari Bangalore Silk black&white Dupattas Saree (CBWD157),"Authentic 100% hand-painted Srikalahasti Pen Kalamkari pure silk saree (Code: CBWD157). Handcrafted with bamboo pens and natural organic vegetable mineral dyes in Srikalahasti, Andhra Pradesh. Fabric: Bangalore Silk black&white Dupattas. Direct from Dhanalakshmi Kalamkari master artisans.",https://www.dhanalakshmikalamkari.in/?product=CBWD157,https://lh3.googleusercontent.com/d/1bof2ADq62O1KKbKSA-7TdpmbeeNNxtOr=w1200,in_stock,1100 INR,Dhanalakshmi Kalamkari,new,Apparel & Accessories > Clothing > Traditional & Ceremonial Clothing > Sarees
CBWD158,Hand-Painted Srikalahasti Pen Kalamkari Bangalore Silk black&white Dupattas Saree (CBWD158),"Authentic 100% hand-painted Srikalahasti Pen Kalamkari pure silk saree (Code: CBWD158). Handcrafted with bamboo pens and natural organic vegetable mineral dyes in Srikalahasti, Andhra Pradesh. Fabric: Bangalore Silk black&white Dupattas. Direct from Dhanalakshmi Kalamkari master artisans.",https://www.dhanalakshmikalamkari.in/?product=CBWD158,https://lh3.googleusercontent.com/d/1rF6V4w_-NxJAdVfOrYZ1GTGYvV3ZbwWX=w1200,in_stock,1100 INR,Dhanalakshmi Kalamkari,new,Apparel & Accessories > Clothing > Traditional & Ceremonial Clothing > Sarees
CBWD159,Hand-Painted Srikalahasti Pen Kalamkari Bangalore Silk black&white Dupattas Saree (CBWD159),"Authentic 100% hand-painted Srikalahasti Pen Kalamkari pure silk saree (Code: CBWD159). Handcrafted with bamboo pens and natural organic vegetable mineral dyes in Srikalahasti, Andhra Pradesh. Fabric: Bangalore Silk black&white Dupattas. Direct from Dhanalakshmi Kalamkari master artisans.",https://www.dhanalakshmikalamkari.in/?product=CBWD159,https://lh3.googleusercontent.com/d/1oVzETM4AmrXIkb5JeDoX_1TTMEaLKzoQ=w1200,in_stock,1100 INR,Dhanalakshmi Kalamkari,new,Apparel & Accessories > Clothing > Traditional & Ceremonial Clothing > Sarees
CBWD160,Hand-Painted Srikalahasti Pen Kalamkari Bangalore Silk black&white Dupattas Saree (CBWD160),"Authentic 100% hand-painted Srikalahasti Pen Kalamkari pure silk saree (Code: CBWD160). Handcrafted with bamboo pens and natural organic vegetable mineral dyes in Srikalahasti, Andhra Pradesh. Fabric: Bangalore Silk black&white Dupattas. Direct from Dhanalakshmi Kalamkari master artisans.",https://www.dhanalakshmikalamkari.in/?product=CBWD160,https://lh3.googleusercontent.com/d/1kRdT6vYm-iZXAfHGGOvBZDLO3pxV5Dv3=w1200,in_stock,1100 INR,Dhanalakshmi Kalamkari,new,Apparel & Accessories > Clothing > Traditional & Ceremonial Clothing > Sarees
CBWD161,Hand-Painted Srikalahasti Pen Kalamkari Bangalore Silk black&white Dupattas Saree (CBWD161),"Authentic 100% hand-painted Srikalahasti Pen Kalamkari pure silk saree (Code: CBWD161). Handcrafted with bamboo pens and natural organic vegetable mineral dyes in Srikalahasti, Andhra Pradesh. Fabric: Bangalore Silk black&white Dupattas. Direct from Dhanalakshmi Kalamkari master artisans.",https://www.dhanalakshmikalamkari.in/?product=CBWD161,https://lh3.googleusercontent.com/d/1IQI-bV_xooS4Vv6izsvKuqii-UEoYJbS=w1200,in_stock,1100 INR,Dhanalakshmi Kalamkari,new,Apparel & Accessories > Clothing > Traditional & Ceremonial Clothing > Sarees
CBWD162,Hand-Painted Srikalahasti Pen Kalamkari Bangalore Silk black&white Dupattas Saree (CBWD162),"Authentic 100% hand-painted Srikalahasti Pen Kalamkari pure silk saree (Code: CBWD162). Handcrafted with bamboo pens and natural organic vegetable mineral dyes in Srikalahasti, Andhra Pradesh. Fabric: Bangalore Silk black&white Dupattas. Direct from Dhanalakshmi Kalamkari master artisans.",https://www.dhanalakshmikalamkari.in/?product=CBWD162,https://lh3.googleusercontent.com/d/1jT7EKLTwS3m2rEu614HbjlU4jvdlQDBo=w1200,in_stock,1100 INR,Dhanalakshmi Kalamkari,new,Apparel & Accessories > Clothing > Traditional & Ceremonial Clothing > Sarees
CBWD163,Hand-Painted Srikalahasti Pen Kalamkari Bangalore Silk black&white Dupattas Saree (CBWD163),"Authentic 100% hand-painted Srikalahasti Pen Kalamkari pure silk saree (Code: CBWD163). Handcrafted with bamboo pens and natural organic vegetable mineral dyes in Srikalahasti, Andhra Pradesh. Fabric: Bangalore Silk black&white Dupattas. Direct from Dhanalakshmi Kalamkari master artisans.",https://www.dhanalakshmikalamkari.in/?product=CBWD163,https://lh3.googleusercontent.com/d/1L8yBROGv4lVd6M34m0iD7ud1pgcIQ_8d=w1200,in_stock,1100 INR,Dhanalakshmi Kalamkari,new,Apparel & Accessories > Clothing > Traditional & Ceremonial Clothing > Sarees
CBWD135,Hand-Painted Srikalahasti Pen Kalamkari Bangalore Silk black&white Dupattas Saree (CBWD135),"Authentic 100% hand-painted Srikalahasti Pen Kalamkari pure silk saree (Code: CBWD135). Handcrafted with bamboo pens and natural organic vegetable mineral dyes in Srikalahasti, Andhra Pradesh. Fabric: Bangalore Silk black&white Dupattas. Direct from Dhanalakshmi Kalamkari master artisans.",https://www.dhanalakshmikalamkari.in/?product=CBWD135,https://lh3.googleusercontent.com/d/14NteDFHtQEKcoU13-t95I-0xBETUz4OQ=w1200,in_stock,1100 INR,Dhanalakshmi Kalamkari,new,Apparel & Accessories > Clothing > Traditional & Ceremonial Clothing > Sarees
CBWD116,Hand-Painted Srikalahasti Pen Kalamkari Bangalore Silk black&white Dupattas Saree (CBWD116),"Authentic 100% hand-painted Srikalahasti Pen Kalamkari pure silk saree (Code: CBWD116). Handcrafted with bamboo pens and natural organic vegetable mineral dyes in Srikalahasti, Andhra Pradesh. Fabric: Bangalore Silk black&white Dupattas. Direct from Dhanalakshmi Kalamkari master artisans.",https://www.dhanalakshmikalamkari.in/?product=CBWD116,https://lh3.googleusercontent.com/d/1Wzsu1t80dU7tVUPzhHc3M2CPjRUGe_CE=w1200,in_stock,1100 INR,Dhanalakshmi Kalamkari,new,Apparel & Accessories > Clothing > Traditional & Ceremonial Clothing > Sarees
CBWD117,Hand-Painted Srikalahasti Pen Kalamkari Bangalore Silk black&white Dupattas Saree (CBWD117),"Authentic 100% hand-painted Srikalahasti Pen Kalamkari pure silk saree (Code: CBWD117). Handcrafted with bamboo pens and natural organic vegetable mineral dyes in Srikalahasti, Andhra Pradesh. Fabric: Bangalore Silk black&white Dupattas. Direct from Dhanalakshmi Kalamkari master artisans.",https://www.dhanalakshmikalamkari.in/?product=CBWD117,https://lh3.googleusercontent.com/d/1H8aZp-mAKnfSbETHNXYSFgcWIdGg9AKm=w1200,in_stock,1100 INR,Dhanalakshmi Kalamkari,new,Apparel & Accessories > Clothing > Traditional & Ceremonial Clothing > Sarees
CBWD136,Hand-Painted Srikalahasti Pen Kalamkari Bangalore Silk black&white Dupattas Saree (CBWD136),"Authentic 100% hand-painted Srikalahasti Pen Kalamkari pure silk saree (Code: CBWD136). Handcrafted with bamboo pens and natural organic vegetable mineral dyes in Srikalahasti, Andhra Pradesh. Fabric: Bangalore Silk black&white Dupattas. Direct from Dhanalakshmi Kalamkari master artisans.",https://www.dhanalakshmikalamkari.in/?product=CBWD136,https://lh3.googleusercontent.com/d/1K_CYKQmlxIgt2wd3uZqOw5pi7yoZTXKi=w1200,in_stock,1100 INR,Dhanalakshmi Kalamkari,new,Apparel & Accessories > Clothing > Traditional & Ceremonial Clothing > Sarees
CBWD137,Hand-Painted Srikalahasti Pen Kalamkari Bangalore Silk black&white Dupattas Saree (CBWD137),"Authentic 100% hand-painted Srikalahasti Pen Kalamkari pure silk saree (Code: CBWD137). Handcrafted with bamboo pens and natural organic vegetable mineral dyes in Srikalahasti, Andhra Pradesh. Fabric: Bangalore Silk black&white Dupattas. Direct from Dhanalakshmi Kalamkari master artisans.",https://www.dhanalakshmikalamkari.in/?product=CBWD137,https://lh3.googleusercontent.com/d/1-RSPbThFAjH9KVdqMjEPnNUgJ7gJCtfB=w1200,in_stock,1100 INR,Dhanalakshmi Kalamkari,new,Apparel & Accessories > Clothing > Traditional & Ceremonial Clothing > Sarees
CBWD118,Hand-Painted Srikalahasti Pen Kalamkari Bangalore Silk black&white Dupattas Saree (CBWD118),"Authentic 100% hand-painted Srikalahasti Pen Kalamkari pure silk saree (Code: CBWD118). Handcrafted with bamboo pens and natural organic vegetable mineral dyes in Srikalahasti, Andhra Pradesh. Fabric: Bangalore Silk black&white Dupattas. Direct from Dhanalakshmi Kalamkari master artisans.",https://www.dhanalakshmikalamkari.in/?product=CBWD118,https://lh3.googleusercontent.com/d/1_s7MZZiswqzHLnmUd_Fjx1gPUJChb5AI=w1200,in_stock,1100 INR,Dhanalakshmi Kalamkari,new,Apparel & Accessories > Clothing > Traditional & Ceremonial Clothing > Sarees
CBWD119,Hand-Painted Srikalahasti Pen Kalamkari Bangalore Silk black&white Dupattas Saree (CBWD119),"Authentic 100% hand-painted Srikalahasti Pen Kalamkari pure silk saree (Code: CBWD119). Handcrafted with bamboo pens and natural organic vegetable mineral dyes in Srikalahasti, Andhra Pradesh. Fabric: Bangalore Silk black&white Dupattas. Direct from Dhanalakshmi Kalamkari master artisans.",https://www.dhanalakshmikalamkari.in/?product=CBWD119,https://lh3.googleusercontent.com/d/11PGLMe2l2_iYs-UhS-foi_fnn-UUCyGw=w1200,in_stock,1100 INR,Dhanalakshmi Kalamkari,new,Apparel & Accessories > Clothing > Traditional & Ceremonial Clothing > Sarees
CBWD138,Hand-Painted Srikalahasti Pen Kalamkari Bangalore Silk black&white Dupattas Saree (CBWD138),"Authentic 100% hand-painted Srikalahasti Pen Kalamkari pure silk saree (Code: CBWD138). Handcrafted with bamboo pens and natural organic vegetable mineral dyes in Srikalahasti, Andhra Pradesh. Fabric: Bangalore Silk black&white Dupattas. Direct from Dhanalakshmi Kalamkari master artisans.",https://www.dhanalakshmikalamkari.in/?product=CBWD138,https://lh3.googleusercontent.com/d/12JVfBmZoALzXAf0VnQZ-nuZq-8ABXTMP=w1200,in_stock,1100 INR,Dhanalakshmi Kalamkari,new,Apparel & Accessories > Clothing > Traditional & Ceremonial Clothing > Sarees
CBWD139,Hand-Painted Srikalahasti Pen Kalamkari Bangalore Silk black&white Dupattas Saree (CBWD139),"Authentic 100% hand-painted Srikalahasti Pen Kalamkari pure silk saree (Code: CBWD139). Handcrafted with bamboo pens and natural organic vegetable mineral dyes in Srikalahasti, Andhra Pradesh. Fabric: Bangalore Silk black&white Dupattas. Direct from Dhanalakshmi Kalamkari master artisans.",https://www.dhanalakshmikalamkari.in/?product=CBWD139,https://lh3.googleusercontent.com/d/1iEs3Q11CUCKdqpHc-OxdYvPyomugGxK1=w1200,in_stock,1100 INR,Dhanalakshmi Kalamkari,new,Apparel & Accessories > Clothing > Traditional & Ceremonial Clothing > Sarees
CBWD120,Hand-Painted Srikalahasti Pen Kalamkari Bangalore Silk black&white Dupattas Saree (CBWD120),"Authentic 100% hand-painted Srikalahasti Pen Kalamkari pure silk saree (Code: CBWD120). Handcrafted with bamboo pens and natural organic vegetable mineral dyes in Srikalahasti, Andhra Pradesh. Fabric: Bangalore Silk black&white Dupattas. Direct from Dhanalakshmi Kalamkari master artisans.",https://www.dhanalakshmikalamkari.in/?product=CBWD120,https://lh3.googleusercontent.com/d/1rbZABxwViNy2cyTXuTu5Bk7qXsBRlwu6=w1200,in_stock,1100 INR,Dhanalakshmi Kalamkari,new,Apparel & Accessories > Clothing > Traditional & Ceremonial Clothing > Sarees
CBWD140,Hand-Painted Srikalahasti Pen Kalamkari Bangalore Silk black&white Dupattas Saree (CBWD140),"Authentic 100% hand-painted Srikalahasti Pen Kalamkari pure silk saree (Code: CBWD140). Handcrafted with bamboo pens and natural organic vegetable mineral dyes in Srikalahasti, Andhra Pradesh. Fabric: Bangalore Silk black&white Dupattas. Direct from Dhanalakshmi Kalamkari master artisans.",https://www.dhanalakshmikalamkari.in/?product=CBWD140,https://lh3.googleusercontent.com/d/1QyAv4-pJsFFWszgiyXbmsS9EeN1iR4C6=w1200,in_stock,1100 INR,Dhanalakshmi Kalamkari,new,Apparel & Accessories > Clothing > Traditional & Ceremonial Clothing > Sarees
CBWD121,Hand-Painted Srikalahasti Pen Kalamkari Bangalore Silk black&white Dupattas Saree (CBWD121),"Authentic 100% hand-painted Srikalahasti Pen Kalamkari pure silk saree (Code: CBWD121). Handcrafted with bamboo pens and natural organic vegetable mineral dyes in Srikalahasti, Andhra Pradesh. Fabric: Bangalore Silk black&white Dupattas. Direct from Dhanalakshmi Kalamkari master artisans.",https://www.dhanalakshmikalamkari.in/?product=CBWD121,https://lh3.googleusercontent.com/d/1gId50ctv8hPQ4t_4H7uOnX_QBO-gdzFs=w1200,in_stock,1100 INR,Dhanalakshmi Kalamkari,new,Apparel & Accessories > Clothing > Traditional & Ceremonial Clothing > Sarees
CBWD122,Hand-Painted Srikalahasti Pen Kalamkari Bangalore Silk black&white Dupattas Saree (CBWD122),"Authentic 100% hand-painted Srikalahasti Pen Kalamkari pure silk saree (Code: CBWD122). Handcrafted with bamboo pens and natural organic vegetable mineral dyes in Srikalahasti, Andhra Pradesh. Fabric: Bangalore Silk black&white Dupattas. Direct from Dhanalakshmi Kalamkari master artisans.",https://www.dhanalakshmikalamkari.in/?product=CBWD122,https://lh3.googleusercontent.com/d/10ymMEVzERAyiojRdiWRz9ixCTZ4kLi5W=w1200,in_stock,1100 INR,Dhanalakshmi Kalamkari,new,Apparel & Accessories > Clothing > Traditional & Ceremonial Clothing > Sarees
CBWD141,Hand-Painted Srikalahasti Pen Kalamkari Bangalore Silk black&white Dupattas Saree (CBWD141),"Authentic 100% hand-painted Srikalahasti Pen Kalamkari pure silk saree (Code: CBWD141). Handcrafted with bamboo pens and natural organic vegetable mineral dyes in Srikalahasti, Andhra Pradesh. Fabric: Bangalore Silk black&white Dupattas. Direct from Dhanalakshmi Kalamkari master artisans.",https://www.dhanalakshmikalamkari.in/?product=CBWD141,https://lh3.googleusercontent.com/d/14ZEOSTJJxnGkHLPwwGMRGfuy0wq651Ct=w1200,in_stock,1100 INR,Dhanalakshmi Kalamkari,new,Apparel & Accessories > Clothing > Traditional & Ceremonial Clothing > Sarees
CBWD123,Hand-Painted Srikalahasti Pen Kalamkari Bangalore Silk black&white Dupattas Saree (CBWD123),"Authentic 100% hand-painted Srikalahasti Pen Kalamkari pure silk saree (Code: CBWD123). Handcrafted with bamboo pens and natural organic vegetable mineral dyes in Srikalahasti, Andhra Pradesh. Fabric: Bangalore Silk black&white Dupattas. Direct from Dhanalakshmi Kalamkari master artisans.",https://www.dhanalakshmikalamkari.in/?product=CBWD123,https://lh3.googleusercontent.com/d/1MLfwS6sI3fhbGLeB09eNvGG-hmtyvu2i=w1200,in_stock,1100 INR,Dhanalakshmi Kalamkari,new,Apparel & Accessories > Clothing > Traditional & Ceremonial Clothing > Sarees
CBWD142,Hand-Painted Srikalahasti Pen Kalamkari Bangalore Silk black&white Dupattas Saree (CBWD142),"Authentic 100% hand-painted Srikalahasti Pen Kalamkari pure silk saree (Code: CBWD142). Handcrafted with bamboo pens and natural organic vegetable mineral dyes in Srikalahasti, Andhra Pradesh. Fabric: Bangalore Silk black&white Dupattas. Direct from Dhanalakshmi Kalamkari master artisans.",https://www.dhanalakshmikalamkari.in/?product=CBWD142,https://lh3.googleusercontent.com/d/1iwF2k3OllmgyBio5jWYbWHAqEnhIi9T5=w1200,in_stock,1100 INR,Dhanalakshmi Kalamkari,new,Apparel & Accessories > Clothing > Traditional & Ceremonial Clothing > Sarees
CBWD143,Hand-Painted Srikalahasti Pen Kalamkari Bangalore Silk black&white Dupattas Saree (CBWD143),"Authentic 100% hand-painted Srikalahasti Pen Kalamkari pure silk saree (Code: CBWD143). Handcrafted with bamboo pens and natural organic vegetable mineral dyes in Srikalahasti, Andhra Pradesh. Fabric: Bangalore Silk black&white Dupattas. Direct from Dhanalakshmi Kalamkari master artisans.",https://www.dhanalakshmikalamkari.in/?product=CBWD143,https://lh3.googleusercontent.com/d/18-EZcinC5XC3dSaasJvpRn2umGpHwbtU=w1200,in_stock,1100 INR,Dhanalakshmi Kalamkari,new,Apparel & Accessories > Clothing > Traditional & Ceremonial Clothing > Sarees
CBWD124,Hand-Painted Srikalahasti Pen Kalamkari Bangalore Silk black&white Dupattas Saree (CBWD124),"Authentic 100% hand-painted Srikalahasti Pen Kalamkari pure silk saree (Code: CBWD124). Handcrafted with bamboo pens and natural organic vegetable mineral dyes in Srikalahasti, Andhra Pradesh. Fabric: Bangalore Silk black&white Dupattas. Direct from Dhanalakshmi Kalamkari master artisans.",https://www.dhanalakshmikalamkari.in/?product=CBWD124,https://lh3.googleusercontent.com/d/1XL5iF63TOkcvk3lv1X23-u7z5Vq6mTNU=w1200,in_stock,1100 INR,Dhanalakshmi Kalamkari,new,Apparel & Accessories > Clothing > Traditional & Ceremonial Clothing > Sarees
CBWD126,Hand-Painted Srikalahasti Pen Kalamkari Bangalore Silk black&white Dupattas Saree (CBWD126),"Authentic 100% hand-painted Srikalahasti Pen Kalamkari pure silk saree (Code: CBWD126). Handcrafted with bamboo pens and natural organic vegetable mineral dyes in Srikalahasti, Andhra Pradesh. Fabric: Bangalore Silk black&white Dupattas. Direct from Dhanalakshmi Kalamkari master artisans.",https://www.dhanalakshmikalamkari.in/?product=CBWD126,https://lh3.googleusercontent.com/d/1QjmzHEdOTqZTMrOFZv52_oTOwOsxLXEn=w1200,in_stock,1100 INR,Dhanalakshmi Kalamkari,new,Apparel & Accessories > Clothing > Traditional & Ceremonial Clothing > Sarees
CBWD144,Hand-Painted Srikalahasti Pen Kalamkari Bangalore Silk black&white Dupattas Saree (CBWD144),"Authentic 100% hand-painted Srikalahasti Pen Kalamkari pure silk saree (Code: CBWD144). Handcrafted with bamboo pens and natural organic vegetable mineral dyes in Srikalahasti, Andhra Pradesh. Fabric: Bangalore Silk black&white Dupattas. Direct from Dhanalakshmi Kalamkari master artisans.",https://www.dhanalakshmikalamkari.in/?product=CBWD144,https://lh3.googleusercontent.com/d/1vEfCkNLas0onizNJXmE2mpJvng9BT8IZ=w1200,in_stock,1100 INR,Dhanalakshmi Kalamkari,new,Apparel & Accessories > Clothing > Traditional & Ceremonial Clothing > Sarees
CBWD145,Hand-Painted Srikalahasti Pen Kalamkari Bangalore Silk black&white Dupattas Saree (CBWD145),"Authentic 100% hand-painted Srikalahasti Pen Kalamkari pure silk saree (Code: CBWD145). Handcrafted with bamboo pens and natural organic vegetable mineral dyes in Srikalahasti, Andhra Pradesh. Fabric: Bangalore Silk black&white Dupattas. Direct from Dhanalakshmi Kalamkari master artisans.",https://www.dhanalakshmikalamkari.in/?product=CBWD145,https://lh3.googleusercontent.com/d/1H4acRSQqKtg4W9sWfCZYyIr4VmmRfjyY=w1200,in_stock,1100 INR,Dhanalakshmi Kalamkari,new,Apparel & Accessories > Clothing > Traditional & Ceremonial Clothing > Sarees
CBWD127,Hand-Painted Srikalahasti Pen Kalamkari Bangalore Silk black&white Dupattas Saree (CBWD127),"Authentic 100% hand-painted Srikalahasti Pen Kalamkari pure silk saree (Code: CBWD127). Handcrafted with bamboo pens and natural organic vegetable mineral dyes in Srikalahasti, Andhra Pradesh. Fabric: Bangalore Silk black&white Dupattas. Direct from Dhanalakshmi Kalamkari master artisans.",https://www.dhanalakshmikalamkari.in/?product=CBWD127,https://lh3.googleusercontent.com/d/1y8Hl8sG0qgkRbQPiPq_pfBfmQdcoNkiu=w1200,in_stock,1100 INR,Dhanalakshmi Kalamkari,new,Apparel & Accessories > Clothing > Traditional & Ceremonial Clothing > Sarees
CBWD146,Hand-Painted Srikalahasti Pen Kalamkari Bangalore Silk black&white Dupattas Saree (CBWD146),"Authentic 100% hand-painted Srikalahasti Pen Kalamkari pure silk saree (Code: CBWD146). Handcrafted with bamboo pens and natural organic vegetable mineral dyes in Srikalahasti, Andhra Pradesh. Fabric: Bangalore Silk black&white Dupattas. Direct from Dhanalakshmi Kalamkari master artisans.",https://www.dhanalakshmikalamkari.in/?product=CBWD146,https://lh3.googleusercontent.com/d/1ZiKioRLhb1vEwVk02a9JoBJBgFIoua7W=w1200,in_stock,1100 INR,Dhanalakshmi Kalamkari,new,Apparel & Accessories > Clothing > Traditional & Ceremonial Clothing > Sarees
CBWD128,Hand-Painted Srikalahasti Pen Kalamkari Bangalore Silk black&white Dupattas Saree (CBWD128),"Authentic 100% hand-painted Srikalahasti Pen Kalamkari pure silk saree (Code: CBWD128). Handcrafted with bamboo pens and natural organic vegetable mineral dyes in Srikalahasti, Andhra Pradesh. Fabric: Bangalore Silk black&white Dupattas. Direct from Dhanalakshmi Kalamkari master artisans.",https://www.dhanalakshmikalamkari.in/?product=CBWD128,https://lh3.googleusercontent.com/d/1rg0qZe9S9PsTuo63c37aUaZNuFwNM-cY=w1200,in_stock,1100 INR,Dhanalakshmi Kalamkari,new,Apparel & Accessories > Clothing > Traditional & Ceremonial Clothing > Sarees
CBWD147,Hand-Painted Srikalahasti Pen Kalamkari Bangalore Silk black&white Dupattas Saree (CBWD147),"Authentic 100% hand-painted Srikalahasti Pen Kalamkari pure silk saree (Code: CBWD147). Handcrafted with bamboo pens and natural organic vegetable mineral dyes in Srikalahasti, Andhra Pradesh. Fabric: Bangalore Silk black&white Dupattas. Direct from Dhanalakshmi Kalamkari master artisans.",https://www.dhanalakshmikalamkari.in/?product=CBWD147,https://lh3.googleusercontent.com/d/166396HBc4Pr-rLRaqBkfgOiMZvkD7Ehn=w1200,in_stock,1100 INR,Dhanalakshmi Kalamkari,new,Apparel & Accessories > Clothing > Traditional & Ceremonial Clothing > Sarees
CBWD129,Hand-Painted Srikalahasti Pen Kalamkari Bangalore Silk black&white Dupattas Saree (CBWD129),"Authentic 100% hand-painted Srikalahasti Pen Kalamkari pure silk saree (Code: CBWD129). Handcrafted with bamboo pens and natural organic vegetable mineral dyes in Srikalahasti, Andhra Pradesh. Fabric: Bangalore Silk black&white Dupattas. Direct from Dhanalakshmi Kalamkari master artisans.",https://www.dhanalakshmikalamkari.in/?product=CBWD129,https://lh3.googleusercontent.com/d/1okvTwZTnFEawY3LO0sbxl1alsNUo9CxR=w1200,in_stock,1100 INR,Dhanalakshmi Kalamkari,new,Apparel & Accessories > Clothing > Traditional & Ceremonial Clothing > Sarees
CBWD148,Hand-Painted Srikalahasti Pen Kalamkari Bangalore Silk black&white Dupattas Saree (CBWD148),"Authentic 100% hand-painted Srikalahasti Pen Kalamkari pure silk saree (Code: CBWD148). Handcrafted with bamboo pens and natural organic vegetable mineral dyes in Srikalahasti, Andhra Pradesh. Fabric: Bangalore Silk black&white Dupattas. Direct from Dhanalakshmi Kalamkari master artisans.",https://www.dhanalakshmikalamkari.in/?product=CBWD148,https://lh3.googleusercontent.com/d/19uWY1TAQo7KgfJxAApSrrRekRarWZgen=w1200,in_stock,1100 INR,Dhanalakshmi Kalamkari,new,Apparel & Accessories > Clothing > Traditional & Ceremonial Clothing > Sarees
CBWD130,Hand-Painted Srikalahasti Pen Kalamkari Bangalore Silk black&white Dupattas Saree (CBWD130),"Authentic 100% hand-painted Srikalahasti Pen Kalamkari pure silk saree (Code: CBWD130). Handcrafted with bamboo pens and natural organic vegetable mineral dyes in Srikalahasti, Andhra Pradesh. Fabric: Bangalore Silk black&white Dupattas. Direct from Dhanalakshmi Kalamkari master artisans.",https://www.dhanalakshmikalamkari.in/?product=CBWD130,https://lh3.googleusercontent.com/d/1RgQyh7s7fLmbDIHfnGMMagefk4IcmcGK=w1200,in_stock,1100 INR,Dhanalakshmi Kalamkari,new,Apparel & Accessories > Clothing > Traditional & Ceremonial Clothing > Sarees
CBWD149,Hand-Painted Srikalahasti Pen Kalamkari Bangalore Silk black&white Dupattas Saree (CBWD149),"Authentic 100% hand-painted Srikalahasti Pen Kalamkari pure silk saree (Code: CBWD149). Handcrafted with bamboo pens and natural organic vegetable mineral dyes in Srikalahasti, Andhra Pradesh. Fabric: Bangalore Silk black&white Dupattas. Direct from Dhanalakshmi Kalamkari master artisans.",https://www.dhanalakshmikalamkari.in/?product=CBWD149,https://lh3.googleusercontent.com/d/1NDHtb0AJpUbg4_--L9hyEzmfjjqZZDvd=w1200,in_stock,1100 INR,Dhanalakshmi Kalamkari,new,Apparel & Accessories > Clothing > Traditional & Ceremonial Clothing > Sarees
CBWD131,Hand-Painted Srikalahasti Pen Kalamkari Bangalore Silk black&white Dupattas Saree (CBWD131),"Authentic 100% hand-painted Srikalahasti Pen Kalamkari pure silk saree (Code: CBWD131). Handcrafted with bamboo pens and natural organic vegetable mineral dyes in Srikalahasti, Andhra Pradesh. Fabric: Bangalore Silk black&white Dupattas. Direct from Dhanalakshmi Kalamkari master artisans.",https://www.dhanalakshmikalamkari.in/?product=CBWD131,https://lh3.googleusercontent.com/d/1o_sG0pzwIZ721wMPzXYOGRf4X3mYwXjl=w1200,in_stock,1100 INR,Dhanalakshmi Kalamkari,new,Apparel & Accessories > Clothing > Traditional & Ceremonial Clothing > Sarees
CBWD133,Hand-Painted Srikalahasti Pen Kalamkari Bangalore Silk black&white Dupattas Saree (CBWD133),"Authentic 100% hand-painted Srikalahasti Pen Kalamkari pure silk saree (Code: CBWD133). Handcrafted with bamboo pens and natural organic vegetable mineral dyes in Srikalahasti, Andhra Pradesh. Fabric: Bangalore Silk black&white Dupattas. Direct from Dhanalakshmi Kalamkari master artisans.",https://www.dhanalakshmikalamkari.in/?product=CBWD133,https://lh3.googleusercontent.com/d/1hXD9RAbRJg0IgbMib1YI7Yqn6Gz5hn0D=w1200,in_stock,1100 INR,Dhanalakshmi Kalamkari,new,Apparel & Accessories > Clothing > Traditional & Ceremonial Clothing > Sarees
CBWD150,Hand-Painted Srikalahasti Pen Kalamkari Bangalore Silk black&white Dupattas Saree (CBWD150),"Authentic 100% hand-painted Srikalahasti Pen Kalamkari pure silk saree (Code: CBWD150). Handcrafted with bamboo pens and natural organic vegetable mineral dyes in Srikalahasti, Andhra Pradesh. Fabric: Bangalore Silk black&white Dupattas. Direct from Dhanalakshmi Kalamkari master artisans.",https://www.dhanalakshmikalamkari.in/?product=CBWD150,https://lh3.googleusercontent.com/d/1oEIA-tSn9ua8bTTwpJMDwDYW5_6WDXd4=w1200,in_stock,1100 INR,Dhanalakshmi Kalamkari,new,Apparel & Accessories > Clothing > Traditional & Ceremonial Clothing > Sarees
CBWD151,Hand-Painted Srikalahasti Pen Kalamkari Bangalore Silk black&white Dupattas Saree (CBWD151),"Authentic 100% hand-painted Srikalahasti Pen Kalamkari pure silk saree (Code: CBWD151). Handcrafted with bamboo pens and natural organic vegetable mineral dyes in Srikalahasti, Andhra Pradesh. Fabric: Bangalore Silk black&white Dupattas. Direct from Dhanalakshmi Kalamkari master artisans.",https://www.dhanalakshmikalamkari.in/?product=CBWD151,https://lh3.googleusercontent.com/d/1bbovjMakMvtRwG7euq1GPOtZiuvXs4VS=w1200,in_stock,1100 INR,Dhanalakshmi Kalamkari,new,Apparel & Accessories > Clothing > Traditional & Ceremonial Clothing > Sarees
CBWD134,Hand-Painted Srikalahasti Pen Kalamkari Bangalore Silk black&white Dupattas Saree (CBWD134),"Authentic 100% hand-painted Srikalahasti Pen Kalamkari pure silk saree (Code: CBWD134). Handcrafted with bamboo pens and natural organic vegetable mineral dyes in Srikalahasti, Andhra Pradesh. Fabric: Bangalore Silk black&white Dupattas. Direct from Dhanalakshmi Kalamkari master artisans.",https://www.dhanalakshmikalamkari.in/?product=CBWD134,https://lh3.googleusercontent.com/d/1lsNCeGyrT6-klrhaxHqvk05K55S-1Yoq=w1200,in_stock,1100 INR,Dhanalakshmi Kalamkari,new,Apparel & Accessories > Clothing > Traditional & Ceremonial Clothing > Sarees
CCOT010,Hand-Painted Srikalahasti Pen Kalamkari Cotton Colour sarees Saree (CCOT010),"Authentic 100% hand-painted Srikalahasti Pen Kalamkari pure silk saree (Code: CCOT010). Handcrafted with bamboo pens and natural organic vegetable mineral dyes in Srikalahasti, Andhra Pradesh. Fabric: Cotton Colour sarees. Direct from Dhanalakshmi Kalamkari master artisans.",https://www.dhanalakshmikalamkari.in/?product=CCOT010,https://lh3.googleusercontent.com/d/1Cjwr339fBkDwaa3t3Sfm96EVdTgxr2fL=w1200,in_stock,7500 INR,Dhanalakshmi Kalamkari,new,Apparel & Accessories > Clothing > Traditional & Ceremonial Clothing > Sarees
DCOT015,Hand-Painted Srikalahasti Pen Kalamkari Pure Cotton Black&white Duppatas Saree (DCOT015),"Authentic 100% hand-painted Srikalahasti Pen Kalamkari pure silk saree (Code: DCOT015). Handcrafted with bamboo pens and natural organic vegetable mineral dyes in Srikalahasti, Andhra Pradesh. Fabric: Pure Cotton Black&white Duppatas. Direct from Dhanalakshmi Kalamkari master artisans.",https://www.dhanalakshmikalamkari.in/?product=DCOT015,https://lh3.googleusercontent.com/d/13G3cSdJhEj6sm-6Fdx54HFCJSnXwnB_K=w1200,in_stock,1200 INR,Dhanalakshmi Kalamkari,new,Apparel & Accessories > Clothing > Traditional & Ceremonial Clothing > Sarees
DCOT016,Hand-Painted Srikalahasti Pen Kalamkari Pure Cotton Black&white Duppatas Saree (DCOT016),"Authentic 100% hand-painted Srikalahasti Pen Kalamkari pure silk saree (Code: DCOT016). Handcrafted with bamboo pens and natural organic vegetable mineral dyes in Srikalahasti, Andhra Pradesh. Fabric: Pure Cotton Black&white Duppatas. Direct from Dhanalakshmi Kalamkari master artisans.",https://www.dhanalakshmikalamkari.in/?product=DCOT016,https://lh3.googleusercontent.com/d/11c4b03ZdmenSe6Lg74SGDbzeV1B04bWj=w1200,in_stock,1200 INR,Dhanalakshmi Kalamkari,new,Apparel & Accessories > Clothing > Traditional & Ceremonial Clothing > Sarees
DCOT017,Hand-Painted Srikalahasti Pen Kalamkari Pure Cotton Black&white Duppatas Saree (DCOT017),"Authentic 100% hand-painted Srikalahasti Pen Kalamkari pure silk saree (Code: DCOT017). Handcrafted with bamboo pens and natural organic vegetable mineral dyes in Srikalahasti, Andhra Pradesh. Fabric: Pure Cotton Black&white Duppatas. Direct from Dhanalakshmi Kalamkari master artisans.",https://www.dhanalakshmikalamkari.in/?product=DCOT017,https://lh3.googleusercontent.com/d/1wrgO4u4-F79fCji18y5f8LDbpEHFN7xw=w1200,in_stock,1200 INR,Dhanalakshmi Kalamkari,new,Apparel & Accessories > Clothing > Traditional & Ceremonial Clothing > Sarees
DCOT018,Hand-Painted Srikalahasti Pen Kalamkari Pure Cotton Black&white Duppatas Saree (DCOT018),"Authentic 100% hand-painted Srikalahasti Pen Kalamkari pure silk saree (Code: DCOT018). Handcrafted with bamboo pens and natural organic vegetable mineral dyes in Srikalahasti, Andhra Pradesh. Fabric: Pure Cotton Black&white Duppatas. Direct from Dhanalakshmi Kalamkari master artisans.",https://www.dhanalakshmikalamkari.in/?product=DCOT018,https://lh3.googleusercontent.com/d/1XydfA-_t4EECtHe_8WJ90rGjnzfvsCht=w1200,in_stock,1200 INR,Dhanalakshmi Kalamkari,new,Apparel & Accessories > Clothing > Traditional & Ceremonial Clothing > Sarees
DCOT019,Hand-Painted Srikalahasti Pen Kalamkari Pure Cotton Black&white Duppatas Saree (DCOT019),"Authentic 100% hand-painted Srikalahasti Pen Kalamkari pure silk saree (Code: DCOT019). Handcrafted with bamboo pens and natural organic vegetable mineral dyes in Srikalahasti, Andhra Pradesh. Fabric: Pure Cotton Black&white Duppatas. Direct from Dhanalakshmi Kalamkari master artisans.",https://www.dhanalakshmikalamkari.in/?product=DCOT019,https://lh3.googleusercontent.com/d/1YwfB-3N69cuEVCyskaMu3fVrDFDaSUhj=w1200,in_stock,1200 INR,Dhanalakshmi Kalamkari,new,Apparel & Accessories > Clothing > Traditional & Ceremonial Clothing > Sarees
DCOT020,Hand-Painted Srikalahasti Pen Kalamkari Pure Cotton Black&white Duppatas Saree (DCOT020),"Authentic 100% hand-painted Srikalahasti Pen Kalamkari pure silk saree (Code: DCOT020). Handcrafted with bamboo pens and natural organic vegetable mineral dyes in Srikalahasti, Andhra Pradesh. Fabric: Pure Cotton Black&white Duppatas. Direct from Dhanalakshmi Kalamkari master artisans.",https://www.dhanalakshmikalamkari.in/?product=DCOT020,https://lh3.googleusercontent.com/d/1iH69nFVEEaRP6WdbMLV_9tOvaL2-eCvR=w1200,in_stock,1200 INR,Dhanalakshmi Kalamkari,new,Apparel & Accessories > Clothing > Traditional & Ceremonial Clothing > Sarees
DCOT021,Hand-Painted Srikalahasti Pen Kalamkari Pure Cotton Black&white Duppatas Saree (DCOT021),"Authentic 100% hand-painted Srikalahasti Pen Kalamkari pure silk saree (Code: DCOT021). Handcrafted with bamboo pens and natural organic vegetable mineral dyes in Srikalahasti, Andhra Pradesh. Fabric: Pure Cotton Black&white Duppatas. Direct from Dhanalakshmi Kalamkari master artisans.",https://www.dhanalakshmikalamkari.in/?product=DCOT021,https://lh3.googleusercontent.com/d/16LKqoanTe3JgbAxBv-Oy48Gz0guJjZr4=w1200,in_stock,1200 INR,Dhanalakshmi Kalamkari,new,Apparel & Accessories > Clothing > Traditional & Ceremonial Clothing > Sarees
DCOT022,Hand-Painted Srikalahasti Pen Kalamkari Pure Cotton Black&white Duppatas Saree (DCOT022),"Authentic 100% hand-painted Srikalahasti Pen Kalamkari pure silk saree (Code: DCOT022). Handcrafted with bamboo pens and natural organic vegetable mineral dyes in Srikalahasti, Andhra Pradesh. Fabric: Pure Cotton Black&white Duppatas. Direct from Dhanalakshmi Kalamkari master artisans.",https://www.dhanalakshmikalamkari.in/?product=DCOT022,https://lh3.googleusercontent.com/d/1NHlmbrQzGfM-xFr5cN6H5pAU5x3BurEr=w1200,in_stock,1200 INR,Dhanalakshmi Kalamkari,new,Apparel & Accessories > Clothing > Traditional & Ceremonial Clothing > Sarees
DCOT023,Hand-Painted Srikalahasti Pen Kalamkari Pure Cotton Black&white Duppatas Saree (DCOT023),"Authentic 100% hand-painted Srikalahasti Pen Kalamkari pure silk saree (Code: DCOT023). Handcrafted with bamboo pens and natural organic vegetable mineral dyes in Srikalahasti, Andhra Pradesh. Fabric: Pure Cotton Black&white Duppatas. Direct from Dhanalakshmi Kalamkari master artisans.",https://www.dhanalakshmikalamkari.in/?product=DCOT023,https://lh3.googleusercontent.com/d/16Y6NhLO9HvZNEIRBk8_uXVLgqcaHQ-GI=w1200,in_stock,1200 INR,Dhanalakshmi Kalamkari,new,Apparel & Accessories > Clothing > Traditional & Ceremonial Clothing > Sarees
DCOT024,Hand-Painted Srikalahasti Pen Kalamkari Pure Cotton Black&white Duppatas Saree (DCOT024),"Authentic 100% hand-painted Srikalahasti Pen Kalamkari pure silk saree (Code: DCOT024). Handcrafted with bamboo pens and natural organic vegetable mineral dyes in Srikalahasti, Andhra Pradesh. Fabric: Pure Cotton Black&white Duppatas. Direct from Dhanalakshmi Kalamkari master artisans.",https://www.dhanalakshmikalamkari.in/?product=DCOT024,https://lh3.googleusercontent.com/d/13ylmF-WeCaMlYB9L92rdyoN7884qmgkF=w1200,in_stock,1200 INR,Dhanalakshmi Kalamkari,new,Apparel & Accessories > Clothing > Traditional & Ceremonial Clothing > Sarees
DCOT026,Hand-Painted Srikalahasti Pen Kalamkari Pure Cotton Black&white Duppatas Saree (DCOT026),"Authentic 100% hand-painted Srikalahasti Pen Kalamkari pure silk saree (Code: DCOT026). Handcrafted with bamboo pens and natural organic vegetable mineral dyes in Srikalahasti, Andhra Pradesh. Fabric: Pure Cotton Black&white Duppatas. Direct from Dhanalakshmi Kalamkari master artisans.",https://www.dhanalakshmikalamkari.in/?product=DCOT026,https://lh3.googleusercontent.com/d/1AxxOaU7dADB9yQIwQ1iHTYpTvsL2aknp=w1200,in_stock,1200 INR,Dhanalakshmi Kalamkari,new,Apparel & Accessories > Clothing > Traditional & Ceremonial Clothing > Sarees
DCOT027,Hand-Painted Srikalahasti Pen Kalamkari Pure Cotton Black&white Duppatas Saree (DCOT027),"Authentic 100% hand-painted Srikalahasti Pen Kalamkari pure silk saree (Code: DCOT027). Handcrafted with bamboo pens and natural organic vegetable mineral dyes in Srikalahasti, Andhra Pradesh. Fabric: Pure Cotton Black&white Duppatas. Direct from Dhanalakshmi Kalamkari master artisans.",https://www.dhanalakshmikalamkari.in/?product=DCOT027,https://lh3.googleusercontent.com/d/1LAPmIDq8ck5SZLDA5Db0Kg3siTTXI1LN=w1200,in_stock,950 INR,Dhanalakshmi Kalamkari,new,Apparel & Accessories > Clothing > Traditional & Ceremonial Clothing > Sarees
DCOT029,Hand-Painted Srikalahasti Pen Kalamkari Pure Cotton Black&white Duppatas Saree (DCOT029),"Authentic 100% hand-painted Srikalahasti Pen Kalamkari pure silk saree (Code: DCOT029). Handcrafted with bamboo pens and natural organic vegetable mineral dyes in Srikalahasti, Andhra Pradesh. Fabric: Pure Cotton Black&white Duppatas. Direct from Dhanalakshmi Kalamkari master artisans.",https://www.dhanalakshmikalamkari.in/?product=DCOT029,https://lh3.googleusercontent.com/d/1Mg9fuq3ygjXD0cFEfPSUSb_j0Dim86nH=w1200,in_stock,950 INR,Dhanalakshmi Kalamkari,new,Apparel & Accessories > Clothing > Traditional & Ceremonial Clothing > Sarees
DCOT030,Hand-Painted Srikalahasti Pen Kalamkari Pure Cotton Black&white Duppatas Saree (DCOT030),"Authentic 100% hand-painted Srikalahasti Pen Kalamkari pure silk saree (Code: DCOT030). Handcrafted with bamboo pens and natural organic vegetable mineral dyes in Srikalahasti, Andhra Pradesh. Fabric: Pure Cotton Black&white Duppatas. Direct from Dhanalakshmi Kalamkari master artisans.",https://www.dhanalakshmikalamkari.in/?product=DCOT030,https://lh3.googleusercontent.com/d/1R85P593xwCqnK05bv9YFsKPTg_DG3god=w1200,in_stock,950 INR,Dhanalakshmi Kalamkari,new,Apparel & Accessories > Clothing > Traditional & Ceremonial Clothing > Sarees
DCOT031,Hand-Painted Srikalahasti Pen Kalamkari Pure Cotton Black&white Duppatas Saree (DCOT031),"Authentic 100% hand-painted Srikalahasti Pen Kalamkari pure silk saree (Code: DCOT031). Handcrafted with bamboo pens and natural organic vegetable mineral dyes in Srikalahasti, Andhra Pradesh. Fabric: Pure Cotton Black&white Duppatas. Direct from Dhanalakshmi Kalamkari master artisans.",https://www.dhanalakshmikalamkari.in/?product=DCOT031,https://lh3.googleusercontent.com/d/1mTmbbouD7TWgg-2pAPq8lRbahN_zXPKF=w1200,in_stock,950 INR,Dhanalakshmi Kalamkari,new,Apparel & Accessories > Clothing > Traditional & Ceremonial Clothing > Sarees
DCOT032,Hand-Painted Srikalahasti Pen Kalamkari Pure Cotton Black&white Duppatas Saree (DCOT032),"Authentic 100% hand-painted Srikalahasti Pen Kalamkari pure silk saree (Code: DCOT032). Handcrafted with bamboo pens and natural organic vegetable mineral dyes in Srikalahasti, Andhra Pradesh. Fabric: Pure Cotton Black&white Duppatas. Direct from Dhanalakshmi Kalamkari master artisans.",https://www.dhanalakshmikalamkari.in/?product=DCOT032,https://lh3.googleusercontent.com/d/1N-yTmSjrBLRtmrtI0niIj2XKplN_YOqm=w1200,in_stock,950 INR,Dhanalakshmi Kalamkari,new,Apparel & Accessories > Clothing > Traditional & Ceremonial Clothing > Sarees
DCOT033,Hand-Painted Srikalahasti Pen Kalamkari Pure Cotton Black&white Duppatas Saree (DCOT033),"Authentic 100% hand-painted Srikalahasti Pen Kalamkari pure silk saree (Code: DCOT033). Handcrafted with bamboo pens and natural organic vegetable mineral dyes in Srikalahasti, Andhra Pradesh. Fabric: Pure Cotton Black&white Duppatas. Direct from Dhanalakshmi Kalamkari master artisans.",https://www.dhanalakshmikalamkari.in/?product=DCOT033,https://lh3.googleusercontent.com/d/1ziynFsvsSf7AWn0twpw0n4tVN6ur_1Hf=w1200,in_stock,950 INR,Dhanalakshmi Kalamkari,new,Apparel & Accessories > Clothing > Traditional & Ceremonial Clothing > Sarees
DPCFD020,Hand-Painted Srikalahasti Pen Kalamkari Pure Cotton Multicoloured Duppatas Saree (DPCFD020),"Authentic 100% hand-painted Srikalahasti Pen Kalamkari pure silk saree (Code: DPCFD020). Handcrafted with bamboo pens and natural organic vegetable mineral dyes in Srikalahasti, Andhra Pradesh. Fabric: Pure Cotton Multicoloured Duppatas. Direct from Dhanalakshmi Kalamkari master artisans.",https://www.dhanalakshmikalamkari.in/?product=DPCFD020,https://lh3.googleusercontent.com/d/1f1Sm_vvrHcCf4JHUgj-TmK7ibpWuesiS=w1200,in_stock,1500 INR,Dhanalakshmi Kalamkari,new,Apparel & Accessories > Clothing > Traditional & Ceremonial Clothing > Sarees
DPCFD022,Hand-Painted Srikalahasti Pen Kalamkari Pure Cotton Multicoloured Duppatas Saree (DPCFD022),"Authentic 100% hand-painted Srikalahasti Pen Kalamkari pure silk saree (Code: DPCFD022). Handcrafted with bamboo pens and natural organic vegetable mineral dyes in Srikalahasti, Andhra Pradesh. Fabric: Pure Cotton Multicoloured Duppatas. Direct from Dhanalakshmi Kalamkari master artisans.",https://www.dhanalakshmikalamkari.in/?product=DPCFD022,https://lh3.googleusercontent.com/d/1nffUpnAa0QSG838CFOaXPjziaWfemnfP=w1200,in_stock,1500 INR,Dhanalakshmi Kalamkari,new,Apparel & Accessories > Clothing > Traditional & Ceremonial Clothing > Sarees
DPCFD024,Hand-Painted Srikalahasti Pen Kalamkari Pure Cotton Multicoloured Duppatas Saree (DPCFD024),"Authentic 100% hand-painted Srikalahasti Pen Kalamkari pure silk saree (Code: DPCFD024). Handcrafted with bamboo pens and natural organic vegetable mineral dyes in Srikalahasti, Andhra Pradesh. Fabric: Pure Cotton Multicoloured Duppatas. Direct from Dhanalakshmi Kalamkari master artisans.",https://www.dhanalakshmikalamkari.in/?product=DPCFD024,https://lh3.googleusercontent.com/d/18b4xNHhXXplZ3lw4Am5vfEIFahTsv_GD=w1200,in_stock,1500 INR,Dhanalakshmi Kalamkari,new,Apparel & Accessories > Clothing > Traditional & Ceremonial Clothing > Sarees
DPCFD026,Hand-Painted Srikalahasti Pen Kalamkari Pure Cotton Multicoloured Duppatas Saree (DPCFD026),"Authentic 100% hand-painted Srikalahasti Pen Kalamkari pure silk saree (Code: DPCFD026). Handcrafted with bamboo pens and natural organic vegetable mineral dyes in Srikalahasti, Andhra Pradesh. Fabric: Pure Cotton Multicoloured Duppatas. Direct from Dhanalakshmi Kalamkari master artisans.",https://www.dhanalakshmikalamkari.in/?product=DPCFD026,https://lh3.googleusercontent.com/d/1CcpC0RM56BSfhN5rtOUT4tlXkCbq7jmA=w1200,in_stock,1500 INR,Dhanalakshmi Kalamkari,new,Apparel & Accessories > Clothing > Traditional & Ceremonial Clothing > Sarees
DCRA011,Hand-Painted Srikalahasti Pen Kalamkari Pure Creepe Duppatas Saree (DCRA011),"Authentic 100% hand-painted Srikalahasti Pen Kalamkari pure silk saree (Code: DCRA011). Handcrafted with bamboo pens and natural organic vegetable mineral dyes in Srikalahasti, Andhra Pradesh. Fabric: Pure Creepe Duppatas. Direct from Dhanalakshmi Kalamkari master artisans.",https://www.dhanalakshmikalamkari.in/?product=DCRA011,https://lh3.googleusercontent.com/d/18pEa0f0ZMAUsBGP9Ep9EjTOwjsO-tWof=w1200,in_stock,4200 INR,Dhanalakshmi Kalamkari,new,Apparel & Accessories > Clothing > Traditional & Ceremonial Clothing > Sarees
DCRA012,Hand-Painted Srikalahasti Pen Kalamkari Pure Creepe Duppatas Saree (DCRA012),"Authentic 100% hand-painted Srikalahasti Pen Kalamkari pure silk saree (Code: DCRA012). Handcrafted with bamboo pens and natural organic vegetable mineral dyes in Srikalahasti, Andhra Pradesh. Fabric: Pure Creepe Duppatas. Direct from Dhanalakshmi Kalamkari master artisans.",https://www.dhanalakshmikalamkari.in/?product=DCRA012,https://lh3.googleusercontent.com/d/1Mo1tKW9Bxfv6hZM4NG21F0JE5eztjqEC=w1200,in_stock,4200 INR,Dhanalakshmi Kalamkari,new,Apparel & Accessories > Clothing > Traditional & Ceremonial Clothing > Sarees
DCRA013,Hand-Painted Srikalahasti Pen Kalamkari Pure Creepe Duppatas Saree (DCRA013),"Authentic 100% hand-painted Srikalahasti Pen Kalamkari pure silk saree (Code: DCRA013). Handcrafted with bamboo pens and natural organic vegetable mineral dyes in Srikalahasti, Andhra Pradesh. Fabric: Pure Creepe Duppatas. Direct from Dhanalakshmi Kalamkari master artisans.",https://www.dhanalakshmikalamkari.in/?product=DCRA013,https://lh3.googleusercontent.com/d/1NKR35eab28nj9WnD5hDq7mI-qkNv3IIX=w1200,in_stock,4200 INR,Dhanalakshmi Kalamkari,new,Apparel & Accessories > Clothing > Traditional & Ceremonial Clothing > Sarees
DCRA014,Hand-Painted Srikalahasti Pen Kalamkari Pure Creepe Duppatas Saree (DCRA014),"Authentic 100% hand-painted Srikalahasti Pen Kalamkari pure silk saree (Code: DCRA014). Handcrafted with bamboo pens and natural organic vegetable mineral dyes in Srikalahasti, Andhra Pradesh. Fabric: Pure Creepe Duppatas. Direct from Dhanalakshmi Kalamkari master artisans.",https://www.dhanalakshmikalamkari.in/?product=DCRA014,https://lh3.googleusercontent.com/d/1QmhoTimnWWNTk9WTS2KqyGWFUttaCGaa=w1200,in_stock,4200 INR,Dhanalakshmi Kalamkari,new,Apparel & Accessories > Clothing > Traditional & Ceremonial Clothing > Sarees
DCRA015,Hand-Painted Srikalahasti Pen Kalamkari Pure Creepe Duppatas Saree (DCRA015),"Authentic 100% hand-painted Srikalahasti Pen Kalamkari pure silk saree (Code: DCRA015). Handcrafted with bamboo pens and natural organic vegetable mineral dyes in Srikalahasti, Andhra Pradesh. Fabric: Pure Creepe Duppatas. Direct from Dhanalakshmi Kalamkari master artisans.",https://www.dhanalakshmikalamkari.in/?product=DCRA015,https://lh3.googleusercontent.com/d/1mb3fvGuostYxTOnwBUSylWgaF50spZnR=w1200,in_stock,4200 INR,Dhanalakshmi Kalamkari,new,Apparel & Accessories > Clothing > Traditional & Ceremonial Clothing > Sarees
DCRA016,Hand-Painted Srikalahasti Pen Kalamkari Pure Creepe Duppatas Saree (DCRA016),"Authentic 100% hand-painted Srikalahasti Pen Kalamkari pure silk saree (Code: DCRA016). Handcrafted with bamboo pens and natural organic vegetable mineral dyes in Srikalahasti, Andhra Pradesh. Fabric: Pure Creepe Duppatas. Direct from Dhanalakshmi Kalamkari master artisans.",https://www.dhanalakshmikalamkari.in/?product=DCRA016,https://lh3.googleusercontent.com/d/1urq89tubJB-IW43FwjR8p1GbfbQ4M35r=w1200,in_stock,4200 INR,Dhanalakshmi Kalamkari,new,Apparel & Accessories > Clothing > Traditional & Ceremonial Clothing > Sarees
DCRA017,Hand-Painted Srikalahasti Pen Kalamkari Pure Creepe Duppatas Saree (DCRA017),"Authentic 100% hand-painted Srikalahasti Pen Kalamkari pure silk saree (Code: DCRA017). Handcrafted with bamboo pens and natural organic vegetable mineral dyes in Srikalahasti, Andhra Pradesh. Fabric: Pure Creepe Duppatas. Direct from Dhanalakshmi Kalamkari master artisans.",https://www.dhanalakshmikalamkari.in/?product=DCRA017,https://lh3.googleusercontent.com/d/1-3fwHvIznGyjL4eh7gs7Wc6wz7r2tAJi=w1200,in_stock,4200 INR,Dhanalakshmi Kalamkari,new,Apparel & Accessories > Clothing > Traditional & Ceremonial Clothing > Sarees
DCRA018,Hand-Painted Srikalahasti Pen Kalamkari Pure Creepe Duppatas Saree (DCRA018),"Authentic 100% hand-painted Srikalahasti Pen Kalamkari pure silk saree (Code: DCRA018). Handcrafted with bamboo pens and natural organic vegetable mineral dyes in Srikalahasti, Andhra Pradesh. Fabric: Pure Creepe Duppatas. Direct from Dhanalakshmi Kalamkari master artisans.",https://www.dhanalakshmikalamkari.in/?product=DCRA018,https://lh3.googleusercontent.com/d/1jIf1a9F4MF7qTZ-kv3tMduSKmPsx4PaW=w1200,in_stock,4200 INR,Dhanalakshmi Kalamkari,new,Apparel & Accessories > Clothing > Traditional & Ceremonial Clothing > Sarees
DCD4028,Hand-Painted Srikalahasti Pen Kalamkari Pure Creepe Duppatas Saree (DCD4028),"Authentic 100% hand-painted Srikalahasti Pen Kalamkari pure silk saree (Code: DCD4028). Handcrafted with bamboo pens and natural organic vegetable mineral dyes in Srikalahasti, Andhra Pradesh. Fabric: Pure Creepe Duppatas. Direct from Dhanalakshmi Kalamkari master artisans.",https://www.dhanalakshmikalamkari.in/?product=DCD4028,https://lh3.googleusercontent.com/d/1F19IopB0t9C1VWikRvNuwU8QnFOAu1A8=w1200,in_stock,4500 INR,Dhanalakshmi Kalamkari,new,Apparel & Accessories > Clothing > Traditional & Ceremonial Clothing > Sarees
DCD4029,Hand-Painted Srikalahasti Pen Kalamkari Pure Creepe Duppatas Saree (DCD4029),"Authentic 100% hand-painted Srikalahasti Pen Kalamkari pure silk saree (Code: DCD4029). Handcrafted with bamboo pens and natural organic vegetable mineral dyes in Srikalahasti, Andhra Pradesh. Fabric: Pure Creepe Duppatas. Direct from Dhanalakshmi Kalamkari master artisans.",https://www.dhanalakshmikalamkari.in/?product=DCD4029,https://lh3.googleusercontent.com/d/1Mw0XbDUDM4USkbgX3iQmKHfJlVSdL_CX=w1200,in_stock,4500 INR,Dhanalakshmi Kalamkari,new,Apparel & Accessories > Clothing > Traditional & Ceremonial Clothing > Sarees
DCD4030,Hand-Painted Srikalahasti Pen Kalamkari Pure Creepe Duppatas Saree (DCD4030),"Authentic 100% hand-painted Srikalahasti Pen Kalamkari pure silk saree (Code: DCD4030). Handcrafted with bamboo pens and natural organic vegetable mineral dyes in Srikalahasti, Andhra Pradesh. Fabric: Pure Creepe Duppatas. Direct from Dhanalakshmi Kalamkari master artisans.",https://www.dhanalakshmikalamkari.in/?product=DCD4030,https://lh3.googleusercontent.com/d/1ukECqQjmfIxjOd_Me-LdTDZL6jojgqa_=w1200,in_stock,4500 INR,Dhanalakshmi Kalamkari,new,Apparel & Accessories > Clothing > Traditional & Ceremonial Clothing > Sarees
DCD4031,Hand-Painted Srikalahasti Pen Kalamkari Pure Creepe Duppatas Saree (DCD4031),"Authentic 100% hand-painted Srikalahasti Pen Kalamkari pure silk saree (Code: DCD4031). Handcrafted with bamboo pens and natural organic vegetable mineral dyes in Srikalahasti, Andhra Pradesh. Fabric: Pure Creepe Duppatas. Direct from Dhanalakshmi Kalamkari master artisans.",https://www.dhanalakshmikalamkari.in/?product=DCD4031,https://lh3.googleusercontent.com/d/146Pub_aIG9GlShvcFuk9MQCymA8KwKSA=w1200,in_stock,4500 INR,Dhanalakshmi Kalamkari,new,Apparel & Accessories > Clothing > Traditional & Ceremonial Clothing > Sarees
DCD4032,Hand-Painted Srikalahasti Pen Kalamkari Pure Creepe Duppatas Saree (DCD4032),"Authentic 100% hand-painted Srikalahasti Pen Kalamkari pure silk saree (Code: DCD4032). Handcrafted with bamboo pens and natural organic vegetable mineral dyes in Srikalahasti, Andhra Pradesh. Fabric: Pure Creepe Duppatas. Direct from Dhanalakshmi Kalamkari master artisans.",https://www.dhanalakshmikalamkari.in/?product=DCD4032,https://lh3.googleusercontent.com/d/18gczSOKHdaX8v_ubkrJGRz_O11_EhcXd=w1200,in_stock,4500 INR,Dhanalakshmi Kalamkari,new,Apparel & Accessories > Clothing > Traditional & Ceremonial Clothing > Sarees
DCD4033,Hand-Painted Srikalahasti Pen Kalamkari Pure Creepe Duppatas Saree (DCD4033),"Authentic 100% hand-painted Srikalahasti Pen Kalamkari pure silk saree (Code: DCD4033). Handcrafted with bamboo pens and natural organic vegetable mineral dyes in Srikalahasti, Andhra Pradesh. Fabric: Pure Creepe Duppatas. Direct from Dhanalakshmi Kalamkari master artisans.",https://www.dhanalakshmikalamkari.in/?product=DCD4033,https://lh3.googleusercontent.com/d/1LIEbA6ogfhHng9Q2nRyUmHI0S7Mn_Qtx=w1200,in_stock,4500 INR,Dhanalakshmi Kalamkari,new,Apparel & Accessories > Clothing > Traditional & Ceremonial Clothing > Sarees
DCD4034,Hand-Painted Srikalahasti Pen Kalamkari Pure Creepe Duppatas Saree (DCD4034),"Authentic 100% hand-painted Srikalahasti Pen Kalamkari pure silk saree (Code: DCD4034). Handcrafted with bamboo pens and natural organic vegetable mineral dyes in Srikalahasti, Andhra Pradesh. Fabric: Pure Creepe Duppatas. Direct from Dhanalakshmi Kalamkari master artisans.",https://www.dhanalakshmikalamkari.in/?product=DCD4034,https://lh3.googleusercontent.com/d/1Bysyx282P2wccHievcUyd_s06h9kbuSW=w1200,in_stock,4500 INR,Dhanalakshmi Kalamkari,new,Apparel & Accessories > Clothing > Traditional & Ceremonial Clothing > Sarees
DCD4035,Hand-Painted Srikalahasti Pen Kalamkari Pure Creepe Duppatas Saree (DCD4035),"Authentic 100% hand-painted Srikalahasti Pen Kalamkari pure silk saree (Code: DCD4035). Handcrafted with bamboo pens and natural organic vegetable mineral dyes in Srikalahasti, Andhra Pradesh. Fabric: Pure Creepe Duppatas. Direct from Dhanalakshmi Kalamkari master artisans.",https://www.dhanalakshmikalamkari.in/?product=DCD4035,https://lh3.googleusercontent.com/d/1C03KxeKUNDCbHICUtwNqQBuMftcNKMTC=w1200,in_stock,4500 INR,Dhanalakshmi Kalamkari,new,Apparel & Accessories > Clothing > Traditional & Ceremonial Clothing > Sarees
DCD4036,Hand-Painted Srikalahasti Pen Kalamkari Pure Creepe Duppatas Saree (DCD4036),"Authentic 100% hand-painted Srikalahasti Pen Kalamkari pure silk saree (Code: DCD4036). Handcrafted with bamboo pens and natural organic vegetable mineral dyes in Srikalahasti, Andhra Pradesh. Fabric: Pure Creepe Duppatas. Direct from Dhanalakshmi Kalamkari master artisans.",https://www.dhanalakshmikalamkari.in/?product=DCD4036,https://lh3.googleusercontent.com/d/1FRXtluYr_lPMQtT6XIjmbhlh28N_YC9U=w1200,in_stock,4500 INR,Dhanalakshmi Kalamkari,new,Apparel & Accessories > Clothing > Traditional & Ceremonial Clothing > Sarees
DCD4037,Hand-Painted Srikalahasti Pen Kalamkari Pure Creepe Duppatas Saree (DCD4037),"Authentic 100% hand-painted Srikalahasti Pen Kalamkari pure silk saree (Code: DCD4037). Handcrafted with bamboo pens and natural organic vegetable mineral dyes in Srikalahasti, Andhra Pradesh. Fabric: Pure Creepe Duppatas. Direct from Dhanalakshmi Kalamkari master artisans.",https://www.dhanalakshmikalamkari.in/?product=DCD4037,https://lh3.googleusercontent.com/d/1HTn8Vfqlv73MpQ8qW17z0vVGlIv32e-k=w1200,in_stock,4500 INR,Dhanalakshmi Kalamkari,new,Apparel & Accessories > Clothing > Traditional & Ceremonial Clothing > Sarees
DCD4038,Hand-Painted Srikalahasti Pen Kalamkari Pure Creepe Duppatas Saree (DCD4038),"Authentic 100% hand-painted Srikalahasti Pen Kalamkari pure silk saree (Code: DCD4038). Handcrafted with bamboo pens and natural organic vegetable mineral dyes in Srikalahasti, Andhra Pradesh. Fabric: Pure Creepe Duppatas. Direct from Dhanalakshmi Kalamkari master artisans.",https://www.dhanalakshmikalamkari.in/?product=DCD4038,https://lh3.googleusercontent.com/d/1sVEK6Brl6-Uj0DPmWVt84zW9YySW1wWd=w1200,in_stock,4500 INR,Dhanalakshmi Kalamkari,new,Apparel & Accessories > Clothing > Traditional & Ceremonial Clothing > Sarees
DCD4039,Hand-Painted Srikalahasti Pen Kalamkari Pure Creepe Duppatas Saree (DCD4039),"Authentic 100% hand-painted Srikalahasti Pen Kalamkari pure silk saree (Code: DCD4039). Handcrafted with bamboo pens and natural organic vegetable mineral dyes in Srikalahasti, Andhra Pradesh. Fabric: Pure Creepe Duppatas. Direct from Dhanalakshmi Kalamkari master artisans.",https://www.dhanalakshmikalamkari.in/?product=DCD4039,https://lh3.googleusercontent.com/d/1AnArqWCQt-IDv6TcuYugwRCpq8R4qb_D=w1200,in_stock,4500 INR,Dhanalakshmi Kalamkari,new,Apparel & Accessories > Clothing > Traditional & Ceremonial Clothing > Sarees
DCD4040,Hand-Painted Srikalahasti Pen Kalamkari Pure Creepe Duppatas Saree (DCD4040),"Authentic 100% hand-painted Srikalahasti Pen Kalamkari pure silk saree (Code: DCD4040). Handcrafted with bamboo pens and natural organic vegetable mineral dyes in Srikalahasti, Andhra Pradesh. Fabric: Pure Creepe Duppatas. Direct from Dhanalakshmi Kalamkari master artisans.",https://www.dhanalakshmikalamkari.in/?product=DCD4040,https://lh3.googleusercontent.com/d/1mbUenxD8_JrD0HFPeGqtYwVBFhdn0Kcq=w1200,in_stock,4500 INR,Dhanalakshmi Kalamkari,new,Apparel & Accessories > Clothing > Traditional & Ceremonial Clothing > Sarees
DCD4041,Hand-Painted Srikalahasti Pen Kalamkari Pure Creepe Duppatas Saree (DCD4041),"Authentic 100% hand-painted Srikalahasti Pen Kalamkari pure silk saree (Code: DCD4041). Handcrafted with bamboo pens and natural organic vegetable mineral dyes in Srikalahasti, Andhra Pradesh. Fabric: Pure Creepe Duppatas. Direct from Dhanalakshmi Kalamkari master artisans.",https://www.dhanalakshmikalamkari.in/?product=DCD4041,https://lh3.googleusercontent.com/d/14bo0F4_GvERe4471MuD8vwL5b8Zd44q3=w1200,in_stock,4500 INR,Dhanalakshmi Kalamkari,new,Apparel & Accessories > Clothing > Traditional & Ceremonial Clothing > Sarees
DCD4042,Hand-Painted Srikalahasti Pen Kalamkari Pure Creepe Duppatas Saree (DCD4042),"Authentic 100% hand-painted Srikalahasti Pen Kalamkari pure silk saree (Code: DCD4042). Handcrafted with bamboo pens and natural organic vegetable mineral dyes in Srikalahasti, Andhra Pradesh. Fabric: Pure Creepe Duppatas. Direct from Dhanalakshmi Kalamkari master artisans.",https://www.dhanalakshmikalamkari.in/?product=DCD4042,https://lh3.googleusercontent.com/d/1IZR5Z_D2ZSNVTRT2TLp-OIMAvHjiiiES=w1200,in_stock,4500 INR,Dhanalakshmi Kalamkari,new,Apparel & Accessories > Clothing > Traditional & Ceremonial Clothing > Sarees
DCD4043,Hand-Painted Srikalahasti Pen Kalamkari Pure Creepe Duppatas Saree (DCD4043),"Authentic 100% hand-painted Srikalahasti Pen Kalamkari pure silk saree (Code: DCD4043). Handcrafted with bamboo pens and natural organic vegetable mineral dyes in Srikalahasti, Andhra Pradesh. Fabric: Pure Creepe Duppatas. Direct from Dhanalakshmi Kalamkari master artisans.",https://www.dhanalakshmikalamkari.in/?product=DCD4043,https://lh3.googleusercontent.com/d/1LtIkeHuJUIjaoivjIPL5FAvOSEDyKHG_=w1200,in_stock,4500 INR,Dhanalakshmi Kalamkari,new,Apparel & Accessories > Clothing > Traditional & Ceremonial Clothing > Sarees
DCD4044,Hand-Painted Srikalahasti Pen Kalamkari Pure Creepe Duppatas Saree (DCD4044),"Authentic 100% hand-painted Srikalahasti Pen Kalamkari pure silk saree (Code: DCD4044). Handcrafted with bamboo pens and natural organic vegetable mineral dyes in Srikalahasti, Andhra Pradesh. Fabric: Pure Creepe Duppatas. Direct from Dhanalakshmi Kalamkari master artisans.",https://www.dhanalakshmikalamkari.in/?product=DCD4044,https://lh3.googleusercontent.com/d/1f9YY2l55q5pvLunCap79PpyIOlRt-Hg1=w1200,in_stock,4500 INR,Dhanalakshmi Kalamkari,new,Apparel & Accessories > Clothing > Traditional & Ceremonial Clothing > Sarees
DCD4045,Hand-Painted Srikalahasti Pen Kalamkari Pure Creepe Duppatas Saree (DCD4045),"Authentic 100% hand-painted Srikalahasti Pen Kalamkari pure silk saree (Code: DCD4045). Handcrafted with bamboo pens and natural organic vegetable mineral dyes in Srikalahasti, Andhra Pradesh. Fabric: Pure Creepe Duppatas. Direct from Dhanalakshmi Kalamkari master artisans.",https://www.dhanalakshmikalamkari.in/?product=DCD4045,https://lh3.googleusercontent.com/d/1jT8c7DGF83toTLhRPR1A5CkjagsqKdUT=w1200,in_stock,4500 INR,Dhanalakshmi Kalamkari,new,Apparel & Accessories > Clothing > Traditional & Ceremonial Clothing > Sarees
DCD4046,Hand-Painted Srikalahasti Pen Kalamkari Pure Creepe Duppatas Saree (DCD4046),"Authentic 100% hand-painted Srikalahasti Pen Kalamkari pure silk saree (Code: DCD4046). Handcrafted with bamboo pens and natural organic vegetable mineral dyes in Srikalahasti, Andhra Pradesh. Fabric: Pure Creepe Duppatas. Direct from Dhanalakshmi Kalamkari master artisans.",https://www.dhanalakshmikalamkari.in/?product=DCD4046,https://lh3.googleusercontent.com/d/1jV29GcuZpr5rsrHdCkGVSoR8qPOpUJtm=w1200,in_stock,4500 INR,Dhanalakshmi Kalamkari,new,Apparel & Accessories > Clothing > Traditional & Ceremonial Clothing > Sarees
DCD4047,Hand-Painted Srikalahasti Pen Kalamkari Pure Creepe Duppatas Saree (DCD4047),"Authentic 100% hand-painted Srikalahasti Pen Kalamkari pure silk saree (Code: DCD4047). Handcrafted with bamboo pens and natural organic vegetable mineral dyes in Srikalahasti, Andhra Pradesh. Fabric: Pure Creepe Duppatas. Direct from Dhanalakshmi Kalamkari master artisans.",https://www.dhanalakshmikalamkari.in/?product=DCD4047,https://lh3.googleusercontent.com/d/1xejTg3Oq4SbAL3dF3-lAnR-jE5kpFLsB=w1200,in_stock,4500 INR,Dhanalakshmi Kalamkari,new,Apparel & Accessories > Clothing > Traditional & Ceremonial Clothing > Sarees
DBMD319,Hand-Painted Srikalahasti Pen Kalamkari Bangalore Silk multicoloured Duppatas Saree (DBMD319),"Authentic 100% hand-painted Srikalahasti Pen Kalamkari pure silk saree (Code: DBMD319). Handcrafted with bamboo pens and natural organic vegetable mineral dyes in Srikalahasti, Andhra Pradesh. Fabric: Bangalore Silk multicoloured Duppatas. Direct from Dhanalakshmi Kalamkari master artisans.",https://www.dhanalakshmikalamkari.in/?product=DBMD319,https://lh3.googleusercontent.com/d/1M6iC25nRjwBfM2PEWwrzVwB1EE0UPnXf=w1200,in_stock,1800 INR,Dhanalakshmi Kalamkari,new,Apparel & Accessories > Clothing > Traditional & Ceremonial Clothing > Sarees
DBMD320,Hand-Painted Srikalahasti Pen Kalamkari Bangalore Silk multicoloured Duppatas Saree (DBMD320),"Authentic 100% hand-painted Srikalahasti Pen Kalamkari pure silk saree (Code: DBMD320). Handcrafted with bamboo pens and natural organic vegetable mineral dyes in Srikalahasti, Andhra Pradesh. Fabric: Bangalore Silk multicoloured Duppatas. Direct from Dhanalakshmi Kalamkari master artisans.",https://www.dhanalakshmikalamkari.in/?product=DBMD320,https://lh3.googleusercontent.com/d/1KZZ1mvze7I-LudaczF6e9cfbqYDcEu-o=w1200,in_stock,1800 INR,Dhanalakshmi Kalamkari,new,Apparel & Accessories > Clothing > Traditional & Ceremonial Clothing > Sarees
DBMD323,Hand-Painted Srikalahasti Pen Kalamkari Bangalore Silk multicoloured Duppatas Saree (DBMD323),"Authentic 100% hand-painted Srikalahasti Pen Kalamkari pure silk saree (Code: DBMD323). Handcrafted with bamboo pens and natural organic vegetable mineral dyes in Srikalahasti, Andhra Pradesh. Fabric: Bangalore Silk multicoloured Duppatas. Direct from Dhanalakshmi Kalamkari master artisans.",https://www.dhanalakshmikalamkari.in/?product=DBMD323,https://lh3.googleusercontent.com/d/1S9Iksna6n9p-vRh7yP3JuiKYO2mjM5IK=w1200,in_stock,1800 INR,Dhanalakshmi Kalamkari,new,Apparel & Accessories > Clothing > Traditional & Ceremonial Clothing > Sarees
DBMD324,Hand-Painted Srikalahasti Pen Kalamkari Bangalore Silk multicoloured Duppatas Saree (DBMD324),"Authentic 100% hand-painted Srikalahasti Pen Kalamkari pure silk saree (Code: DBMD324). Handcrafted with bamboo pens and natural organic vegetable mineral dyes in Srikalahasti, Andhra Pradesh. Fabric: Bangalore Silk multicoloured Duppatas. Direct from Dhanalakshmi Kalamkari master artisans.",https://www.dhanalakshmikalamkari.in/?product=DBMD324,https://lh3.googleusercontent.com/d/1lVdw_ajiQr1Qkt35yi5lf7U3QifKu42O=w1200,in_stock,1800 INR,Dhanalakshmi Kalamkari,new,Apparel & Accessories > Clothing > Traditional & Ceremonial Clothing > Sarees
DBMD325,Hand-Painted Srikalahasti Pen Kalamkari Bangalore Silk multicoloured Duppatas Saree (DBMD325),"Authentic 100% hand-painted Srikalahasti Pen Kalamkari pure silk saree (Code: DBMD325). Handcrafted with bamboo pens and natural organic vegetable mineral dyes in Srikalahasti, Andhra Pradesh. Fabric: Bangalore Silk multicoloured Duppatas. Direct from Dhanalakshmi Kalamkari master artisans.",https://www.dhanalakshmikalamkari.in/?product=DBMD325,https://lh3.googleusercontent.com/d/1gFHjByU9zRs1HEFGbOcrJjZo1IeMfqrW=w1200,in_stock,1800 INR,Dhanalakshmi Kalamkari,new,Apparel & Accessories > Clothing > Traditional & Ceremonial Clothing > Sarees
DBMD326,Hand-Painted Srikalahasti Pen Kalamkari Bangalore Silk multicoloured Duppatas Saree (DBMD326),"Authentic 100% hand-painted Srikalahasti Pen Kalamkari pure silk saree (Code: DBMD326). Handcrafted with bamboo pens and natural organic vegetable mineral dyes in Srikalahasti, Andhra Pradesh. Fabric: Bangalore Silk multicoloured Duppatas. Direct from Dhanalakshmi Kalamkari master artisans.",https://www.dhanalakshmikalamkari.in/?product=DBMD326,https://lh3.googleusercontent.com/d/1QWUnYZKdc4Nwf9yAu8CmSICsoLXN1idZ=w1200,in_stock,1800 INR,Dhanalakshmi Kalamkari,new,Apparel & Accessories > Clothing > Traditional & Ceremonial Clothing > Sarees
DBMD327,Hand-Painted Srikalahasti Pen Kalamkari Bangalore Silk multicoloured Duppatas Saree (DBMD327),"Authentic 100% hand-painted Srikalahasti Pen Kalamkari pure silk saree (Code: DBMD327). Handcrafted with bamboo pens and natural organic vegetable mineral dyes in Srikalahasti, Andhra Pradesh. Fabric: Bangalore Silk multicoloured Duppatas. Direct from Dhanalakshmi Kalamkari master artisans.",https://www.dhanalakshmikalamkari.in/?product=DBMD327,https://lh3.googleusercontent.com/d/1qJ55vj08Z_yZrNKlyPonDomKxPF_lh7o=w1200,in_stock,1800 INR,Dhanalakshmi Kalamkari,new,Apparel & Accessories > Clothing > Traditional & Ceremonial Clothing > Sarees
DBMD328,Hand-Painted Srikalahasti Pen Kalamkari Bangalore Silk multicoloured Duppatas Saree (DBMD328),"Authentic 100% hand-painted Srikalahasti Pen Kalamkari pure silk saree (Code: DBMD328). Handcrafted with bamboo pens and natural organic vegetable mineral dyes in Srikalahasti, Andhra Pradesh. Fabric: Bangalore Silk multicoloured Duppatas. Direct from Dhanalakshmi Kalamkari master artisans.",https://www.dhanalakshmikalamkari.in/?product=DBMD328,https://lh3.googleusercontent.com/d/1dVpEgDRStgmEy-PFqSpz9jrO1UP49kur=w1200,in_stock,1800 INR,Dhanalakshmi Kalamkari,new,Apparel & Accessories > Clothing > Traditional & Ceremonial Clothing > Sarees
DBMD329,Hand-Painted Srikalahasti Pen Kalamkari Bangalore Silk multicoloured Duppatas Saree (DBMD329),"Authentic 100% hand-painted Srikalahasti Pen Kalamkari pure silk saree (Code: DBMD329). Handcrafted with bamboo pens and natural organic vegetable mineral dyes in Srikalahasti, Andhra Pradesh. Fabric: Bangalore Silk multicoloured Duppatas. Direct from Dhanalakshmi Kalamkari master artisans.",https://www.dhanalakshmikalamkari.in/?product=DBMD329,https://lh3.googleusercontent.com/d/1l-d18qR3M81Ycn5do5R3DyZqdXmClkQW=w1200,in_stock,1800 INR,Dhanalakshmi Kalamkari,new,Apparel & Accessories > Clothing > Traditional & Ceremonial Clothing > Sarees
DBMD330,Hand-Painted Srikalahasti Pen Kalamkari Bangalore Silk multicoloured Duppatas Saree (DBMD330),"Authentic 100% hand-painted Srikalahasti Pen Kalamkari pure silk saree (Code: DBMD330). Handcrafted with bamboo pens and natural organic vegetable mineral dyes in Srikalahasti, Andhra Pradesh. Fabric: Bangalore Silk multicoloured Duppatas. Direct from Dhanalakshmi Kalamkari master artisans.",https://www.dhanalakshmikalamkari.in/?product=DBMD330,https://lh3.googleusercontent.com/d/17eC2qe2yRakr2wnprueGmG2yI_Osiedb=w1200,in_stock,1800 INR,Dhanalakshmi Kalamkari,new,Apparel & Accessories > Clothing > Traditional & Ceremonial Clothing > Sarees
DBMD331,Hand-Painted Srikalahasti Pen Kalamkari Bangalore Silk multicoloured Duppatas Saree (DBMD331),"Authentic 100% hand-painted Srikalahasti Pen Kalamkari pure silk saree (Code: DBMD331). Handcrafted with bamboo pens and natural organic vegetable mineral dyes in Srikalahasti, Andhra Pradesh. Fabric: Bangalore Silk multicoloured Duppatas. Direct from Dhanalakshmi Kalamkari master artisans.",https://www.dhanalakshmikalamkari.in/?product=DBMD331,https://lh3.googleusercontent.com/d/1Jte41eB14d65cmd0PLQJn5NSYaJkZ-T0=w1200,in_stock,1800 INR,Dhanalakshmi Kalamkari,new,Apparel & Accessories > Clothing > Traditional & Ceremonial Clothing > Sarees
DBMD332,Hand-Painted Srikalahasti Pen Kalamkari Bangalore Silk multicoloured Duppatas Saree (DBMD332),"Authentic 100% hand-painted Srikalahasti Pen Kalamkari pure silk saree (Code: DBMD332). Handcrafted with bamboo pens and natural organic vegetable mineral dyes in Srikalahasti, Andhra Pradesh. Fabric: Bangalore Silk multicoloured Duppatas. Direct from Dhanalakshmi Kalamkari master artisans.",https://www.dhanalakshmikalamkari.in/?product=DBMD332,https://lh3.googleusercontent.com/d/1I-Bx_z29XPFvv0Aw16dtpuFQ2VAZhTI2=w1200,in_stock,1800 INR,Dhanalakshmi Kalamkari,new,Apparel & Accessories > Clothing > Traditional & Ceremonial Clothing > Sarees
DBMD333,Hand-Painted Srikalahasti Pen Kalamkari Bangalore Silk multicoloured Duppatas Saree (DBMD333),"Authentic 100% hand-painted Srikalahasti Pen Kalamkari pure silk saree (Code: DBMD333). Handcrafted with bamboo pens and natural organic vegetable mineral dyes in Srikalahasti, Andhra Pradesh. Fabric: Bangalore Silk multicoloured Duppatas. Direct from Dhanalakshmi Kalamkari master artisans.",https://www.dhanalakshmikalamkari.in/?product=DBMD333,https://lh3.googleusercontent.com/d/1XG2px8_x-N_qWvhVmI6ZIXBh77YG6n-O=w1200,in_stock,1800 INR,Dhanalakshmi Kalamkari,new,Apparel & Accessories > Clothing > Traditional & Ceremonial Clothing > Sarees
DBMD334,Hand-Painted Srikalahasti Pen Kalamkari Bangalore Silk multicoloured Duppatas Saree (DBMD334),"Authentic 100% hand-painted Srikalahasti Pen Kalamkari pure silk saree (Code: DBMD334). Handcrafted with bamboo pens and natural organic vegetable mineral dyes in Srikalahasti, Andhra Pradesh. Fabric: Bangalore Silk multicoloured Duppatas. Direct from Dhanalakshmi Kalamkari master artisans.",https://www.dhanalakshmikalamkari.in/?product=DBMD334,https://lh3.googleusercontent.com/d/12ZcjRp4pW_HT1pHYiY9XYuITDPMXY4Ik=w1200,in_stock,1800 INR,Dhanalakshmi Kalamkari,new,Apparel & Accessories > Clothing > Traditional & Ceremonial Clothing > Sarees
DBMD335,Hand-Painted Srikalahasti Pen Kalamkari Bangalore Silk multicoloured Duppatas Saree (DBMD335),"Authentic 100% hand-painted Srikalahasti Pen Kalamkari pure silk saree (Code: DBMD335). Handcrafted with bamboo pens and natural organic vegetable mineral dyes in Srikalahasti, Andhra Pradesh. Fabric: Bangalore Silk multicoloured Duppatas. Direct from Dhanalakshmi Kalamkari master artisans.",https://www.dhanalakshmikalamkari.in/?product=DBMD335,https://lh3.googleusercontent.com/d/14l4WlWy3hq-EV8Mg4zBXGzOvjiPggS2M=w1200,in_stock,1800 INR,Dhanalakshmi Kalamkari,new,Apparel & Accessories > Clothing > Traditional & Ceremonial Clothing > Sarees
DBMD336,Hand-Painted Srikalahasti Pen Kalamkari Bangalore Silk multicoloured Duppatas Saree (DBMD336),"Authentic 100% hand-painted Srikalahasti Pen Kalamkari pure silk saree (Code: DBMD336). Handcrafted with bamboo pens and natural organic vegetable mineral dyes in Srikalahasti, Andhra Pradesh. Fabric: Bangalore Silk multicoloured Duppatas. Direct from Dhanalakshmi Kalamkari master artisans.",https://www.dhanalakshmikalamkari.in/?product=DBMD336,https://lh3.googleusercontent.com/d/1782MgQvjx86ATa49bh_RTWuzujH2xL9K=w1200,in_stock,1800 INR,Dhanalakshmi Kalamkari,new,Apparel & Accessories > Clothing > Traditional & Ceremonial Clothing > Sarees
DBMD337,Hand-Painted Srikalahasti Pen Kalamkari Bangalore Silk multicoloured Duppatas Saree (DBMD337),"Authentic 100% hand-painted Srikalahasti Pen Kalamkari pure silk saree (Code: DBMD337). Handcrafted with bamboo pens and natural organic vegetable mineral dyes in Srikalahasti, Andhra Pradesh. Fabric: Bangalore Silk multicoloured Duppatas. Direct from Dhanalakshmi Kalamkari master artisans.",https://www.dhanalakshmikalamkari.in/?product=DBMD337,https://lh3.googleusercontent.com/d/1BQ-DcejF5-cJF8V5ZO5o2pEAlDHCgmWq=w1200,in_stock,1800 INR,Dhanalakshmi Kalamkari,new,Apparel & Accessories > Clothing > Traditional & Ceremonial Clothing > Sarees
DBMD338,Hand-Painted Srikalahasti Pen Kalamkari Bangalore Silk multicoloured Duppatas Saree (DBMD338),"Authentic 100% hand-painted Srikalahasti Pen Kalamkari pure silk saree (Code: DBMD338). Handcrafted with bamboo pens and natural organic vegetable mineral dyes in Srikalahasti, Andhra Pradesh. Fabric: Bangalore Silk multicoloured Duppatas. Direct from Dhanalakshmi Kalamkari master artisans.",https://www.dhanalakshmikalamkari.in/?product=DBMD338,https://lh3.googleusercontent.com/d/1Ea9E2HB-aDSJfaBAciXuZzJrE_81R70b=w1200,in_stock,1800 INR,Dhanalakshmi Kalamkari,new,Apparel & Accessories > Clothing > Traditional & Ceremonial Clothing > Sarees
DBMD339,Hand-Painted Srikalahasti Pen Kalamkari Bangalore Silk multicoloured Duppatas Saree (DBMD339),"Authentic 100% hand-painted Srikalahasti Pen Kalamkari pure silk saree (Code: DBMD339). Handcrafted with bamboo pens and natural organic vegetable mineral dyes in Srikalahasti, Andhra Pradesh. Fabric: Bangalore Silk multicoloured Duppatas. Direct from Dhanalakshmi Kalamkari master artisans.",https://www.dhanalakshmikalamkari.in/?product=DBMD339,https://lh3.googleusercontent.com/d/1KLrVTpnMJWK8jKHpuc2U8Nu58NTt5kvc=w1200,in_stock,1800 INR,Dhanalakshmi Kalamkari,new,Apparel & Accessories > Clothing > Traditional & Ceremonial Clothing > Sarees
DBMD340,Hand-Painted Srikalahasti Pen Kalamkari Bangalore Silk multicoloured Duppatas Saree (DBMD340),"Authentic 100% hand-painted Srikalahasti Pen Kalamkari pure silk saree (Code: DBMD340). Handcrafted with bamboo pens and natural organic vegetable mineral dyes in Srikalahasti, Andhra Pradesh. Fabric: Bangalore Silk multicoloured Duppatas. Direct from Dhanalakshmi Kalamkari master artisans.",https://www.dhanalakshmikalamkari.in/?product=DBMD340,https://lh3.googleusercontent.com/d/1XPazuDhaf2U35A7qr7YChAioPBm17jcb=w1200,in_stock,1800 INR,Dhanalakshmi Kalamkari,new,Apparel & Accessories > Clothing > Traditional & Ceremonial Clothing > Sarees
DBMD342,Hand-Painted Srikalahasti Pen Kalamkari Bangalore Silk multicoloured Duppatas Saree (DBMD342),"Authentic 100% hand-painted Srikalahasti Pen Kalamkari pure silk saree (Code: DBMD342). Handcrafted with bamboo pens and natural organic vegetable mineral dyes in Srikalahasti, Andhra Pradesh. Fabric: Bangalore Silk multicoloured Duppatas. Direct from Dhanalakshmi Kalamkari master artisans.",https://www.dhanalakshmikalamkari.in/?product=DBMD342,https://lh3.googleusercontent.com/d/1cMf8CI9YHVtxLsZuih41V0kqlumwZ4sC=w1200,in_stock,1800 INR,Dhanalakshmi Kalamkari,new,Apparel & Accessories > Clothing > Traditional & Ceremonial Clothing > Sarees
DBMD343,Hand-Painted Srikalahasti Pen Kalamkari Bangalore Silk multicoloured Duppatas Saree (DBMD343),"Authentic 100% hand-painted Srikalahasti Pen Kalamkari pure silk saree (Code: DBMD343). Handcrafted with bamboo pens and natural organic vegetable mineral dyes in Srikalahasti, Andhra Pradesh. Fabric: Bangalore Silk multicoloured Duppatas. Direct from Dhanalakshmi Kalamkari master artisans.",https://www.dhanalakshmikalamkari.in/?product=DBMD343,https://lh3.googleusercontent.com/d/1gmyLJKfBXfl8_VtmamrrhKgVACSO4Hpl=w1200,in_stock,1800 INR,Dhanalakshmi Kalamkari,new,Apparel & Accessories > Clothing > Traditional & Ceremonial Clothing > Sarees
DBMD344,Hand-Painted Srikalahasti Pen Kalamkari Bangalore Silk multicoloured Duppatas Saree (DBMD344),"Authentic 100% hand-painted Srikalahasti Pen Kalamkari pure silk saree (Code: DBMD344). Handcrafted with bamboo pens and natural organic vegetable mineral dyes in Srikalahasti, Andhra Pradesh. Fabric: Bangalore Silk multicoloured Duppatas. Direct from Dhanalakshmi Kalamkari master artisans.",https://www.dhanalakshmikalamkari.in/?product=DBMD344,https://lh3.googleusercontent.com/d/1kDEfrd4oUME13t-9aR1GrTwd1L9FFVwH=w1200,in_stock,1800 INR,Dhanalakshmi Kalamkari,new,Apparel & Accessories > Clothing > Traditional & Ceremonial Clothing > Sarees
DBMD345,Hand-Painted Srikalahasti Pen Kalamkari Bangalore Silk multicoloured Duppatas Saree (DBMD345),"Authentic 100% hand-painted Srikalahasti Pen Kalamkari pure silk saree (Code: DBMD345). Handcrafted with bamboo pens and natural organic vegetable mineral dyes in Srikalahasti, Andhra Pradesh. Fabric: Bangalore Silk multicoloured Duppatas. Direct from Dhanalakshmi Kalamkari master artisans.",https://www.dhanalakshmikalamkari.in/?product=DBMD345,https://lh3.googleusercontent.com/d/1rNYS_s_ju2DRhehkvsnAcLygGIuH3l_i=w1200,in_stock,1800 INR,Dhanalakshmi Kalamkari,new,Apparel & Accessories > Clothing > Traditional & Ceremonial Clothing > Sarees
DBMD346,Hand-Painted Srikalahasti Pen Kalamkari Bangalore Silk multicoloured Duppatas Saree (DBMD346),"Authentic 100% hand-painted Srikalahasti Pen Kalamkari pure silk saree (Code: DBMD346). Handcrafted with bamboo pens and natural organic vegetable mineral dyes in Srikalahasti, Andhra Pradesh. Fabric: Bangalore Silk multicoloured Duppatas. Direct from Dhanalakshmi Kalamkari master artisans.",https://www.dhanalakshmikalamkari.in/?product=DBMD346,https://lh3.googleusercontent.com/d/1vWSfVs7VpU5Qcw5cC_swvaglOkReptdU=w1200,in_stock,1800 INR,Dhanalakshmi Kalamkari,new,Apparel & Accessories > Clothing > Traditional & Ceremonial Clothing > Sarees
DBMD347,Hand-Painted Srikalahasti Pen Kalamkari Bangalore Silk multicoloured Duppatas Saree (DBMD347),"Authentic 100% hand-painted Srikalahasti Pen Kalamkari pure silk saree (Code: DBMD347). Handcrafted with bamboo pens and natural organic vegetable mineral dyes in Srikalahasti, Andhra Pradesh. Fabric: Bangalore Silk multicoloured Duppatas. Direct from Dhanalakshmi Kalamkari master artisans.",https://www.dhanalakshmikalamkari.in/?product=DBMD347,https://lh3.googleusercontent.com/d/1zHMkbAlZ2lHq3Te9Fyk5uWCVFKcr-VMq=w1200,in_stock,1800 INR,Dhanalakshmi Kalamkari,new,Apparel & Accessories > Clothing > Traditional & Ceremonial Clothing > Sarees
DBMD348,Hand-Painted Srikalahasti Pen Kalamkari Bangalore Silk multicoloured Duppatas Saree (DBMD348),"Authentic 100% hand-painted Srikalahasti Pen Kalamkari pure silk saree (Code: DBMD348). Handcrafted with bamboo pens and natural organic vegetable mineral dyes in Srikalahasti, Andhra Pradesh. Fabric: Bangalore Silk multicoloured Duppatas. Direct from Dhanalakshmi Kalamkari master artisans.",https://www.dhanalakshmikalamkari.in/?product=DBMD348,https://lh3.googleusercontent.com/d/1JfjjYUfrHwe77ZvGA9uVf_ft5k14m_Cw=w1200,in_stock,1800 INR,Dhanalakshmi Kalamkari,new,Apparel & Accessories > Clothing > Traditional & Ceremonial Clothing > Sarees
DBMD349,Hand-Painted Srikalahasti Pen Kalamkari Bangalore Silk multicoloured Duppatas Saree (DBMD349),"Authentic 100% hand-painted Srikalahasti Pen Kalamkari pure silk saree (Code: DBMD349). Handcrafted with bamboo pens and natural organic vegetable mineral dyes in Srikalahasti, Andhra Pradesh. Fabric: Bangalore Silk multicoloured Duppatas. Direct from Dhanalakshmi Kalamkari master artisans.",https://www.dhanalakshmikalamkari.in/?product=DBMD349,https://lh3.googleusercontent.com/d/1V3Azvr9S1AaGTfJU6LnLzpV3wPnUf7oY=w1200,in_stock,1800 INR,Dhanalakshmi Kalamkari,new,Apparel & Accessories > Clothing > Traditional & Ceremonial Clothing > Sarees
DBMD350,Hand-Painted Srikalahasti Pen Kalamkari Bangalore Silk multicoloured Duppatas Saree (DBMD350),"Authentic 100% hand-painted Srikalahasti Pen Kalamkari pure silk saree (Code: DBMD350). Handcrafted with bamboo pens and natural organic vegetable mineral dyes in Srikalahasti, Andhra Pradesh. Fabric: Bangalore Silk multicoloured Duppatas. Direct from Dhanalakshmi Kalamkari master artisans.",https://www.dhanalakshmikalamkari.in/?product=DBMD350,https://lh3.googleusercontent.com/d/1Zc8DibvBhpN2f5F4xuSfa8a4Fgjgfydo=w1200,in_stock,1800 INR,Dhanalakshmi Kalamkari,new,Apparel & Accessories > Clothing > Traditional & Ceremonial Clothing > Sarees
DBMD351,Hand-Painted Srikalahasti Pen Kalamkari Bangalore Silk multicoloured Duppatas Saree (DBMD351),"Authentic 100% hand-painted Srikalahasti Pen Kalamkari pure silk saree (Code: DBMD351). Handcrafted with bamboo pens and natural organic vegetable mineral dyes in Srikalahasti, Andhra Pradesh. Fabric: Bangalore Silk multicoloured Duppatas. Direct from Dhanalakshmi Kalamkari master artisans.",https://www.dhanalakshmikalamkari.in/?product=DBMD351,https://lh3.googleusercontent.com/d/1ec-CEWqBH0cm4lhkV5cK8s1cYSnXxthw=w1200,in_stock,1800 INR,Dhanalakshmi Kalamkari,new,Apparel & Accessories > Clothing > Traditional & Ceremonial Clothing > Sarees
DBMD352,Hand-Painted Srikalahasti Pen Kalamkari Bangalore Silk multicoloured Duppatas Saree (DBMD352),"Authentic 100% hand-painted Srikalahasti Pen Kalamkari pure silk saree (Code: DBMD352). Handcrafted with bamboo pens and natural organic vegetable mineral dyes in Srikalahasti, Andhra Pradesh. Fabric: Bangalore Silk multicoloured Duppatas. Direct from Dhanalakshmi Kalamkari master artisans.",https://www.dhanalakshmikalamkari.in/?product=DBMD352,https://lh3.googleusercontent.com/d/1qUzxSME5s2dWLsttDoTkNo7XzZqj-t6K=w1200,in_stock,1800 INR,Dhanalakshmi Kalamkari,new,Apparel & Accessories > Clothing > Traditional & Ceremonial Clothing > Sarees
DBMD353,Hand-Painted Srikalahasti Pen Kalamkari Bangalore Silk multicoloured Duppatas Saree (DBMD353),"Authentic 100% hand-painted Srikalahasti Pen Kalamkari pure silk saree (Code: DBMD353). Handcrafted with bamboo pens and natural organic vegetable mineral dyes in Srikalahasti, Andhra Pradesh. Fabric: Bangalore Silk multicoloured Duppatas. Direct from Dhanalakshmi Kalamkari master artisans.",https://www.dhanalakshmikalamkari.in/?product=DBMD353,https://lh3.googleusercontent.com/d/1wt17NACzruU7cV2QlDAJ-pgw8TaSq0RS=w1200,in_stock,1800 INR,Dhanalakshmi Kalamkari,new,Apparel & Accessories > Clothing > Traditional & Ceremonial Clothing > Sarees
DBMD354,Hand-Painted Srikalahasti Pen Kalamkari Bangalore Silk multicoloured Duppatas Saree (DBMD354),"Authentic 100% hand-painted Srikalahasti Pen Kalamkari pure silk saree (Code: DBMD354). Handcrafted with bamboo pens and natural organic vegetable mineral dyes in Srikalahasti, Andhra Pradesh. Fabric: Bangalore Silk multicoloured Duppatas. Direct from Dhanalakshmi Kalamkari master artisans.",https://www.dhanalakshmikalamkari.in/?product=DBMD354,https://lh3.googleusercontent.com/d/1wwhfWwGc0SKrGR18miqswh_dvnCQlKDn=w1200,in_stock,1800 INR,Dhanalakshmi Kalamkari,new,Apparel & Accessories > Clothing > Traditional & Ceremonial Clothing > Sarees
DBMD355,Hand-Painted Srikalahasti Pen Kalamkari Bangalore Silk multicoloured Duppatas Saree (DBMD355),"Authentic 100% hand-painted Srikalahasti Pen Kalamkari pure silk saree (Code: DBMD355). Handcrafted with bamboo pens and natural organic vegetable mineral dyes in Srikalahasti, Andhra Pradesh. Fabric: Bangalore Silk multicoloured Duppatas. Direct from Dhanalakshmi Kalamkari master artisans.",https://www.dhanalakshmikalamkari.in/?product=DBMD355,https://lh3.googleusercontent.com/d/1yo7lhhorezsCTXaMUIc4jT_0R_FrsoA2=w1200,in_stock,1800 INR,Dhanalakshmi Kalamkari,new,Apparel & Accessories > Clothing > Traditional & Ceremonial Clothing > Sarees
DBMD357,Hand-Painted Srikalahasti Pen Kalamkari Bangalore Silk multicoloured Duppatas Saree (DBMD357),"Authentic 100% hand-painted Srikalahasti Pen Kalamkari pure silk saree (Code: DBMD357). Handcrafted with bamboo pens and natural organic vegetable mineral dyes in Srikalahasti, Andhra Pradesh. Fabric: Bangalore Silk multicoloured Duppatas. Direct from Dhanalakshmi Kalamkari master artisans.",https://www.dhanalakshmikalamkari.in/?product=DBMD357,https://lh3.googleusercontent.com/d/1Ry60zpcQfqM50MRVlOvqYVJjEWpsrsg7=w1200,in_stock,1800 INR,Dhanalakshmi Kalamkari,new,Apparel & Accessories > Clothing > Traditional & Ceremonial Clothing > Sarees
DBMD359,Hand-Painted Srikalahasti Pen Kalamkari Bangalore Silk multicoloured Duppatas Saree (DBMD359),"Authentic 100% hand-painted Srikalahasti Pen Kalamkari pure silk saree (Code: DBMD359). Handcrafted with bamboo pens and natural organic vegetable mineral dyes in Srikalahasti, Andhra Pradesh. Fabric: Bangalore Silk multicoloured Duppatas. Direct from Dhanalakshmi Kalamkari master artisans.",https://www.dhanalakshmikalamkari.in/?product=DBMD359,https://lh3.googleusercontent.com/d/1oCNimupkRkNTZ28ct7DcBjy52Is9c90e=w1200,in_stock,1800 INR,Dhanalakshmi Kalamkari,new,Apparel & Accessories > Clothing > Traditional & Ceremonial Clothing > Sarees
DBMD360,Hand-Painted Srikalahasti Pen Kalamkari Bangalore Silk multicoloured Duppatas Saree (DBMD360),"Authentic 100% hand-painted Srikalahasti Pen Kalamkari pure silk saree (Code: DBMD360). Handcrafted with bamboo pens and natural organic vegetable mineral dyes in Srikalahasti, Andhra Pradesh. Fabric: Bangalore Silk multicoloured Duppatas. Direct from Dhanalakshmi Kalamkari master artisans.",https://www.dhanalakshmikalamkari.in/?product=DBMD360,https://lh3.googleusercontent.com/d/16M4Llym37jb2fMfdGvoDfGnR4Fgm_zKl=w1200,in_stock,1800 INR,Dhanalakshmi Kalamkari,new,Apparel & Accessories > Clothing > Traditional & Ceremonial Clothing > Sarees
DBMD361,Hand-Painted Srikalahasti Pen Kalamkari Bangalore Silk multicoloured Duppatas Saree (DBMD361),"Authentic 100% hand-painted Srikalahasti Pen Kalamkari pure silk saree (Code: DBMD361). Handcrafted with bamboo pens and natural organic vegetable mineral dyes in Srikalahasti, Andhra Pradesh. Fabric: Bangalore Silk multicoloured Duppatas. Direct from Dhanalakshmi Kalamkari master artisans.",https://www.dhanalakshmikalamkari.in/?product=DBMD361,https://lh3.googleusercontent.com/d/1Drk2k5uDXvzEDEe5KJnO2cOG1-aDHQLW=w1200,in_stock,1800 INR,Dhanalakshmi Kalamkari,new,Apparel & Accessories > Clothing > Traditional & Ceremonial Clothing > Sarees
DBMD362,Hand-Painted Srikalahasti Pen Kalamkari Bangalore Silk multicoloured Duppatas Saree (DBMD362),"Authentic 100% hand-painted Srikalahasti Pen Kalamkari pure silk saree (Code: DBMD362). Handcrafted with bamboo pens and natural organic vegetable mineral dyes in Srikalahasti, Andhra Pradesh. Fabric: Bangalore Silk multicoloured Duppatas. Direct from Dhanalakshmi Kalamkari master artisans.",https://www.dhanalakshmikalamkari.in/?product=DBMD362,https://lh3.googleusercontent.com/d/1FOzQZLCx-cC8FJYsKI-zuny_Y4amXJ32=w1200,in_stock,1800 INR,Dhanalakshmi Kalamkari,new,Apparel & Accessories > Clothing > Traditional & Ceremonial Clothing > Sarees
DBMD363,Hand-Painted Srikalahasti Pen Kalamkari Bangalore Silk multicoloured Duppatas Saree (DBMD363),"Authentic 100% hand-painted Srikalahasti Pen Kalamkari pure silk saree (Code: DBMD363). Handcrafted with bamboo pens and natural organic vegetable mineral dyes in Srikalahasti, Andhra Pradesh. Fabric: Bangalore Silk multicoloured Duppatas. Direct from Dhanalakshmi Kalamkari master artisans.",https://www.dhanalakshmikalamkari.in/?product=DBMD363,https://lh3.googleusercontent.com/d/1MfWbbOhXSyvj6ngOg8ANCOBYy5ik-rXi=w1200,in_stock,1800 INR,Dhanalakshmi Kalamkari,new,Apparel & Accessories > Clothing > Traditional & Ceremonial Clothing > Sarees
DBMD364,Hand-Painted Srikalahasti Pen Kalamkari Bangalore Silk multicoloured Duppatas Saree (DBMD364),"Authentic 100% hand-painted Srikalahasti Pen Kalamkari pure silk saree (Code: DBMD364). Handcrafted with bamboo pens and natural organic vegetable mineral dyes in Srikalahasti, Andhra Pradesh. Fabric: Bangalore Silk multicoloured Duppatas. Direct from Dhanalakshmi Kalamkari master artisans.",https://www.dhanalakshmikalamkari.in/?product=DBMD364,https://lh3.googleusercontent.com/d/1Ul3RZ0SLYwuhU1OZTZ4espepgLbPlyLk=w1200,in_stock,1800 INR,Dhanalakshmi Kalamkari,new,Apparel & Accessories > Clothing > Traditional & Ceremonial Clothing > Sarees
DBMD365,Hand-Painted Srikalahasti Pen Kalamkari Bangalore Silk multicoloured Duppatas Saree (DBMD365),"Authentic 100% hand-painted Srikalahasti Pen Kalamkari pure silk saree (Code: DBMD365). Handcrafted with bamboo pens and natural organic vegetable mineral dyes in Srikalahasti, Andhra Pradesh. Fabric: Bangalore Silk multicoloured Duppatas. Direct from Dhanalakshmi Kalamkari master artisans.",https://www.dhanalakshmikalamkari.in/?product=DBMD365,https://lh3.googleusercontent.com/d/1qNEIs9jgFHYlVqDrGqxaD1HNwDJBK1W3=w1200,in_stock,1800 INR,Dhanalakshmi Kalamkari,new,Apparel & Accessories > Clothing > Traditional & Ceremonial Clothing > Sarees
DBMD366,Hand-Painted Srikalahasti Pen Kalamkari Bangalore Silk multicoloured Duppatas Saree (DBMD366),"Authentic 100% hand-painted Srikalahasti Pen Kalamkari pure silk saree (Code: DBMD366). Handcrafted with bamboo pens and natural organic vegetable mineral dyes in Srikalahasti, Andhra Pradesh. Fabric: Bangalore Silk multicoloured Duppatas. Direct from Dhanalakshmi Kalamkari master artisans.",https://www.dhanalakshmikalamkari.in/?product=DBMD366,https://lh3.googleusercontent.com/d/1zUm_tw4d6cyZp1OXkpGvY9eYbp0YQT7D=w1200,in_stock,1800 INR,Dhanalakshmi Kalamkari,new,Apparel & Accessories > Clothing > Traditional & Ceremonial Clothing > Sarees
DBMD367,Hand-Painted Srikalahasti Pen Kalamkari Bangalore Silk multicoloured Duppatas Saree (DBMD367),"Authentic 100% hand-painted Srikalahasti Pen Kalamkari pure silk saree (Code: DBMD367). Handcrafted with bamboo pens and natural organic vegetable mineral dyes in Srikalahasti, Andhra Pradesh. Fabric: Bangalore Silk multicoloured Duppatas. Direct from Dhanalakshmi Kalamkari master artisans.",https://www.dhanalakshmikalamkari.in/?product=DBMD367,https://lh3.googleusercontent.com/d/11dvr9P9lQO0ewoqciKSvK4jCmfE8XWta=w1200,in_stock,1800 INR,Dhanalakshmi Kalamkari,new,Apparel & Accessories > Clothing > Traditional & Ceremonial Clothing > Sarees
DBMD368,Hand-Painted Srikalahasti Pen Kalamkari Bangalore Silk multicoloured Duppatas Saree (DBMD368),"Authentic 100% hand-painted Srikalahasti Pen Kalamkari pure silk saree (Code: DBMD368). Handcrafted with bamboo pens and natural organic vegetable mineral dyes in Srikalahasti, Andhra Pradesh. Fabric: Bangalore Silk multicoloured Duppatas. Direct from Dhanalakshmi Kalamkari master artisans.",https://www.dhanalakshmikalamkari.in/?product=DBMD368,https://lh3.googleusercontent.com/d/18mBfFj_8xA2rucH2Ha6KGH3stM85FVf8=w1200,in_stock,1800 INR,Dhanalakshmi Kalamkari,new,Apparel & Accessories > Clothing > Traditional & Ceremonial Clothing > Sarees
DBMD369,Hand-Painted Srikalahasti Pen Kalamkari Bangalore Silk multicoloured Duppatas Saree (DBMD369),"Authentic 100% hand-painted Srikalahasti Pen Kalamkari pure silk saree (Code: DBMD369). Handcrafted with bamboo pens and natural organic vegetable mineral dyes in Srikalahasti, Andhra Pradesh. Fabric: Bangalore Silk multicoloured Duppatas. Direct from Dhanalakshmi Kalamkari master artisans.",https://www.dhanalakshmikalamkari.in/?product=DBMD369,https://lh3.googleusercontent.com/d/1981duohaCW9-V_l5x6grtmn0UWYECf7c=w1200,in_stock,1800 INR,Dhanalakshmi Kalamkari,new,Apparel & Accessories > Clothing > Traditional & Ceremonial Clothing > Sarees
DBMD370,Hand-Painted Srikalahasti Pen Kalamkari Bangalore Silk multicoloured Duppatas Saree (DBMD370),"Authentic 100% hand-painted Srikalahasti Pen Kalamkari pure silk saree (Code: DBMD370). Handcrafted with bamboo pens and natural organic vegetable mineral dyes in Srikalahasti, Andhra Pradesh. Fabric: Bangalore Silk multicoloured Duppatas. Direct from Dhanalakshmi Kalamkari master artisans.",https://www.dhanalakshmikalamkari.in/?product=DBMD370,https://lh3.googleusercontent.com/d/19eY1D5Z_zul7eePZpFsBqbC_iE-E4ezd=w1200,in_stock,1800 INR,Dhanalakshmi Kalamkari,new,Apparel & Accessories > Clothing > Traditional & Ceremonial Clothing > Sarees
DBMD371,Hand-Painted Srikalahasti Pen Kalamkari Bangalore Silk multicoloured Duppatas Saree (DBMD371),"Authentic 100% hand-painted Srikalahasti Pen Kalamkari pure silk saree (Code: DBMD371). Handcrafted with bamboo pens and natural organic vegetable mineral dyes in Srikalahasti, Andhra Pradesh. Fabric: Bangalore Silk multicoloured Duppatas. Direct from Dhanalakshmi Kalamkari master artisans.",https://www.dhanalakshmikalamkari.in/?product=DBMD371,https://lh3.googleusercontent.com/d/1JztyZgDws0cQ_x1OKYFI665yo9JTkAj2=w1200,in_stock,1800 INR,Dhanalakshmi Kalamkari,new,Apparel & Accessories > Clothing > Traditional & Ceremonial Clothing > Sarees
DBMD373,Hand-Painted Srikalahasti Pen Kalamkari Bangalore Silk multicoloured Duppatas Saree (DBMD373),"Authentic 100% hand-painted Srikalahasti Pen Kalamkari pure silk saree (Code: DBMD373). Handcrafted with bamboo pens and natural organic vegetable mineral dyes in Srikalahasti, Andhra Pradesh. Fabric: Bangalore Silk multicoloured Duppatas. Direct from Dhanalakshmi Kalamkari master artisans.",https://www.dhanalakshmikalamkari.in/?product=DBMD373,https://lh3.googleusercontent.com/d/1WwV33Hxql4tYqG6fY-urd5Th1x13iGnB=w1200,in_stock,1800 INR,Dhanalakshmi Kalamkari,new,Apparel & Accessories > Clothing > Traditional & Ceremonial Clothing > Sarees
DBMD374,Hand-Painted Srikalahasti Pen Kalamkari Bangalore Silk multicoloured Duppatas Saree (DBMD374),"Authentic 100% hand-painted Srikalahasti Pen Kalamkari pure silk saree (Code: DBMD374). Handcrafted with bamboo pens and natural organic vegetable mineral dyes in Srikalahasti, Andhra Pradesh. Fabric: Bangalore Silk multicoloured Duppatas. Direct from Dhanalakshmi Kalamkari master artisans.",https://www.dhanalakshmikalamkari.in/?product=DBMD374,https://lh3.googleusercontent.com/d/1iyofz3ydHs2AZKL-Wpf8vHvr9n-1tC2_=w1200,in_stock,1800 INR,Dhanalakshmi Kalamkari,new,Apparel & Accessories > Clothing > Traditional & Ceremonial Clothing > Sarees
DBMD375,Hand-Painted Srikalahasti Pen Kalamkari Bangalore Silk multicoloured Duppatas Saree (DBMD375),"Authentic 100% hand-painted Srikalahasti Pen Kalamkari pure silk saree (Code: DBMD375). Handcrafted with bamboo pens and natural organic vegetable mineral dyes in Srikalahasti, Andhra Pradesh. Fabric: Bangalore Silk multicoloured Duppatas. Direct from Dhanalakshmi Kalamkari master artisans.",https://www.dhanalakshmikalamkari.in/?product=DBMD375,https://lh3.googleusercontent.com/d/1miqgTNO-bK_z3PgzWPobtHeGAo2tigws=w1200,in_stock,1800 INR,Dhanalakshmi Kalamkari,new,Apparel & Accessories > Clothing > Traditional & Ceremonial Clothing > Sarees
DBMD376,Hand-Painted Srikalahasti Pen Kalamkari Bangalore Silk multicoloured Duppatas Saree (DBMD376),"Authentic 100% hand-painted Srikalahasti Pen Kalamkari pure silk saree (Code: DBMD376). Handcrafted with bamboo pens and natural organic vegetable mineral dyes in Srikalahasti, Andhra Pradesh. Fabric: Bangalore Silk multicoloured Duppatas. Direct from Dhanalakshmi Kalamkari master artisans.",https://www.dhanalakshmikalamkari.in/?product=DBMD376,https://lh3.googleusercontent.com/d/1q173tg-wyuAE7LqJIWB5ES074v7nLd0E=w1200,in_stock,1800 INR,Dhanalakshmi Kalamkari,new,Apparel & Accessories > Clothing > Traditional & Ceremonial Clothing > Sarees
DBMD377,Hand-Painted Srikalahasti Pen Kalamkari Bangalore Silk multicoloured Duppatas Saree (DBMD377),"Authentic 100% hand-painted Srikalahasti Pen Kalamkari pure silk saree (Code: DBMD377). Handcrafted with bamboo pens and natural organic vegetable mineral dyes in Srikalahasti, Andhra Pradesh. Fabric: Bangalore Silk multicoloured Duppatas. Direct from Dhanalakshmi Kalamkari master artisans.",https://www.dhanalakshmikalamkari.in/?product=DBMD377,https://lh3.googleusercontent.com/d/1wQqi6XRtbyc9c1S1WFJ3c4F0BMtX7ea-=w1200,in_stock,1800 INR,Dhanalakshmi Kalamkari,new,Apparel & Accessories > Clothing > Traditional & Ceremonial Clothing > Sarees
DBMD378,Hand-Painted Srikalahasti Pen Kalamkari Bangalore Silk multicoloured Duppatas Saree (DBMD378),"Authentic 100% hand-painted Srikalahasti Pen Kalamkari pure silk saree (Code: DBMD378). Handcrafted with bamboo pens and natural organic vegetable mineral dyes in Srikalahasti, Andhra Pradesh. Fabric: Bangalore Silk multicoloured Duppatas. Direct from Dhanalakshmi Kalamkari master artisans.",https://www.dhanalakshmikalamkari.in/?product=DBMD378,https://lh3.googleusercontent.com/d/11kfDXP6cek6RHL2hb47e2wMridq96x0o=w1200,in_stock,1800 INR,Dhanalakshmi Kalamkari,new,Apparel & Accessories > Clothing > Traditional & Ceremonial Clothing > Sarees
DBMD379,Hand-Painted Srikalahasti Pen Kalamkari Bangalore Silk multicoloured Duppatas Saree (DBMD379),"Authentic 100% hand-painted Srikalahasti Pen Kalamkari pure silk saree (Code: DBMD379). Handcrafted with bamboo pens and natural organic vegetable mineral dyes in Srikalahasti, Andhra Pradesh. Fabric: Bangalore Silk multicoloured Duppatas. Direct from Dhanalakshmi Kalamkari master artisans.",https://www.dhanalakshmikalamkari.in/?product=DBMD379,https://lh3.googleusercontent.com/d/1D0XFrvC3_WEuOsLGqW8g0qKxUmmNFbWG=w1200,in_stock,1800 INR,Dhanalakshmi Kalamkari,new,Apparel & Accessories > Clothing > Traditional & Ceremonial Clothing > Sarees
DBMD380,Hand-Painted Srikalahasti Pen Kalamkari Bangalore Silk multicoloured Duppatas Saree (DBMD380),"Authentic 100% hand-painted Srikalahasti Pen Kalamkari pure silk saree (Code: DBMD380). Handcrafted with bamboo pens and natural organic vegetable mineral dyes in Srikalahasti, Andhra Pradesh. Fabric: Bangalore Silk multicoloured Duppatas. Direct from Dhanalakshmi Kalamkari master artisans.",https://www.dhanalakshmikalamkari.in/?product=DBMD380,https://lh3.googleusercontent.com/d/1DNBzrqv4iICjnhlql6JHTv8PEMnvkPUy=w1200,in_stock,1800 INR,Dhanalakshmi Kalamkari,new,Apparel & Accessories > Clothing > Traditional & Ceremonial Clothing > Sarees
DBMD381,Hand-Painted Srikalahasti Pen Kalamkari Bangalore Silk multicoloured Duppatas Saree (DBMD381),"Authentic 100% hand-painted Srikalahasti Pen Kalamkari pure silk saree (Code: DBMD381). Handcrafted with bamboo pens and natural organic vegetable mineral dyes in Srikalahasti, Andhra Pradesh. Fabric: Bangalore Silk multicoloured Duppatas. Direct from Dhanalakshmi Kalamkari master artisans.",https://www.dhanalakshmikalamkari.in/?product=DBMD381,https://lh3.googleusercontent.com/d/1FZBt7JRGzoDKrjWleQQMOoPc9K3WHgb8=w1200,in_stock,1800 INR,Dhanalakshmi Kalamkari,new,Apparel & Accessories > Clothing > Traditional & Ceremonial Clothing > Sarees
DBMD383,Hand-Painted Srikalahasti Pen Kalamkari Bangalore Silk multicoloured Duppatas Saree (DBMD383),"Authentic 100% hand-painted Srikalahasti Pen Kalamkari pure silk saree (Code: DBMD383). Handcrafted with bamboo pens and natural organic vegetable mineral dyes in Srikalahasti, Andhra Pradesh. Fabric: Bangalore Silk multicoloured Duppatas. Direct from Dhanalakshmi Kalamkari master artisans.",https://www.dhanalakshmikalamkari.in/?product=DBMD383,https://lh3.googleusercontent.com/d/1bvrIPX29EB-YR5mrZQp1G6eaHUDC5OdY=w1200,in_stock,1800 INR,Dhanalakshmi Kalamkari,new,Apparel & Accessories > Clothing > Traditional & Ceremonial Clothing > Sarees
DBMD384,Hand-Painted Srikalahasti Pen Kalamkari Bangalore Silk multicoloured Duppatas Saree (DBMD384),"Authentic 100% hand-painted Srikalahasti Pen Kalamkari pure silk saree (Code: DBMD384). Handcrafted with bamboo pens and natural organic vegetable mineral dyes in Srikalahasti, Andhra Pradesh. Fabric: Bangalore Silk multicoloured Duppatas. Direct from Dhanalakshmi Kalamkari master artisans.",https://www.dhanalakshmikalamkari.in/?product=DBMD384,https://lh3.googleusercontent.com/d/1r5UfjsD_rrpRjsypsPOqe-1g2sUvkkor=w1200,in_stock,1800 INR,Dhanalakshmi Kalamkari,new,Apparel & Accessories > Clothing > Traditional & Ceremonial Clothing > Sarees
DBMD385,Hand-Painted Srikalahasti Pen Kalamkari Bangalore Silk multicoloured Duppatas Saree (DBMD385),"Authentic 100% hand-painted Srikalahasti Pen Kalamkari pure silk saree (Code: DBMD385). Handcrafted with bamboo pens and natural organic vegetable mineral dyes in Srikalahasti, Andhra Pradesh. Fabric: Bangalore Silk multicoloured Duppatas. Direct from Dhanalakshmi Kalamkari master artisans.",https://www.dhanalakshmikalamkari.in/?product=DBMD385,https://lh3.googleusercontent.com/d/1sBa51UMw-Hh01TtYS7-Z29v0pClRXmkc=w1200,in_stock,1800 INR,Dhanalakshmi Kalamkari,new,Apparel & Accessories > Clothing > Traditional & Ceremonial Clothing > Sarees
DBMD386,Hand-Painted Srikalahasti Pen Kalamkari Bangalore Silk multicoloured Duppatas Saree (DBMD386),"Authentic 100% hand-painted Srikalahasti Pen Kalamkari pure silk saree (Code: DBMD386). Handcrafted with bamboo pens and natural organic vegetable mineral dyes in Srikalahasti, Andhra Pradesh. Fabric: Bangalore Silk multicoloured Duppatas. Direct from Dhanalakshmi Kalamkari master artisans.",https://www.dhanalakshmikalamkari.in/?product=DBMD386,https://lh3.googleusercontent.com/d/12QWemyzazdbR5Z6qhbnvQYeh9iLJE_Fr=w1200,in_stock,1800 INR,Dhanalakshmi Kalamkari,new,Apparel & Accessories > Clothing > Traditional & Ceremonial Clothing > Sarees
DBMD388,Hand-Painted Srikalahasti Pen Kalamkari Bangalore Silk multicoloured Duppatas Saree (DBMD388),"Authentic 100% hand-painted Srikalahasti Pen Kalamkari pure silk saree (Code: DBMD388). Handcrafted with bamboo pens and natural organic vegetable mineral dyes in Srikalahasti, Andhra Pradesh. Fabric: Bangalore Silk multicoloured Duppatas. Direct from Dhanalakshmi Kalamkari master artisans.",https://www.dhanalakshmikalamkari.in/?product=DBMD388,https://lh3.googleusercontent.com/d/1NAGG07LSSCtd4-n1DvXYrgA5ARqFxLGf=w1200,in_stock,1800 INR,Dhanalakshmi Kalamkari,new,Apparel & Accessories > Clothing > Traditional & Ceremonial Clothing > Sarees
DBMD389,Hand-Painted Srikalahasti Pen Kalamkari Bangalore Silk multicoloured Duppatas Saree (DBMD389),"Authentic 100% hand-painted Srikalahasti Pen Kalamkari pure silk saree (Code: DBMD389). Handcrafted with bamboo pens and natural organic vegetable mineral dyes in Srikalahasti, Andhra Pradesh. Fabric: Bangalore Silk multicoloured Duppatas. Direct from Dhanalakshmi Kalamkari master artisans.",https://www.dhanalakshmikalamkari.in/?product=DBMD389,https://lh3.googleusercontent.com/d/1Q2zI7O6wG8yeKLOsVOSAiH9aI8Ox274o=w1200,in_stock,1800 INR,Dhanalakshmi Kalamkari,new,Apparel & Accessories > Clothing > Traditional & Ceremonial Clothing > Sarees
DBMD390,Hand-Painted Srikalahasti Pen Kalamkari Bangalore Silk multicoloured Duppatas Saree (DBMD390),"Authentic 100% hand-painted Srikalahasti Pen Kalamkari pure silk saree (Code: DBMD390). Handcrafted with bamboo pens and natural organic vegetable mineral dyes in Srikalahasti, Andhra Pradesh. Fabric: Bangalore Silk multicoloured Duppatas. Direct from Dhanalakshmi Kalamkari master artisans.",https://www.dhanalakshmikalamkari.in/?product=DBMD390,https://lh3.googleusercontent.com/d/1VL2ljG7jeetcMAV7RZY9Cd2rRFjQpCV7=w1200,in_stock,1800 INR,Dhanalakshmi Kalamkari,new,Apparel & Accessories > Clothing > Traditional & Ceremonial Clothing > Sarees
DBMD391,Hand-Painted Srikalahasti Pen Kalamkari Bangalore Silk multicoloured Duppatas Saree (DBMD391),"Authentic 100% hand-painted Srikalahasti Pen Kalamkari pure silk saree (Code: DBMD391). Handcrafted with bamboo pens and natural organic vegetable mineral dyes in Srikalahasti, Andhra Pradesh. Fabric: Bangalore Silk multicoloured Duppatas. Direct from Dhanalakshmi Kalamkari master artisans.",https://www.dhanalakshmikalamkari.in/?product=DBMD391,https://lh3.googleusercontent.com/d/1XJow2eIUL35fGqvJjwzpqX8XeDkrefkS=w1200,in_stock,1800 INR,Dhanalakshmi Kalamkari,new,Apparel & Accessories > Clothing > Traditional & Ceremonial Clothing > Sarees
DBMD392,Hand-Painted Srikalahasti Pen Kalamkari Bangalore Silk multicoloured Duppatas Saree (DBMD392),"Authentic 100% hand-painted Srikalahasti Pen Kalamkari pure silk saree (Code: DBMD392). Handcrafted with bamboo pens and natural organic vegetable mineral dyes in Srikalahasti, Andhra Pradesh. Fabric: Bangalore Silk multicoloured Duppatas. Direct from Dhanalakshmi Kalamkari master artisans.",https://www.dhanalakshmikalamkari.in/?product=DBMD392,https://lh3.googleusercontent.com/d/1bEZIRLJiywVVN7do5s3BaDrMv3MoOeYE=w1200,in_stock,1800 INR,Dhanalakshmi Kalamkari,new,Apparel & Accessories > Clothing > Traditional & Ceremonial Clothing > Sarees
DBMD394,Hand-Painted Srikalahasti Pen Kalamkari Bangalore Silk multicoloured Duppatas Saree (DBMD394),"Authentic 100% hand-painted Srikalahasti Pen Kalamkari pure silk saree (Code: DBMD394). Handcrafted with bamboo pens and natural organic vegetable mineral dyes in Srikalahasti, Andhra Pradesh. Fabric: Bangalore Silk multicoloured Duppatas. Direct from Dhanalakshmi Kalamkari master artisans.",https://www.dhanalakshmikalamkari.in/?product=DBMD394,https://lh3.googleusercontent.com/d/1x5ufz3urA3zocn6t5sfTDI8qC1iXwvGL=w1200,in_stock,1800 INR,Dhanalakshmi Kalamkari,new,Apparel & Accessories > Clothing > Traditional & Ceremonial Clothing > Sarees
DBMD395,Hand-Painted Srikalahasti Pen Kalamkari Bangalore Silk multicoloured Duppatas Saree (DBMD395),"Authentic 100% hand-painted Srikalahasti Pen Kalamkari pure silk saree (Code: DBMD395). Handcrafted with bamboo pens and natural organic vegetable mineral dyes in Srikalahasti, Andhra Pradesh. Fabric: Bangalore Silk multicoloured Duppatas. Direct from Dhanalakshmi Kalamkari master artisans.",https://www.dhanalakshmikalamkari.in/?product=DBMD395,https://lh3.googleusercontent.com/d/15JhImaJnl57DbSMvGNq76yJpleFt6LGb=w1200,in_stock,1800 INR,Dhanalakshmi Kalamkari,new,Apparel & Accessories > Clothing > Traditional & Ceremonial Clothing > Sarees
DBMD396,Hand-Painted Srikalahasti Pen Kalamkari Bangalore Silk multicoloured Duppatas Saree (DBMD396),"Authentic 100% hand-painted Srikalahasti Pen Kalamkari pure silk saree (Code: DBMD396). Handcrafted with bamboo pens and natural organic vegetable mineral dyes in Srikalahasti, Andhra Pradesh. Fabric: Bangalore Silk multicoloured Duppatas. Direct from Dhanalakshmi Kalamkari master artisans.",https://www.dhanalakshmikalamkari.in/?product=DBMD396,https://lh3.googleusercontent.com/d/168QRmM4wxRubttZmF1mFOHxTsc5_Edwv=w1200,in_stock,1800 INR,Dhanalakshmi Kalamkari,new,Apparel & Accessories > Clothing > Traditional & Ceremonial Clothing > Sarees
DBMD397,Hand-Painted Srikalahasti Pen Kalamkari Bangalore Silk multicoloured Duppatas Saree (DBMD397),"Authentic 100% hand-painted Srikalahasti Pen Kalamkari pure silk saree (Code: DBMD397). Handcrafted with bamboo pens and natural organic vegetable mineral dyes in Srikalahasti, Andhra Pradesh. Fabric: Bangalore Silk multicoloured Duppatas. Direct from Dhanalakshmi Kalamkari master artisans.",https://www.dhanalakshmikalamkari.in/?product=DBMD397,https://lh3.googleusercontent.com/d/1AsOz6xXmCiqJYi-d7AdW4mA6kbCUWyGc=w1200,in_stock,1800 INR,Dhanalakshmi Kalamkari,new,Apparel & Accessories > Clothing > Traditional & Ceremonial Clothing > Sarees
DBMD398,Hand-Painted Srikalahasti Pen Kalamkari Bangalore Silk multicoloured Duppatas Saree (DBMD398),"Authentic 100% hand-painted Srikalahasti Pen Kalamkari pure silk saree (Code: DBMD398). Handcrafted with bamboo pens and natural organic vegetable mineral dyes in Srikalahasti, Andhra Pradesh. Fabric: Bangalore Silk multicoloured Duppatas. Direct from Dhanalakshmi Kalamkari master artisans.",https://www.dhanalakshmikalamkari.in/?product=DBMD398,https://lh3.googleusercontent.com/d/1H5TrqTtvbx8xb31niu0De7deYdhbmx1Z=w1200,in_stock,1800 INR,Dhanalakshmi Kalamkari,new,Apparel & Accessories > Clothing > Traditional & Ceremonial Clothing > Sarees
DBMD399,Hand-Painted Srikalahasti Pen Kalamkari Bangalore Silk multicoloured Duppatas Saree (DBMD399),"Authentic 100% hand-painted Srikalahasti Pen Kalamkari pure silk saree (Code: DBMD399). Handcrafted with bamboo pens and natural organic vegetable mineral dyes in Srikalahasti, Andhra Pradesh. Fabric: Bangalore Silk multicoloured Duppatas. Direct from Dhanalakshmi Kalamkari master artisans.",https://www.dhanalakshmikalamkari.in/?product=DBMD399,https://lh3.googleusercontent.com/d/1waRdQKKbZx38KqrwrgHmWU3DNywph3A-=w1200,in_stock,1800 INR,Dhanalakshmi Kalamkari,new,Apparel & Accessories > Clothing > Traditional & Ceremonial Clothing > Sarees
DBMD400,Hand-Painted Srikalahasti Pen Kalamkari Bangalore Silk multicoloured Duppatas Saree (DBMD400),"Authentic 100% hand-painted Srikalahasti Pen Kalamkari pure silk saree (Code: DBMD400). Handcrafted with bamboo pens and natural organic vegetable mineral dyes in Srikalahasti, Andhra Pradesh. Fabric: Bangalore Silk multicoloured Duppatas. Direct from Dhanalakshmi Kalamkari master artisans.",https://www.dhanalakshmikalamkari.in/?product=DBMD400,https://lh3.googleusercontent.com/d/1-3nDctoHc7nkvvuQ_jTXsoATp1OB-cC9=w1200,in_stock,1800 INR,Dhanalakshmi Kalamkari,new,Apparel & Accessories > Clothing > Traditional & Ceremonial Clothing > Sarees
DBMD401,Hand-Painted Srikalahasti Pen Kalamkari Bangalore Silk multicoloured Duppatas Saree (DBMD401),"Authentic 100% hand-painted Srikalahasti Pen Kalamkari pure silk saree (Code: DBMD401). Handcrafted with bamboo pens and natural organic vegetable mineral dyes in Srikalahasti, Andhra Pradesh. Fabric: Bangalore Silk multicoloured Duppatas. Direct from Dhanalakshmi Kalamkari master artisans.",https://www.dhanalakshmikalamkari.in/?product=DBMD401,https://lh3.googleusercontent.com/d/172ail0BkrIc1XJ0XmTesfpsajqdrRFvB=w1200,in_stock,1800 INR,Dhanalakshmi Kalamkari,new,Apparel & Accessories > Clothing > Traditional & Ceremonial Clothing > Sarees
DBMD402,Hand-Painted Srikalahasti Pen Kalamkari Bangalore Silk multicoloured Duppatas Saree (DBMD402),"Authentic 100% hand-painted Srikalahasti Pen Kalamkari pure silk saree (Code: DBMD402). Handcrafted with bamboo pens and natural organic vegetable mineral dyes in Srikalahasti, Andhra Pradesh. Fabric: Bangalore Silk multicoloured Duppatas. Direct from Dhanalakshmi Kalamkari master artisans.",https://www.dhanalakshmikalamkari.in/?product=DBMD402,https://lh3.googleusercontent.com/d/19fRDrqsuaZoWkG8WGFJvG_aPxrVQLKXx=w1200,in_stock,1800 INR,Dhanalakshmi Kalamkari,new,Apparel & Accessories > Clothing > Traditional & Ceremonial Clothing > Sarees
DBMD403,Hand-Painted Srikalahasti Pen Kalamkari Bangalore Silk multicoloured Duppatas Saree (DBMD403),"Authentic 100% hand-painted Srikalahasti Pen Kalamkari pure silk saree (Code: DBMD403). Handcrafted with bamboo pens and natural organic vegetable mineral dyes in Srikalahasti, Andhra Pradesh. Fabric: Bangalore Silk multicoloured Duppatas. Direct from Dhanalakshmi Kalamkari master artisans.",https://www.dhanalakshmikalamkari.in/?product=DBMD403,https://lh3.googleusercontent.com/d/1Cmt5WtAG4fcNfYVuG1-hhEoijkCx8-fi=w1200,in_stock,1800 INR,Dhanalakshmi Kalamkari,new,Apparel & Accessories > Clothing > Traditional & Ceremonial Clothing > Sarees
DBMD404,Hand-Painted Srikalahasti Pen Kalamkari Bangalore Silk multicoloured Duppatas Saree (DBMD404),"Authentic 100% hand-painted Srikalahasti Pen Kalamkari pure silk saree (Code: DBMD404). Handcrafted with bamboo pens and natural organic vegetable mineral dyes in Srikalahasti, Andhra Pradesh. Fabric: Bangalore Silk multicoloured Duppatas. Direct from Dhanalakshmi Kalamkari master artisans.",https://www.dhanalakshmikalamkari.in/?product=DBMD404,https://lh3.googleusercontent.com/d/1Hdp_EWm8aO4wTVli8V96g2e3qBYnLE96=w1200,in_stock,1800 INR,Dhanalakshmi Kalamkari,new,Apparel & Accessories > Clothing > Traditional & Ceremonial Clothing > Sarees
DBMD405,Hand-Painted Srikalahasti Pen Kalamkari Bangalore Silk multicoloured Duppatas Saree (DBMD405),"Authentic 100% hand-painted Srikalahasti Pen Kalamkari pure silk saree (Code: DBMD405). Handcrafted with bamboo pens and natural organic vegetable mineral dyes in Srikalahasti, Andhra Pradesh. Fabric: Bangalore Silk multicoloured Duppatas. Direct from Dhanalakshmi Kalamkari master artisans.",https://www.dhanalakshmikalamkari.in/?product=DBMD405,https://lh3.googleusercontent.com/d/1KiuLJw8dRVf6bC7B2BTdLt6U5yYxoGWi=w1200,in_stock,1800 INR,Dhanalakshmi Kalamkari,new,Apparel & Accessories > Clothing > Traditional & Ceremonial Clothing > Sarees
DBMD406,Hand-Painted Srikalahasti Pen Kalamkari Bangalore Silk multicoloured Duppatas Saree (DBMD406),"Authentic 100% hand-painted Srikalahasti Pen Kalamkari pure silk saree (Code: DBMD406). Handcrafted with bamboo pens and natural organic vegetable mineral dyes in Srikalahasti, Andhra Pradesh. Fabric: Bangalore Silk multicoloured Duppatas. Direct from Dhanalakshmi Kalamkari master artisans.",https://www.dhanalakshmikalamkari.in/?product=DBMD406,https://lh3.googleusercontent.com/d/1NN1pYJz6v1WlwEhiT0568_kk2dBYHJ2C=w1200,in_stock,1800 INR,Dhanalakshmi Kalamkari,new,Apparel & Accessories > Clothing > Traditional & Ceremonial Clothing > Sarees
DBMD407,Hand-Painted Srikalahasti Pen Kalamkari Bangalore Silk multicoloured Duppatas Saree (DBMD407),"Authentic 100% hand-painted Srikalahasti Pen Kalamkari pure silk saree (Code: DBMD407). Handcrafted with bamboo pens and natural organic vegetable mineral dyes in Srikalahasti, Andhra Pradesh. Fabric: Bangalore Silk multicoloured Duppatas. Direct from Dhanalakshmi Kalamkari master artisans.",https://www.dhanalakshmikalamkari.in/?product=DBMD407,https://lh3.googleusercontent.com/d/1StmWJtR3cSiVFJ62wgcwdoHPOdGc_Krc=w1200,in_stock,1800 INR,Dhanalakshmi Kalamkari,new,Apparel & Accessories > Clothing > Traditional & Ceremonial Clothing > Sarees
DBMD408,Hand-Painted Srikalahasti Pen Kalamkari Bangalore Silk multicoloured Duppatas Saree (DBMD408),"Authentic 100% hand-painted Srikalahasti Pen Kalamkari pure silk saree (Code: DBMD408). Handcrafted with bamboo pens and natural organic vegetable mineral dyes in Srikalahasti, Andhra Pradesh. Fabric: Bangalore Silk multicoloured Duppatas. Direct from Dhanalakshmi Kalamkari master artisans.",https://www.dhanalakshmikalamkari.in/?product=DBMD408,https://lh3.googleusercontent.com/d/1V4UE2YZmOXMo3b9DBiAMg1xVSWvjr-Bm=w1200,in_stock,1800 INR,Dhanalakshmi Kalamkari,new,Apparel & Accessories > Clothing > Traditional & Ceremonial Clothing > Sarees
DBMD409,Hand-Painted Srikalahasti Pen Kalamkari Bangalore Silk multicoloured Duppatas Saree (DBMD409),"Authentic 100% hand-painted Srikalahasti Pen Kalamkari pure silk saree (Code: DBMD409). Handcrafted with bamboo pens and natural organic vegetable mineral dyes in Srikalahasti, Andhra Pradesh. Fabric: Bangalore Silk multicoloured Duppatas. Direct from Dhanalakshmi Kalamkari master artisans.",https://www.dhanalakshmikalamkari.in/?product=DBMD409,https://lh3.googleusercontent.com/d/1XLLZlWqGBQyPBhSqcMcgqRS1NAgeiv1y=w1200,in_stock,1800 INR,Dhanalakshmi Kalamkari,new,Apparel & Accessories > Clothing > Traditional & Ceremonial Clothing > Sarees
DBMD410,Hand-Painted Srikalahasti Pen Kalamkari Bangalore Silk multicoloured Duppatas Saree (DBMD410),"Authentic 100% hand-painted Srikalahasti Pen Kalamkari pure silk saree (Code: DBMD410). Handcrafted with bamboo pens and natural organic vegetable mineral dyes in Srikalahasti, Andhra Pradesh. Fabric: Bangalore Silk multicoloured Duppatas. Direct from Dhanalakshmi Kalamkari master artisans.",https://www.dhanalakshmikalamkari.in/?product=DBMD410,https://lh3.googleusercontent.com/d/1cHe4vz6ee7Sj163OIrNRzIQDfxTRwnLc=w1200,in_stock,1800 INR,Dhanalakshmi Kalamkari,new,Apparel & Accessories > Clothing > Traditional & Ceremonial Clothing > Sarees
DBMD411,Hand-Painted Srikalahasti Pen Kalamkari Bangalore Silk multicoloured Duppatas Saree (DBMD411),"Authentic 100% hand-painted Srikalahasti Pen Kalamkari pure silk saree (Code: DBMD411). Handcrafted with bamboo pens and natural organic vegetable mineral dyes in Srikalahasti, Andhra Pradesh. Fabric: Bangalore Silk multicoloured Duppatas. Direct from Dhanalakshmi Kalamkari master artisans.",https://www.dhanalakshmikalamkari.in/?product=DBMD411,https://lh3.googleusercontent.com/d/1f0AZMagm1cIAsuIb2xgsxmlQwuZtg3Sa=w1200,in_stock,1800 INR,Dhanalakshmi Kalamkari,new,Apparel & Accessories > Clothing > Traditional & Ceremonial Clothing > Sarees
DBMD412,Hand-Painted Srikalahasti Pen Kalamkari Bangalore Silk multicoloured Duppatas Saree (DBMD412),"Authentic 100% hand-painted Srikalahasti Pen Kalamkari pure silk saree (Code: DBMD412). Handcrafted with bamboo pens and natural organic vegetable mineral dyes in Srikalahasti, Andhra Pradesh. Fabric: Bangalore Silk multicoloured Duppatas. Direct from Dhanalakshmi Kalamkari master artisans.",https://www.dhanalakshmikalamkari.in/?product=DBMD412,https://lh3.googleusercontent.com/d/1md7sBEB-rZKrjYSZ4_psbxd4zQif_ovv=w1200,in_stock,1800 INR,Dhanalakshmi Kalamkari,new,Apparel & Accessories > Clothing > Traditional & Ceremonial Clothing > Sarees
DBMD413,Hand-Painted Srikalahasti Pen Kalamkari Bangalore Silk multicoloured Duppatas Saree (DBMD413),"Authentic 100% hand-painted Srikalahasti Pen Kalamkari pure silk saree (Code: DBMD413). Handcrafted with bamboo pens and natural organic vegetable mineral dyes in Srikalahasti, Andhra Pradesh. Fabric: Bangalore Silk multicoloured Duppatas. Direct from Dhanalakshmi Kalamkari master artisans.",https://www.dhanalakshmikalamkari.in/?product=DBMD413,https://lh3.googleusercontent.com/d/1rxXRD-jNvOmakHZ1Hb6Z_Y2eRjyW-DdD=w1200,in_stock,1800 INR,Dhanalakshmi Kalamkari,new,Apparel & Accessories > Clothing > Traditional & Ceremonial Clothing > Sarees
DBMD414,Hand-Painted Srikalahasti Pen Kalamkari Bangalore Silk multicoloured Duppatas Saree (DBMD414),"Authentic 100% hand-painted Srikalahasti Pen Kalamkari pure silk saree (Code: DBMD414). Handcrafted with bamboo pens and natural organic vegetable mineral dyes in Srikalahasti, Andhra Pradesh. Fabric: Bangalore Silk multicoloured Duppatas. Direct from Dhanalakshmi Kalamkari master artisans.",https://www.dhanalakshmikalamkari.in/?product=DBMD414,https://lh3.googleusercontent.com/d/10nMAoqXEc396GpkvN8wQNw1XyMRff-ri=w1200,in_stock,1800 INR,Dhanalakshmi Kalamkari,new,Apparel & Accessories > Clothing > Traditional & Ceremonial Clothing > Sarees
DBMD415,Hand-Painted Srikalahasti Pen Kalamkari Bangalore Silk multicoloured Duppatas Saree (DBMD415),"Authentic 100% hand-painted Srikalahasti Pen Kalamkari pure silk saree (Code: DBMD415). Handcrafted with bamboo pens and natural organic vegetable mineral dyes in Srikalahasti, Andhra Pradesh. Fabric: Bangalore Silk multicoloured Duppatas. Direct from Dhanalakshmi Kalamkari master artisans.",https://www.dhanalakshmikalamkari.in/?product=DBMD415,https://lh3.googleusercontent.com/d/13kGHlk3iFsZkgZ-BHYRwk7i-JUohw8G6=w1200,in_stock,1800 INR,Dhanalakshmi Kalamkari,new,Apparel & Accessories > Clothing > Traditional & Ceremonial Clothing > Sarees
DBMD420,Hand-Painted Srikalahasti Pen Kalamkari Bangalore Silk multicoloured Duppatas Saree (DBMD420),"Authentic 100% hand-painted Srikalahasti Pen Kalamkari pure silk saree (Code: DBMD420). Handcrafted with bamboo pens and natural organic vegetable mineral dyes in Srikalahasti, Andhra Pradesh. Fabric: Bangalore Silk multicoloured Duppatas. Direct from Dhanalakshmi Kalamkari master artisans.",https://www.dhanalakshmikalamkari.in/?product=DBMD420,https://lh3.googleusercontent.com/d/1GhgdrdaLHdmGtrqKMD1cNJvrXsME78ZC=w1200,in_stock,1800 INR,Dhanalakshmi Kalamkari,new,Apparel & Accessories > Clothing > Traditional & Ceremonial Clothing > Sarees
DBMD416,Hand-Painted Srikalahasti Pen Kalamkari Bangalore Silk multicoloured Duppatas Saree (DBMD416),"Authentic 100% hand-painted Srikalahasti Pen Kalamkari pure silk saree (Code: DBMD416). Handcrafted with bamboo pens and natural organic vegetable mineral dyes in Srikalahasti, Andhra Pradesh. Fabric: Bangalore Silk multicoloured Duppatas. Direct from Dhanalakshmi Kalamkari master artisans.",https://www.dhanalakshmikalamkari.in/?product=DBMD416,https://lh3.googleusercontent.com/d/1HqIyGTVG-KAa462uU4mqRyaWLbOdT5_K=w1200,in_stock,1800 INR,Dhanalakshmi Kalamkari,new,Apparel & Accessories > Clothing > Traditional & Ceremonial Clothing > Sarees
DBMD421,Hand-Painted Srikalahasti Pen Kalamkari Bangalore Silk multicoloured Duppatas Saree (DBMD421),"Authentic 100% hand-painted Srikalahasti Pen Kalamkari pure silk saree (Code: DBMD421). Handcrafted with bamboo pens and natural organic vegetable mineral dyes in Srikalahasti, Andhra Pradesh. Fabric: Bangalore Silk multicoloured Duppatas. Direct from Dhanalakshmi Kalamkari master artisans.",https://www.dhanalakshmikalamkari.in/?product=DBMD421,https://lh3.googleusercontent.com/d/1JIwd1bVGnM-P05wc8iqdAV2_1z4M3DQO=w1200,in_stock,1800 INR,Dhanalakshmi Kalamkari,new,Apparel & Accessories > Clothing > Traditional & Ceremonial Clothing > Sarees
DBMD417,Hand-Painted Srikalahasti Pen Kalamkari Bangalore Silk multicoloured Duppatas Saree (DBMD417),"Authentic 100% hand-painted Srikalahasti Pen Kalamkari pure silk saree (Code: DBMD417). Handcrafted with bamboo pens and natural organic vegetable mineral dyes in Srikalahasti, Andhra Pradesh. Fabric: Bangalore Silk multicoloured Duppatas. Direct from Dhanalakshmi Kalamkari master artisans.",https://www.dhanalakshmikalamkari.in/?product=DBMD417,https://lh3.googleusercontent.com/d/1KgGQT-PBjq5RJ8Py2OOp15oqSuozf2Us=w1200,in_stock,1800 INR,Dhanalakshmi Kalamkari,new,Apparel & Accessories > Clothing > Traditional & Ceremonial Clothing > Sarees
DBMD422,Hand-Painted Srikalahasti Pen Kalamkari Bangalore Silk multicoloured Duppatas Saree (DBMD422),"Authentic 100% hand-painted Srikalahasti Pen Kalamkari pure silk saree (Code: DBMD422). Handcrafted with bamboo pens and natural organic vegetable mineral dyes in Srikalahasti, Andhra Pradesh. Fabric: Bangalore Silk multicoloured Duppatas. Direct from Dhanalakshmi Kalamkari master artisans.",https://www.dhanalakshmikalamkari.in/?product=DBMD422,https://lh3.googleusercontent.com/d/1Lvme0XHu9mCfNM9LS_C1tDaTerleU5kj=w1200,in_stock,1800 INR,Dhanalakshmi Kalamkari,new,Apparel & Accessories > Clothing > Traditional & Ceremonial Clothing > Sarees
DBMD423,Hand-Painted Srikalahasti Pen Kalamkari Bangalore Silk multicoloured Duppatas Saree (DBMD423),"Authentic 100% hand-painted Srikalahasti Pen Kalamkari pure silk saree (Code: DBMD423). Handcrafted with bamboo pens and natural organic vegetable mineral dyes in Srikalahasti, Andhra Pradesh. Fabric: Bangalore Silk multicoloured Duppatas. Direct from Dhanalakshmi Kalamkari master artisans.",https://www.dhanalakshmikalamkari.in/?product=DBMD423,https://lh3.googleusercontent.com/d/1SN_SOF42f7RuykbPETrs06v4hrj7BNQ6=w1200,in_stock,1800 INR,Dhanalakshmi Kalamkari,new,Apparel & Accessories > Clothing > Traditional & Ceremonial Clothing > Sarees
DBMD418,Hand-Painted Srikalahasti Pen Kalamkari Bangalore Silk multicoloured Duppatas Saree (DBMD418),"Authentic 100% hand-painted Srikalahasti Pen Kalamkari pure silk saree (Code: DBMD418). Handcrafted with bamboo pens and natural organic vegetable mineral dyes in Srikalahasti, Andhra Pradesh. Fabric: Bangalore Silk multicoloured Duppatas. Direct from Dhanalakshmi Kalamkari master artisans.",https://www.dhanalakshmikalamkari.in/?product=DBMD418,https://lh3.googleusercontent.com/d/1aHQoMpOZpk21H8NL-25ZOWe1_CCU7moK=w1200,in_stock,1800 INR,Dhanalakshmi Kalamkari,new,Apparel & Accessories > Clothing > Traditional & Ceremonial Clothing > Sarees
DBMD424,Hand-Painted Srikalahasti Pen Kalamkari Bangalore Silk multicoloured Duppatas Saree (DBMD424),"Authentic 100% hand-painted Srikalahasti Pen Kalamkari pure silk saree (Code: DBMD424). Handcrafted with bamboo pens and natural organic vegetable mineral dyes in Srikalahasti, Andhra Pradesh. Fabric: Bangalore Silk multicoloured Duppatas. Direct from Dhanalakshmi Kalamkari master artisans.",https://www.dhanalakshmikalamkari.in/?product=DBMD424,https://lh3.googleusercontent.com/d/1gexwnmzbyDQaNtKxVsqDEvcZGxgVEz-I=w1200,in_stock,1800 INR,Dhanalakshmi Kalamkari,new,Apparel & Accessories > Clothing > Traditional & Ceremonial Clothing > Sarees
DBMD425,Hand-Painted Srikalahasti Pen Kalamkari Bangalore Silk multicoloured Duppatas Saree (DBMD425),"Authentic 100% hand-painted Srikalahasti Pen Kalamkari pure silk saree (Code: DBMD425). Handcrafted with bamboo pens and natural organic vegetable mineral dyes in Srikalahasti, Andhra Pradesh. Fabric: Bangalore Silk multicoloured Duppatas. Direct from Dhanalakshmi Kalamkari master artisans.",https://www.dhanalakshmikalamkari.in/?product=DBMD425,https://lh3.googleusercontent.com/d/1nXaSdjpqYzxYul99eNSpKMnWQM7GKLVX=w1200,in_stock,1800 INR,Dhanalakshmi Kalamkari,new,Apparel & Accessories > Clothing > Traditional & Ceremonial Clothing > Sarees
DBMD426,Hand-Painted Srikalahasti Pen Kalamkari Bangalore Silk multicoloured Duppatas Saree (DBMD426),"Authentic 100% hand-painted Srikalahasti Pen Kalamkari pure silk saree (Code: DBMD426). Handcrafted with bamboo pens and natural organic vegetable mineral dyes in Srikalahasti, Andhra Pradesh. Fabric: Bangalore Silk multicoloured Duppatas. Direct from Dhanalakshmi Kalamkari master artisans.",https://www.dhanalakshmikalamkari.in/?product=DBMD426,https://lh3.googleusercontent.com/d/1sY3A6bmjwMf8iolMnd8KFI2nF3xzpiuM=w1200,in_stock,1800 INR,Dhanalakshmi Kalamkari,new,Apparel & Accessories > Clothing > Traditional & Ceremonial Clothing > Sarees
DBMD427,Hand-Painted Srikalahasti Pen Kalamkari Bangalore Silk multicoloured Duppatas Saree (DBMD427),"Authentic 100% hand-painted Srikalahasti Pen Kalamkari pure silk saree (Code: DBMD427). Handcrafted with bamboo pens and natural organic vegetable mineral dyes in Srikalahasti, Andhra Pradesh. Fabric: Bangalore Silk multicoloured Duppatas. Direct from Dhanalakshmi Kalamkari master artisans.",https://www.dhanalakshmikalamkari.in/?product=DBMD427,https://lh3.googleusercontent.com/d/11anmcFjE_n0hhWIvgImcZkLGLgNc8FZY=w1200,in_stock,1800 INR,Dhanalakshmi Kalamkari,new,Apparel & Accessories > Clothing > Traditional & Ceremonial Clothing > Sarees
DBMD428,Hand-Painted Srikalahasti Pen Kalamkari Bangalore Silk multicoloured Duppatas Saree (DBMD428),"Authentic 100% hand-painted Srikalahasti Pen Kalamkari pure silk saree (Code: DBMD428). Handcrafted with bamboo pens and natural organic vegetable mineral dyes in Srikalahasti, Andhra Pradesh. Fabric: Bangalore Silk multicoloured Duppatas. Direct from Dhanalakshmi Kalamkari master artisans.",https://www.dhanalakshmikalamkari.in/?product=DBMD428,https://lh3.googleusercontent.com/d/1zQc45ikSWk8Clj6iqQuNZf3Vx4MsjB9H=w1200,in_stock,1800 INR,Dhanalakshmi Kalamkari,new,Apparel & Accessories > Clothing > Traditional & Ceremonial Clothing > Sarees
DBMD429,Hand-Painted Srikalahasti Pen Kalamkari Bangalore Silk multicoloured Duppatas Saree (DBMD429),"Authentic 100% hand-painted Srikalahasti Pen Kalamkari pure silk saree (Code: DBMD429). Handcrafted with bamboo pens and natural organic vegetable mineral dyes in Srikalahasti, Andhra Pradesh. Fabric: Bangalore Silk multicoloured Duppatas. Direct from Dhanalakshmi Kalamkari master artisans.",https://www.dhanalakshmikalamkari.in/?product=DBMD429,https://lh3.googleusercontent.com/d/1bfxHLdM4564bg_aHiHfKVPj84BH8QcaF=w1200,in_stock,1800 INR,Dhanalakshmi Kalamkari,new,Apparel & Accessories > Clothing > Traditional & Ceremonial Clothing > Sarees
DBMD430,Hand-Painted Srikalahasti Pen Kalamkari Bangalore Silk multicoloured Duppatas Saree (DBMD430),"Authentic 100% hand-painted Srikalahasti Pen Kalamkari pure silk saree (Code: DBMD430). Handcrafted with bamboo pens and natural organic vegetable mineral dyes in Srikalahasti, Andhra Pradesh. Fabric: Bangalore Silk multicoloured Duppatas. Direct from Dhanalakshmi Kalamkari master artisans.",https://www.dhanalakshmikalamkari.in/?product=DBMD430,https://lh3.googleusercontent.com/d/1owE6QKLb9igm3acln5YmmZM-GpyypqvD=w1200,in_stock,1800 INR,Dhanalakshmi Kalamkari,new,Apparel & Accessories > Clothing > Traditional & Ceremonial Clothing > Sarees
DBMD431,Hand-Painted Srikalahasti Pen Kalamkari Bangalore Silk multicoloured Duppatas Saree (DBMD431),"Authentic 100% hand-painted Srikalahasti Pen Kalamkari pure silk saree (Code: DBMD431). Handcrafted with bamboo pens and natural organic vegetable mineral dyes in Srikalahasti, Andhra Pradesh. Fabric: Bangalore Silk multicoloured Duppatas. Direct from Dhanalakshmi Kalamkari master artisans.",https://www.dhanalakshmikalamkari.in/?product=DBMD431,https://lh3.googleusercontent.com/d/1McuZQvF8rPi8bXHiiChBP_iC4v7ND0sb=w1200,in_stock,1800 INR,Dhanalakshmi Kalamkari,new,Apparel & Accessories > Clothing > Traditional & Ceremonial Clothing > Sarees
DBMD432,Hand-Painted Srikalahasti Pen Kalamkari Bangalore Silk multicoloured Duppatas Saree (DBMD432),"Authentic 100% hand-painted Srikalahasti Pen Kalamkari pure silk saree (Code: DBMD432). Handcrafted with bamboo pens and natural organic vegetable mineral dyes in Srikalahasti, Andhra Pradesh. Fabric: Bangalore Silk multicoloured Duppatas. Direct from Dhanalakshmi Kalamkari master artisans.",https://www.dhanalakshmikalamkari.in/?product=DBMD432,https://lh3.googleusercontent.com/d/1p4KnwtbKoROhO1xy7Fp-kF_SEv_zzEII=w1200,in_stock,1800 INR,Dhanalakshmi Kalamkari,new,Apparel & Accessories > Clothing > Traditional & Ceremonial Clothing > Sarees
DBMD434,Hand-Painted Srikalahasti Pen Kalamkari Bangalore Silk multicoloured Duppatas Saree (DBMD434),"Authentic 100% hand-painted Srikalahasti Pen Kalamkari pure silk saree (Code: DBMD434). Handcrafted with bamboo pens and natural organic vegetable mineral dyes in Srikalahasti, Andhra Pradesh. Fabric: Bangalore Silk multicoloured Duppatas. Direct from Dhanalakshmi Kalamkari master artisans.",https://www.dhanalakshmikalamkari.in/?product=DBMD434,https://lh3.googleusercontent.com/d/1T7t_KsV7hfMjJEU2TjZ1mt1pHt3oz9mV=w1200,in_stock,1800 INR,Dhanalakshmi Kalamkari,new,Apparel & Accessories > Clothing > Traditional & Ceremonial Clothing > Sarees
DBMD435,Hand-Painted Srikalahasti Pen Kalamkari Bangalore Silk multicoloured Duppatas Saree (DBMD435),"Authentic 100% hand-painted Srikalahasti Pen Kalamkari pure silk saree (Code: DBMD435). Handcrafted with bamboo pens and natural organic vegetable mineral dyes in Srikalahasti, Andhra Pradesh. Fabric: Bangalore Silk multicoloured Duppatas. Direct from Dhanalakshmi Kalamkari master artisans.",https://www.dhanalakshmikalamkari.in/?product=DBMD435,https://lh3.googleusercontent.com/d/1VUUlCEb1pvkC65w02wEI0g5CorViyvEb=w1200,in_stock,1800 INR,Dhanalakshmi Kalamkari,new,Apparel & Accessories > Clothing > Traditional & Ceremonial Clothing > Sarees
DBSD041,Hand-Painted Srikalahasti Pen Kalamkari Bangalore Silk multicoloured Duppatas Saree (DBSD041),"Authentic 100% hand-painted Srikalahasti Pen Kalamkari pure silk saree (Code: DBSD041). Handcrafted with bamboo pens and natural organic vegetable mineral dyes in Srikalahasti, Andhra Pradesh. Fabric: Bangalore Silk multicoloured Duppatas. Direct from Dhanalakshmi Kalamkari master artisans.",https://www.dhanalakshmikalamkari.in/?product=DBSD041,https://lh3.googleusercontent.com/d/1IPIbTk2dAIbhQz2sYA1oEGmrWalH3ixp=w1200,in_stock,2500 INR,Dhanalakshmi Kalamkari,new,Apparel & Accessories > Clothing > Traditional & Ceremonial Clothing > Sarees
DBSD042,Hand-Painted Srikalahasti Pen Kalamkari Bangalore Silk multicoloured Duppatas Saree (DBSD042),"Authentic 100% hand-painted Srikalahasti Pen Kalamkari pure silk saree (Code: DBSD042). Handcrafted with bamboo pens and natural organic vegetable mineral dyes in Srikalahasti, Andhra Pradesh. Fabric: Bangalore Silk multicoloured Duppatas. Direct from Dhanalakshmi Kalamkari master artisans.",https://www.dhanalakshmikalamkari.in/?product=DBSD042,https://lh3.googleusercontent.com/d/1kjMDU0AqvQBjJqCenAQjD5mr7FjN8tXf=w1200,in_stock,2500 INR,Dhanalakshmi Kalamkari,new,Apparel & Accessories > Clothing > Traditional & Ceremonial Clothing > Sarees
DBSD043,Hand-Painted Srikalahasti Pen Kalamkari Bangalore Silk multicoloured Duppatas Saree (DBSD043),"Authentic 100% hand-painted Srikalahasti Pen Kalamkari pure silk saree (Code: DBSD043). Handcrafted with bamboo pens and natural organic vegetable mineral dyes in Srikalahasti, Andhra Pradesh. Fabric: Bangalore Silk multicoloured Duppatas. Direct from Dhanalakshmi Kalamkari master artisans.",https://www.dhanalakshmikalamkari.in/?product=DBSD043,https://lh3.googleusercontent.com/d/1MP9Gf9p4V4QduJ2Ke5n2Qea1UHJmofhD=w1200,in_stock,2500 INR,Dhanalakshmi Kalamkari,new,Apparel & Accessories > Clothing > Traditional & Ceremonial Clothing > Sarees
DPUR043,Hand-Painted Srikalahasti Pen Kalamkari Pure kanchipuram floral duppatas Saree (DPUR043),"Authentic 100% hand-painted Srikalahasti Pen Kalamkari pure silk saree (Code: DPUR043). Handcrafted with bamboo pens and natural organic vegetable mineral dyes in Srikalahasti, Andhra Pradesh. Fabric: Pure kanchipuram floral duppatas. Direct from Dhanalakshmi Kalamkari master artisans.",https://www.dhanalakshmikalamkari.in/?product=DPUR043,https://lh3.googleusercontent.com/d/1-zyS9let4y5oGbLnsMo86R9QLe0Zzege=w1200,in_stock,12500 INR,Dhanalakshmi Kalamkari,new,Apparel & Accessories > Clothing > Traditional & Ceremonial Clothing > Sarees
DPUR044,Hand-Painted Srikalahasti Pen Kalamkari Pure kanchipuram floral duppatas Saree (DPUR044),"Authentic 100% hand-painted Srikalahasti Pen Kalamkari pure silk saree (Code: DPUR044). Handcrafted with bamboo pens and natural organic vegetable mineral dyes in Srikalahasti, Andhra Pradesh. Fabric: Pure kanchipuram floral duppatas. Direct from Dhanalakshmi Kalamkari master artisans.",https://www.dhanalakshmikalamkari.in/?product=DPUR044,https://lh3.googleusercontent.com/d/1Uki3p4SV-DwzcvCLXrLFbAfgp0OBBroz=w1200,in_stock,12500 INR,Dhanalakshmi Kalamkari,new,Apparel & Accessories > Clothing > Traditional & Ceremonial Clothing > Sarees
DPUR045,Hand-Painted Srikalahasti Pen Kalamkari Pure kanchipuram floral duppatas Saree (DPUR045),"Authentic 100% hand-painted Srikalahasti Pen Kalamkari pure silk saree (Code: DPUR045). Handcrafted with bamboo pens and natural organic vegetable mineral dyes in Srikalahasti, Andhra Pradesh. Fabric: Pure kanchipuram floral duppatas. Direct from Dhanalakshmi Kalamkari master artisans.",https://www.dhanalakshmikalamkari.in/?product=DPUR045,https://lh3.googleusercontent.com/d/16M_aYhKdhI0ZFUm6mDLwoLbiV9Hg-dqo=w1200,in_stock,12500 INR,Dhanalakshmi Kalamkari,new,Apparel & Accessories > Clothing > Traditional & Ceremonial Clothing > Sarees
DPUR047,Hand-Painted Srikalahasti Pen Kalamkari Pure kanchipuram floral duppatas Saree (DPUR047),"Authentic 100% hand-painted Srikalahasti Pen Kalamkari pure silk saree (Code: DPUR047). Handcrafted with bamboo pens and natural organic vegetable mineral dyes in Srikalahasti, Andhra Pradesh. Fabric: Pure kanchipuram floral duppatas. Direct from Dhanalakshmi Kalamkari master artisans.",https://www.dhanalakshmikalamkari.in/?product=DPUR047,https://lh3.googleusercontent.com/d/1x7lKqacpdkFI5lfrhw6GjsiQACuYZP7o=w1200,in_stock,12500 INR,Dhanalakshmi Kalamkari,new,Apparel & Accessories > Clothing > Traditional & Ceremonial Clothing > Sarees
DPUR050,Hand-Painted Srikalahasti Pen Kalamkari Pure kanchipuram floral duppatas Saree (DPUR050),"Authentic 100% hand-painted Srikalahasti Pen Kalamkari pure silk saree (Code: DPUR050). Handcrafted with bamboo pens and natural organic vegetable mineral dyes in Srikalahasti, Andhra Pradesh. Fabric: Pure kanchipuram floral duppatas. Direct from Dhanalakshmi Kalamkari master artisans.",https://www.dhanalakshmikalamkari.in/?product=DPUR050,https://lh3.googleusercontent.com/d/1FSEk7SsHPawOaStuZ7V49nDdB2sBoTEi=w1200,in_stock,12500 INR,Dhanalakshmi Kalamkari,new,Apparel & Accessories > Clothing > Traditional & Ceremonial Clothing > Sarees
DPUR051,Hand-Painted Srikalahasti Pen Kalamkari Pure kanchipuram floral duppatas Saree (DPUR051),"Authentic 100% hand-painted Srikalahasti Pen Kalamkari pure silk saree (Code: DPUR051). Handcrafted with bamboo pens and natural organic vegetable mineral dyes in Srikalahasti, Andhra Pradesh. Fabric: Pure kanchipuram floral duppatas. Direct from Dhanalakshmi Kalamkari master artisans.",https://www.dhanalakshmikalamkari.in/?product=DPUR051,https://lh3.googleusercontent.com/d/1oWQRVZxlJBx1slVDXXEOVQiLr_r58m_Q=w1200,in_stock,12500 INR,Dhanalakshmi Kalamkari,new,Apparel & Accessories > Clothing > Traditional & Ceremonial Clothing > Sarees
DPUR052,Hand-Painted Srikalahasti Pen Kalamkari Pure kanchipuram floral duppatas Saree (DPUR052),"Authentic 100% hand-painted Srikalahasti Pen Kalamkari pure silk saree (Code: DPUR052). Handcrafted with bamboo pens and natural organic vegetable mineral dyes in Srikalahasti, Andhra Pradesh. Fabric: Pure kanchipuram floral duppatas. Direct from Dhanalakshmi Kalamkari master artisans.",https://www.dhanalakshmikalamkari.in/?product=DPUR052,https://lh3.googleusercontent.com/d/1IUURSuYeHTVE2Z9NTP8d5Ti_NQBvAt4C=w1200,in_stock,12500 INR,Dhanalakshmi Kalamkari,new,Apparel & Accessories > Clothing > Traditional & Ceremonial Clothing > Sarees
DPUR053,Hand-Painted Srikalahasti Pen Kalamkari Pure kanchipuram floral duppatas Saree (DPUR053),"Authentic 100% hand-painted Srikalahasti Pen Kalamkari pure silk saree (Code: DPUR053). Handcrafted with bamboo pens and natural organic vegetable mineral dyes in Srikalahasti, Andhra Pradesh. Fabric: Pure kanchipuram floral duppatas. Direct from Dhanalakshmi Kalamkari master artisans.",https://www.dhanalakshmikalamkari.in/?product=DPUR053,https://lh3.googleusercontent.com/d/1yFgkmmj9wWitB6dQpgSgqoWrF-v2Rh2M=w1200,in_stock,12500 INR,Dhanalakshmi Kalamkari,new,Apparel & Accessories > Clothing > Traditional & Ceremonial Clothing > Sarees
DCHE067,Hand-Painted Srikalahasti Pen Kalamkari Chennuri Silk black&white Sarees Saree (DCHE067),"Authentic 100% hand-painted Srikalahasti Pen Kalamkari pure silk saree (Code: DCHE067). Handcrafted with bamboo pens and natural organic vegetable mineral dyes in Srikalahasti, Andhra Pradesh. Fabric: Chennuri Silk black&white Sarees. Direct from Dhanalakshmi Kalamkari master artisans.",https://www.dhanalakshmikalamkari.in/?product=DCHE067,https://lh3.googleusercontent.com/d/1AG17UCnCEv61hSz-3wFKGwcu41vXE-li=w1200,in_stock,3500 INR,Dhanalakshmi Kalamkari,new,Apparel & Accessories > Clothing > Traditional & Ceremonial Clothing > Sarees
DCHE068,Hand-Painted Srikalahasti Pen Kalamkari Chennuri Silk black&white Sarees Saree (DCHE068),"Authentic 100% hand-painted Srikalahasti Pen Kalamkari pure silk saree (Code: DCHE068). Handcrafted with bamboo pens and natural organic vegetable mineral dyes in Srikalahasti, Andhra Pradesh. Fabric: Chennuri Silk black&white Sarees. Direct from Dhanalakshmi Kalamkari master artisans.",https://www.dhanalakshmikalamkari.in/?product=DCHE068,https://lh3.googleusercontent.com/d/1-NsDPlJtYLw7HVhCl1oYSULG98mlYKNM=w1200,in_stock,3500 INR,Dhanalakshmi Kalamkari,new,Apparel & Accessories > Clothing > Traditional & Ceremonial Clothing > Sarees
DCHE069,Hand-Painted Srikalahasti Pen Kalamkari Chennuri Silk black&white Sarees Saree (DCHE069),"Authentic 100% hand-painted Srikalahasti Pen Kalamkari pure silk saree (Code: DCHE069). Handcrafted with bamboo pens and natural organic vegetable mineral dyes in Srikalahasti, Andhra Pradesh. Fabric: Chennuri Silk black&white Sarees. Direct from Dhanalakshmi Kalamkari master artisans.",https://www.dhanalakshmikalamkari.in/?product=DCHE069,https://lh3.googleusercontent.com/d/14ow2i1Wj87L9Lkk0UwPXjpW1tAgi_0OC=w1200,in_stock,3500 INR,Dhanalakshmi Kalamkari,new,Apparel & Accessories > Clothing > Traditional & Ceremonial Clothing > Sarees
DCHE070,Hand-Painted Srikalahasti Pen Kalamkari Chennuri Silk black&white Sarees Saree (DCHE070),"Authentic 100% hand-painted Srikalahasti Pen Kalamkari pure silk saree (Code: DCHE070). Handcrafted with bamboo pens and natural organic vegetable mineral dyes in Srikalahasti, Andhra Pradesh. Fabric: Chennuri Silk black&white Sarees. Direct from Dhanalakshmi Kalamkari master artisans.",https://www.dhanalakshmikalamkari.in/?product=DCHE070,https://lh3.googleusercontent.com/d/1YRkTyHkyc8xEH10WUgsTYkHtWn_wAjIp=w1200,in_stock,3500 INR,Dhanalakshmi Kalamkari,new,Apparel & Accessories > Clothing > Traditional & Ceremonial Clothing > Sarees
DCHE071,Hand-Painted Srikalahasti Pen Kalamkari Chennuri Silk black&white Sarees Saree (DCHE071),"Authentic 100% hand-painted Srikalahasti Pen Kalamkari pure silk saree (Code: DCHE071). Handcrafted with bamboo pens and natural organic vegetable mineral dyes in Srikalahasti, Andhra Pradesh. Fabric: Chennuri Silk black&white Sarees. Direct from Dhanalakshmi Kalamkari master artisans.",https://www.dhanalakshmikalamkari.in/?product=DCHE071,https://lh3.googleusercontent.com/d/10tw22UYZGvriEmYshBHyr2uacLAmDmfW=w1200,in_stock,3500 INR,Dhanalakshmi Kalamkari,new,Apparel & Accessories > Clothing > Traditional & Ceremonial Clothing > Sarees
DCHE072,Hand-Painted Srikalahasti Pen Kalamkari Chennuri Silk black&white Sarees Saree (DCHE072),"Authentic 100% hand-painted Srikalahasti Pen Kalamkari pure silk saree (Code: DCHE072). Handcrafted with bamboo pens and natural organic vegetable mineral dyes in Srikalahasti, Andhra Pradesh. Fabric: Chennuri Silk black&white Sarees. Direct from Dhanalakshmi Kalamkari master artisans.",https://www.dhanalakshmikalamkari.in/?product=DCHE072,https://lh3.googleusercontent.com/d/1JV-S4jqgkki9uDjW3sziQlkApzgrO0zC=w1200,in_stock,3500 INR,Dhanalakshmi Kalamkari,new,Apparel & Accessories > Clothing > Traditional & Ceremonial Clothing > Sarees
DCHE073,Hand-Painted Srikalahasti Pen Kalamkari Chennuri Silk black&white Sarees Saree (DCHE073),"Authentic 100% hand-painted Srikalahasti Pen Kalamkari pure silk saree (Code: DCHE073). Handcrafted with bamboo pens and natural organic vegetable mineral dyes in Srikalahasti, Andhra Pradesh. Fabric: Chennuri Silk black&white Sarees. Direct from Dhanalakshmi Kalamkari master artisans.",https://www.dhanalakshmikalamkari.in/?product=DCHE073,https://lh3.googleusercontent.com/d/1dQjZeTcKsUeGBMtDumSFp5nFp7wDV-1n=w1200,in_stock,3500 INR,Dhanalakshmi Kalamkari,new,Apparel & Accessories > Clothing > Traditional & Ceremonial Clothing > Sarees
DPUR054,Hand-Painted Srikalahasti Pen Kalamkari Pure Kanchipuram story duppatas Saree (DPUR054),"Authentic 100% hand-painted Srikalahasti Pen Kalamkari pure silk saree (Code: DPUR054). Handcrafted with bamboo pens and natural organic vegetable mineral dyes in Srikalahasti, Andhra Pradesh. Fabric: Pure Kanchipuram story duppatas. Direct from Dhanalakshmi Kalamkari master artisans.",https://www.dhanalakshmikalamkari.in/?product=DPUR054,https://lh3.googleusercontent.com/d/1PXAy1qMabAJ9KQKMthD5Ap3fIVVn2ktm=w1200,in_stock,13500 INR,Dhanalakshmi Kalamkari,new,Apparel & Accessories > Clothing > Traditional & Ceremonial Clothing > Sarees
DPUR057,Hand-Painted Srikalahasti Pen Kalamkari Pure Kanchipuram story duppatas Saree (DPUR057),"Authentic 100% hand-painted Srikalahasti Pen Kalamkari pure silk saree (Code: DPUR057). Handcrafted with bamboo pens and natural organic vegetable mineral dyes in Srikalahasti, Andhra Pradesh. Fabric: Pure Kanchipuram story duppatas. Direct from Dhanalakshmi Kalamkari master artisans.",https://www.dhanalakshmikalamkari.in/?product=DPUR057,https://lh3.googleusercontent.com/d/1Sxf5_06_0aDWZdSENVubFDVr7FfMDVz-=w1200,in_stock,13500 INR,Dhanalakshmi Kalamkari,new,Apparel & Accessories > Clothing > Traditional & Ceremonial Clothing > Sarees
DPUR058,Hand-Painted Srikalahasti Pen Kalamkari Pure Kanchipuram story duppatas Saree (DPUR058),"Authentic 100% hand-painted Srikalahasti Pen Kalamkari pure silk saree (Code: DPUR058). Handcrafted with bamboo pens and natural organic vegetable mineral dyes in Srikalahasti, Andhra Pradesh. Fabric: Pure Kanchipuram story duppatas. Direct from Dhanalakshmi Kalamkari master artisans.",https://www.dhanalakshmikalamkari.in/?product=DPUR058,https://lh3.googleusercontent.com/d/1T51DnBUAk9HFihBDSZujea0lROLT6rKH=w1200,in_stock,13500 INR,Dhanalakshmi Kalamkari,new,Apparel & Accessories > Clothing > Traditional & Ceremonial Clothing > Sarees
DSKB103,Hand-Painted Srikalahasti Pen Kalamkari Semi kanchi Silk Black&white Sarees Saree (DSKB103),"Authentic 100% hand-painted Srikalahasti Pen Kalamkari pure silk saree (Code: DSKB103). Handcrafted with bamboo pens and natural organic vegetable mineral dyes in Srikalahasti, Andhra Pradesh. Fabric: Semi kanchi Silk Black&white Sarees. Direct from Dhanalakshmi Kalamkari master artisans.",https://www.dhanalakshmikalamkari.in/?product=DSKB103,https://lh3.googleusercontent.com/d/14FN11MIz8EgdsWJAZzUrbBYsn1e0CSjl=w1200,in_stock,6000 INR,Dhanalakshmi Kalamkari,new,Apparel & Accessories > Clothing > Traditional & Ceremonial Clothing > Sarees
DSKB104,Hand-Painted Srikalahasti Pen Kalamkari Semi kanchi Silk Black&white Sarees Saree (DSKB104),"Authentic 100% hand-painted Srikalahasti Pen Kalamkari pure silk saree (Code: DSKB104). Handcrafted with bamboo pens and natural organic vegetable mineral dyes in Srikalahasti, Andhra Pradesh. Fabric: Semi kanchi Silk Black&white Sarees. Direct from Dhanalakshmi Kalamkari master artisans.",https://www.dhanalakshmikalamkari.in/?product=DSKB104,https://lh3.googleusercontent.com/d/1rT6GrRGHdGUxMjVjTnuFiXLNp-Kup9H8=w1200,in_stock,6000 INR,Dhanalakshmi Kalamkari,new,Apparel & Accessories > Clothing > Traditional & Ceremonial Clothing > Sarees
DSKB105,Hand-Painted Srikalahasti Pen Kalamkari Semi kanchi Silk Black&white Sarees Saree (DSKB105),"Authentic 100% hand-painted Srikalahasti Pen Kalamkari pure silk saree (Code: DSKB105). Handcrafted with bamboo pens and natural organic vegetable mineral dyes in Srikalahasti, Andhra Pradesh. Fabric: Semi kanchi Silk Black&white Sarees. Direct from Dhanalakshmi Kalamkari master artisans.",https://www.dhanalakshmikalamkari.in/?product=DSKB105,https://lh3.googleusercontent.com/d/1wIDDEPg3AurX9rA9Z_3Z5bmbsVr70aZt=w1200,in_stock,6000 INR,Dhanalakshmi Kalamkari,new,Apparel & Accessories > Clothing > Traditional & Ceremonial Clothing > Sarees
DSKB106,Hand-Painted Srikalahasti Pen Kalamkari Semi kanchi Silk Black&white Sarees Saree (DSKB106),"Authentic 100% hand-painted Srikalahasti Pen Kalamkari pure silk saree (Code: DSKB106). Handcrafted with bamboo pens and natural organic vegetable mineral dyes in Srikalahasti, Andhra Pradesh. Fabric: Semi kanchi Silk Black&white Sarees. Direct from Dhanalakshmi Kalamkari master artisans.",https://www.dhanalakshmikalamkari.in/?product=DSKB106,https://lh3.googleusercontent.com/d/1BLQQrxeg5ZoTi2UrrH5gHrdNRxzZi5P7=w1200,in_stock,6000 INR,Dhanalakshmi Kalamkari,new,Apparel & Accessories > Clothing > Traditional & Ceremonial Clothing > Sarees
DSKB107,Hand-Painted Srikalahasti Pen Kalamkari Semi kanchi Silk Black&white Sarees Saree (DSKB107),"Authentic 100% hand-painted Srikalahasti Pen Kalamkari pure silk saree (Code: DSKB107). Handcrafted with bamboo pens and natural organic vegetable mineral dyes in Srikalahasti, Andhra Pradesh. Fabric: Semi kanchi Silk Black&white Sarees. Direct from Dhanalakshmi Kalamkari master artisans.",https://www.dhanalakshmikalamkari.in/?product=DSKB107,https://lh3.googleusercontent.com/d/19HdE_v2rXM-dUbyF-BPTV_RVUBM9AsRd=w1200,in_stock,6000 INR,Dhanalakshmi Kalamkari,new,Apparel & Accessories > Clothing > Traditional & Ceremonial Clothing > Sarees
DSKB108,Hand-Painted Srikalahasti Pen Kalamkari Semi kanchi Silk Black&white Sarees Saree (DSKB108),"Authentic 100% hand-painted Srikalahasti Pen Kalamkari pure silk saree (Code: DSKB108). Handcrafted with bamboo pens and natural organic vegetable mineral dyes in Srikalahasti, Andhra Pradesh. Fabric: Semi kanchi Silk Black&white Sarees. Direct from Dhanalakshmi Kalamkari master artisans.",https://www.dhanalakshmikalamkari.in/?product=DSKB108,https://lh3.googleusercontent.com/d/1jHJdp5nJAOd-6K46zIvuGQLve-4_Cv9u=w1200,in_stock,6000 INR,Dhanalakshmi Kalamkari,new,Apparel & Accessories > Clothing > Traditional & Ceremonial Clothing > Sarees
DSKB109,Hand-Painted Srikalahasti Pen Kalamkari Semi kanchi Silk Black&white Sarees Saree (DSKB109),"Authentic 100% hand-painted Srikalahasti Pen Kalamkari pure silk saree (Code: DSKB109). Handcrafted with bamboo pens and natural organic vegetable mineral dyes in Srikalahasti, Andhra Pradesh. Fabric: Semi kanchi Silk Black&white Sarees. Direct from Dhanalakshmi Kalamkari master artisans.",https://www.dhanalakshmikalamkari.in/?product=DSKB109,https://lh3.googleusercontent.com/d/1KS76r2WiV8aX3BX08tzI6xb0dkYogUxv=w1200,in_stock,6000 INR,Dhanalakshmi Kalamkari,new,Apparel & Accessories > Clothing > Traditional & Ceremonial Clothing > Sarees
DSKB110,Hand-Painted Srikalahasti Pen Kalamkari Semi kanchi Silk Black&white Sarees Saree (DSKB110),"Authentic 100% hand-painted Srikalahasti Pen Kalamkari pure silk saree (Code: DSKB110). Handcrafted with bamboo pens and natural organic vegetable mineral dyes in Srikalahasti, Andhra Pradesh. Fabric: Semi kanchi Silk Black&white Sarees. Direct from Dhanalakshmi Kalamkari master artisans.",https://www.dhanalakshmikalamkari.in/?product=DSKB110,https://lh3.googleusercontent.com/d/1WRNB1jCsiHkZSBW7xQbg7Pcy6fsCCnBY=w1200,in_stock,6000 INR,Dhanalakshmi Kalamkari,new,Apparel & Accessories > Clothing > Traditional & Ceremonial Clothing > Sarees
DSKB111,Hand-Painted Srikalahasti Pen Kalamkari Semi kanchi Silk Black&white Sarees Saree (DSKB111),"Authentic 100% hand-painted Srikalahasti Pen Kalamkari pure silk saree (Code: DSKB111). Handcrafted with bamboo pens and natural organic vegetable mineral dyes in Srikalahasti, Andhra Pradesh. Fabric: Semi kanchi Silk Black&white Sarees. Direct from Dhanalakshmi Kalamkari master artisans.",https://www.dhanalakshmikalamkari.in/?product=DSKB111,https://lh3.googleusercontent.com/d/1_f85CoEr23FVMTi4sel93Xm2KIhN2557=w1200,in_stock,6000 INR,Dhanalakshmi Kalamkari,new,Apparel & Accessories > Clothing > Traditional & Ceremonial Clothing > Sarees
DSKB112,Hand-Painted Srikalahasti Pen Kalamkari Semi kanchi Silk Black&white Sarees Saree (DSKB112),"Authentic 100% hand-painted Srikalahasti Pen Kalamkari pure silk saree (Code: DSKB112). Handcrafted with bamboo pens and natural organic vegetable mineral dyes in Srikalahasti, Andhra Pradesh. Fabric: Semi kanchi Silk Black&white Sarees. Direct from Dhanalakshmi Kalamkari master artisans.",https://www.dhanalakshmikalamkari.in/?product=DSKB112,https://lh3.googleusercontent.com/d/1mI8aBK0tRqdYVtVipCl5oQ6TJIUavz-s=w1200,in_stock,6000 INR,Dhanalakshmi Kalamkari,new,Apparel & Accessories > Clothing > Traditional & Ceremonial Clothing > Sarees
DSKB113,Hand-Painted Srikalahasti Pen Kalamkari Semi kanchi Silk Black&white Sarees Saree (DSKB113),"Authentic 100% hand-painted Srikalahasti Pen Kalamkari pure silk saree (Code: DSKB113). Handcrafted with bamboo pens and natural organic vegetable mineral dyes in Srikalahasti, Andhra Pradesh. Fabric: Semi kanchi Silk Black&white Sarees. Direct from Dhanalakshmi Kalamkari master artisans.",https://www.dhanalakshmikalamkari.in/?product=DSKB113,https://lh3.googleusercontent.com/d/1rzdLEpdZfmV7OI069_2escYhj2Ejj58l=w1200,in_stock,6000 INR,Dhanalakshmi Kalamkari,new,Apparel & Accessories > Clothing > Traditional & Ceremonial Clothing > Sarees
DSKB114,Hand-Painted Srikalahasti Pen Kalamkari Semi kanchi Silk Black&white Sarees Saree (DSKB114),"Authentic 100% hand-painted Srikalahasti Pen Kalamkari pure silk saree (Code: DSKB114). Handcrafted with bamboo pens and natural organic vegetable mineral dyes in Srikalahasti, Andhra Pradesh. Fabric: Semi kanchi Silk Black&white Sarees. Direct from Dhanalakshmi Kalamkari master artisans.",https://www.dhanalakshmikalamkari.in/?product=DSKB114,https://lh3.googleusercontent.com/d/1cCOuGNzO6OHzhWHJ-QkCrZoCOyy2ne0B=w1200,in_stock,6000 INR,Dhanalakshmi Kalamkari,new,Apparel & Accessories > Clothing > Traditional & Ceremonial Clothing > Sarees
DSKB115,Hand-Painted Srikalahasti Pen Kalamkari Semi kanchi Silk Black&white Sarees Saree (DSKB115),"Authentic 100% hand-painted Srikalahasti Pen Kalamkari pure silk saree (Code: DSKB115). Handcrafted with bamboo pens and natural organic vegetable mineral dyes in Srikalahasti, Andhra Pradesh. Fabric: Semi kanchi Silk Black&white Sarees. Direct from Dhanalakshmi Kalamkari master artisans.",https://www.dhanalakshmikalamkari.in/?product=DSKB115,https://lh3.googleusercontent.com/d/1RSFQktUjiSZazZBuj3pC6YYcV8PJcOwE=w1200,in_stock,6000 INR,Dhanalakshmi Kalamkari,new,Apparel & Accessories > Clothing > Traditional & Ceremonial Clothing > Sarees
DSKB116,Hand-Painted Srikalahasti Pen Kalamkari Semi kanchi Silk Black&white Sarees Saree (DSKB116),"Authentic 100% hand-painted Srikalahasti Pen Kalamkari pure silk saree (Code: DSKB116). Handcrafted with bamboo pens and natural organic vegetable mineral dyes in Srikalahasti, Andhra Pradesh. Fabric: Semi kanchi Silk Black&white Sarees. Direct from Dhanalakshmi Kalamkari master artisans.",https://www.dhanalakshmikalamkari.in/?product=DSKB116,https://lh3.googleusercontent.com/d/1p-7UK2DJdfDabOKWDmEPmamYiLRyMbjr=w1200,in_stock,6000 INR,Dhanalakshmi Kalamkari,new,Apparel & Accessories > Clothing > Traditional & Ceremonial Clothing > Sarees
DSKB117,Hand-Painted Srikalahasti Pen Kalamkari Semi kanchi Silk Black&white Sarees Saree (DSKB117),"Authentic 100% hand-painted Srikalahasti Pen Kalamkari pure silk saree (Code: DSKB117). Handcrafted with bamboo pens and natural organic vegetable mineral dyes in Srikalahasti, Andhra Pradesh. Fabric: Semi kanchi Silk Black&white Sarees. Direct from Dhanalakshmi Kalamkari master artisans.",https://www.dhanalakshmikalamkari.in/?product=DSKB117,https://lh3.googleusercontent.com/d/1AA9t6Xrlw-LoEq-akzsLuVOtChy2arKb=w1200,in_stock,6000 INR,Dhanalakshmi Kalamkari,new,Apparel & Accessories > Clothing > Traditional & Ceremonial Clothing > Sarees
DSKB118,Hand-Painted Srikalahasti Pen Kalamkari Semi kanchi Silk Black&white Sarees Saree (DSKB118),"Authentic 100% hand-painted Srikalahasti Pen Kalamkari pure silk saree (Code: DSKB118). Handcrafted with bamboo pens and natural organic vegetable mineral dyes in Srikalahasti, Andhra Pradesh. Fabric: Semi kanchi Silk Black&white Sarees. Direct from Dhanalakshmi Kalamkari master artisans.",https://www.dhanalakshmikalamkari.in/?product=DSKB118,https://lh3.googleusercontent.com/d/10UKjDdRhSMaMiwqmBh1WWJf5VRl00Khj=w1200,in_stock,6000 INR,Dhanalakshmi Kalamkari,new,Apparel & Accessories > Clothing > Traditional & Ceremonial Clothing > Sarees
DSKB119,Hand-Painted Srikalahasti Pen Kalamkari Semi kanchi Silk Black&white Sarees Saree (DSKB119),"Authentic 100% hand-painted Srikalahasti Pen Kalamkari pure silk saree (Code: DSKB119). Handcrafted with bamboo pens and natural organic vegetable mineral dyes in Srikalahasti, Andhra Pradesh. Fabric: Semi kanchi Silk Black&white Sarees. Direct from Dhanalakshmi Kalamkari master artisans.",https://www.dhanalakshmikalamkari.in/?product=DSKB119,https://lh3.googleusercontent.com/d/1fVe_hN6jcRCsvi2G7ZIJOVHja6680EIO=w1200,in_stock,6000 INR,Dhanalakshmi Kalamkari,new,Apparel & Accessories > Clothing > Traditional & Ceremonial Clothing > Sarees
DSKB120,Hand-Painted Srikalahasti Pen Kalamkari Semi kanchi Silk Black&white Sarees Saree (DSKB120),"Authentic 100% hand-painted Srikalahasti Pen Kalamkari pure silk saree (Code: DSKB120). Handcrafted with bamboo pens and natural organic vegetable mineral dyes in Srikalahasti, Andhra Pradesh. Fabric: Semi kanchi Silk Black&white Sarees. Direct from Dhanalakshmi Kalamkari master artisans.",https://www.dhanalakshmikalamkari.in/?product=DSKB120,https://lh3.googleusercontent.com/d/1APEmoUf8YviNA7sknoc9GLMbYiPNTDkJ=w1200,in_stock,6000 INR,Dhanalakshmi Kalamkari,new,Apparel & Accessories > Clothing > Traditional & Ceremonial Clothing > Sarees
DSKB121,Hand-Painted Srikalahasti Pen Kalamkari Semi kanchi Silk Black&white Sarees Saree (DSKB121),"Authentic 100% hand-painted Srikalahasti Pen Kalamkari pure silk saree (Code: DSKB121). Handcrafted with bamboo pens and natural organic vegetable mineral dyes in Srikalahasti, Andhra Pradesh. Fabric: Semi kanchi Silk Black&white Sarees. Direct from Dhanalakshmi Kalamkari master artisans.",https://www.dhanalakshmikalamkari.in/?product=DSKB121,https://lh3.googleusercontent.com/d/1oAB_D14h9pes4tLXqqni64ivBFGfnWtW=w1200,in_stock,6000 INR,Dhanalakshmi Kalamkari,new,Apparel & Accessories > Clothing > Traditional & Ceremonial Clothing > Sarees
DSKB122,Hand-Painted Srikalahasti Pen Kalamkari Semi kanchi Silk Black&white Sarees Saree (DSKB122),"Authentic 100% hand-painted Srikalahasti Pen Kalamkari pure silk saree (Code: DSKB122). Handcrafted with bamboo pens and natural organic vegetable mineral dyes in Srikalahasti, Andhra Pradesh. Fabric: Semi kanchi Silk Black&white Sarees. Direct from Dhanalakshmi Kalamkari master artisans.",https://www.dhanalakshmikalamkari.in/?product=DSKB122,https://lh3.googleusercontent.com/d/13SspfWLFqJn21e0OPYjmWfJTDLQjGUAC=w1200,in_stock,6000 INR,Dhanalakshmi Kalamkari,new,Apparel & Accessories > Clothing > Traditional & Ceremonial Clothing > Sarees
DSKB123,Hand-Painted Srikalahasti Pen Kalamkari Semi kanchi Silk Black&white Sarees Saree (DSKB123),"Authentic 100% hand-painted Srikalahasti Pen Kalamkari pure silk saree (Code: DSKB123). Handcrafted with bamboo pens and natural organic vegetable mineral dyes in Srikalahasti, Andhra Pradesh. Fabric: Semi kanchi Silk Black&white Sarees. Direct from Dhanalakshmi Kalamkari master artisans.",https://www.dhanalakshmikalamkari.in/?product=DSKB123,https://lh3.googleusercontent.com/d/13nj8dxaYcBnHT1dEVWswmvjVjOttbm-j=w1200,in_stock,6000 INR,Dhanalakshmi Kalamkari,new,Apparel & Accessories > Clothing > Traditional & Ceremonial Clothing > Sarees
DSKB124,Hand-Painted Srikalahasti Pen Kalamkari Semi kanchi Silk Black&white Sarees Saree (DSKB124),"Authentic 100% hand-painted Srikalahasti Pen Kalamkari pure silk saree (Code: DSKB124). Handcrafted with bamboo pens and natural organic vegetable mineral dyes in Srikalahasti, Andhra Pradesh. Fabric: Semi kanchi Silk Black&white Sarees. Direct from Dhanalakshmi Kalamkari master artisans.",https://www.dhanalakshmikalamkari.in/?product=DSKB124,https://lh3.googleusercontent.com/d/1Ee62zGPLbkjzkasn38ZdBuvq-Fe-dYAP=w1200,in_stock,6000 INR,Dhanalakshmi Kalamkari,new,Apparel & Accessories > Clothing > Traditional & Ceremonial Clothing > Sarees
DSKB125,Hand-Painted Srikalahasti Pen Kalamkari Semi kanchi Silk Black&white Sarees Saree (DSKB125),"Authentic 100% hand-painted Srikalahasti Pen Kalamkari pure silk saree (Code: DSKB125). Handcrafted with bamboo pens and natural organic vegetable mineral dyes in Srikalahasti, Andhra Pradesh. Fabric: Semi kanchi Silk Black&white Sarees. Direct from Dhanalakshmi Kalamkari master artisans.",https://www.dhanalakshmikalamkari.in/?product=DSKB125,https://lh3.googleusercontent.com/d/1atkl4dCo-OmZXafIdp5Dhc-ZySa93W72=w1200,in_stock,6000 INR,Dhanalakshmi Kalamkari,new,Apparel & Accessories > Clothing > Traditional & Ceremonial Clothing > Sarees
DSKB126,Hand-Painted Srikalahasti Pen Kalamkari Semi kanchi Silk Black&white Sarees Saree (DSKB126),"Authentic 100% hand-painted Srikalahasti Pen Kalamkari pure silk saree (Code: DSKB126). Handcrafted with bamboo pens and natural organic vegetable mineral dyes in Srikalahasti, Andhra Pradesh. Fabric: Semi kanchi Silk Black&white Sarees. Direct from Dhanalakshmi Kalamkari master artisans.",https://www.dhanalakshmikalamkari.in/?product=DSKB126,https://lh3.googleusercontent.com/d/1R_zZw-WXj5aakyFevzNcK6Fbc5jWj6oa=w1200,in_stock,6000 INR,Dhanalakshmi Kalamkari,new,Apparel & Accessories > Clothing > Traditional & Ceremonial Clothing > Sarees
DSKB127,Hand-Painted Srikalahasti Pen Kalamkari Semi kanchi Silk Black&white Sarees Saree (DSKB127),"Authentic 100% hand-painted Srikalahasti Pen Kalamkari pure silk saree (Code: DSKB127). Handcrafted with bamboo pens and natural organic vegetable mineral dyes in Srikalahasti, Andhra Pradesh. Fabric: Semi kanchi Silk Black&white Sarees. Direct from Dhanalakshmi Kalamkari master artisans.",https://www.dhanalakshmikalamkari.in/?product=DSKB127,https://lh3.googleusercontent.com/d/14l7ebcUiqBj-FI-dRCmNpLzfRw1bVhBO=w1200,in_stock,6000 INR,Dhanalakshmi Kalamkari,new,Apparel & Accessories > Clothing > Traditional & Ceremonial Clothing > Sarees
DSKB128,Hand-Painted Srikalahasti Pen Kalamkari Semi kanchi Silk Black&white Sarees Saree (DSKB128),"Authentic 100% hand-painted Srikalahasti Pen Kalamkari pure silk saree (Code: DSKB128). Handcrafted with bamboo pens and natural organic vegetable mineral dyes in Srikalahasti, Andhra Pradesh. Fabric: Semi kanchi Silk Black&white Sarees. Direct from Dhanalakshmi Kalamkari master artisans.",https://www.dhanalakshmikalamkari.in/?product=DSKB128,https://lh3.googleusercontent.com/d/1H1HucYUHYMvtyu_N5HUvvjG6gLy4JQK1=w1200,in_stock,6000 INR,Dhanalakshmi Kalamkari,new,Apparel & Accessories > Clothing > Traditional & Ceremonial Clothing > Sarees
DSKB129,Hand-Painted Srikalahasti Pen Kalamkari Semi kanchi Silk Black&white Sarees Saree (DSKB129),"Authentic 100% hand-painted Srikalahasti Pen Kalamkari pure silk saree (Code: DSKB129). Handcrafted with bamboo pens and natural organic vegetable mineral dyes in Srikalahasti, Andhra Pradesh. Fabric: Semi kanchi Silk Black&white Sarees. Direct from Dhanalakshmi Kalamkari master artisans.",https://www.dhanalakshmikalamkari.in/?product=DSKB129,https://lh3.googleusercontent.com/d/1ZLeWgtU0QQvzm0HmJloA3Ew1wmspb4mq=w1200,in_stock,6000 INR,Dhanalakshmi Kalamkari,new,Apparel & Accessories > Clothing > Traditional & Ceremonial Clothing > Sarees
DSKB130,Hand-Painted Srikalahasti Pen Kalamkari Semi kanchi Silk Black&white Sarees Saree (DSKB130),"Authentic 100% hand-painted Srikalahasti Pen Kalamkari pure silk saree (Code: DSKB130). Handcrafted with bamboo pens and natural organic vegetable mineral dyes in Srikalahasti, Andhra Pradesh. Fabric: Semi kanchi Silk Black&white Sarees. Direct from Dhanalakshmi Kalamkari master artisans.",https://www.dhanalakshmikalamkari.in/?product=DSKB130,https://lh3.googleusercontent.com/d/1cpJXh22alpIv7G006Wv9OSsPQ3vdzL1B=w1200,in_stock,6000 INR,Dhanalakshmi Kalamkari,new,Apparel & Accessories > Clothing > Traditional & Ceremonial Clothing > Sarees
DSKB131,Hand-Painted Srikalahasti Pen Kalamkari Semi kanchi Silk Black&white Sarees Saree (DSKB131),"Authentic 100% hand-painted Srikalahasti Pen Kalamkari pure silk saree (Code: DSKB131). Handcrafted with bamboo pens and natural organic vegetable mineral dyes in Srikalahasti, Andhra Pradesh. Fabric: Semi kanchi Silk Black&white Sarees. Direct from Dhanalakshmi Kalamkari master artisans.",https://www.dhanalakshmikalamkari.in/?product=DSKB131,https://lh3.googleusercontent.com/d/1fD_-2sRlu7AmpDn8inacjgo6He5xRxUu=w1200,in_stock,6000 INR,Dhanalakshmi Kalamkari,new,Apparel & Accessories > Clothing > Traditional & Ceremonial Clothing > Sarees
DSKB132,Hand-Painted Srikalahasti Pen Kalamkari Semi kanchi Silk Black&white Sarees Saree (DSKB132),"Authentic 100% hand-painted Srikalahasti Pen Kalamkari pure silk saree (Code: DSKB132). Handcrafted with bamboo pens and natural organic vegetable mineral dyes in Srikalahasti, Andhra Pradesh. Fabric: Semi kanchi Silk Black&white Sarees. Direct from Dhanalakshmi Kalamkari master artisans.",https://www.dhanalakshmikalamkari.in/?product=DSKB132,https://lh3.googleusercontent.com/d/1JeXh_Ud2IIYEq5ewhZeCcdXw4YnhbXEv=w1200,in_stock,6000 INR,Dhanalakshmi Kalamkari,new,Apparel & Accessories > Clothing > Traditional & Ceremonial Clothing > Sarees
DSKB133,Hand-Painted Srikalahasti Pen Kalamkari Semi kanchi Silk Black&white Sarees Saree (DSKB133),"Authentic 100% hand-painted Srikalahasti Pen Kalamkari pure silk saree (Code: DSKB133). Handcrafted with bamboo pens and natural organic vegetable mineral dyes in Srikalahasti, Andhra Pradesh. Fabric: Semi kanchi Silk Black&white Sarees. Direct from Dhanalakshmi Kalamkari master artisans.",https://www.dhanalakshmikalamkari.in/?product=DSKB133,https://lh3.googleusercontent.com/d/1PCL8wwc1NwIHrXJ0wTUa037YtC0tH3kr=w1200,in_stock,6000 INR,Dhanalakshmi Kalamkari,new,Apparel & Accessories > Clothing > Traditional & Ceremonial Clothing > Sarees
DSKB134,Hand-Painted Srikalahasti Pen Kalamkari Semi kanchi Silk Black&white Sarees Saree (DSKB134),"Authentic 100% hand-painted Srikalahasti Pen Kalamkari pure silk saree (Code: DSKB134). Handcrafted with bamboo pens and natural organic vegetable mineral dyes in Srikalahasti, Andhra Pradesh. Fabric: Semi kanchi Silk Black&white Sarees. Direct from Dhanalakshmi Kalamkari master artisans.",https://www.dhanalakshmikalamkari.in/?product=DSKB134,https://lh3.googleusercontent.com/d/1VQQOqKzq1_uZ4_w2va1_8WEd75xZZ09A=w1200,in_stock,6000 INR,Dhanalakshmi Kalamkari,new,Apparel & Accessories > Clothing > Traditional & Ceremonial Clothing > Sarees
DSKB135,Hand-Painted Srikalahasti Pen Kalamkari Semi kanchi Silk Black&white Sarees Saree (DSKB135),"Authentic 100% hand-painted Srikalahasti Pen Kalamkari pure silk saree (Code: DSKB135). Handcrafted with bamboo pens and natural organic vegetable mineral dyes in Srikalahasti, Andhra Pradesh. Fabric: Semi kanchi Silk Black&white Sarees. Direct from Dhanalakshmi Kalamkari master artisans.",https://www.dhanalakshmikalamkari.in/?product=DSKB135,https://lh3.googleusercontent.com/d/1l4Rt0E-mOG8VMQC7d6EWUqQRkaW-xgBL=w1200,in_stock,6000 INR,Dhanalakshmi Kalamkari,new,Apparel & Accessories > Clothing > Traditional & Ceremonial Clothing > Sarees
DSKB136,Hand-Painted Srikalahasti Pen Kalamkari Semi kanchi Silk Black&white Sarees Saree (DSKB136),"Authentic 100% hand-painted Srikalahasti Pen Kalamkari pure silk saree (Code: DSKB136). Handcrafted with bamboo pens and natural organic vegetable mineral dyes in Srikalahasti, Andhra Pradesh. Fabric: Semi kanchi Silk Black&white Sarees. Direct from Dhanalakshmi Kalamkari master artisans.",https://www.dhanalakshmikalamkari.in/?product=DSKB136,https://lh3.googleusercontent.com/d/12YRKFhleY9iIBMdbUT_E3nxBlGIz1tnv=w1200,in_stock,6000 INR,Dhanalakshmi Kalamkari,new,Apparel & Accessories > Clothing > Traditional & Ceremonial Clothing > Sarees
DSKB137,Hand-Painted Srikalahasti Pen Kalamkari Semi kanchi Silk Black&white Sarees Saree (DSKB137),"Authentic 100% hand-painted Srikalahasti Pen Kalamkari pure silk saree (Code: DSKB137). Handcrafted with bamboo pens and natural organic vegetable mineral dyes in Srikalahasti, Andhra Pradesh. Fabric: Semi kanchi Silk Black&white Sarees. Direct from Dhanalakshmi Kalamkari master artisans.",https://www.dhanalakshmikalamkari.in/?product=DSKB137,https://lh3.googleusercontent.com/d/1Au5TjWaKyIu6I73xctdUNiwIaBBl_eeS=w1200,in_stock,6000 INR,Dhanalakshmi Kalamkari,new,Apparel & Accessories > Clothing > Traditional & Ceremonial Clothing > Sarees
DSKB138,Hand-Painted Srikalahasti Pen Kalamkari Semi kanchi Silk Black&white Sarees Saree (DSKB138),"Authentic 100% hand-painted Srikalahasti Pen Kalamkari pure silk saree (Code: DSKB138). Handcrafted with bamboo pens and natural organic vegetable mineral dyes in Srikalahasti, Andhra Pradesh. Fabric: Semi kanchi Silk Black&white Sarees. Direct from Dhanalakshmi Kalamkari master artisans.",https://www.dhanalakshmikalamkari.in/?product=DSKB138,https://lh3.googleusercontent.com/d/1Jl87E5qOC3x7YKzmtC7H8ElwaXdXpnpx=w1200,in_stock,6000 INR,Dhanalakshmi Kalamkari,new,Apparel & Accessories > Clothing > Traditional & Ceremonial Clothing > Sarees
DSKB139,Hand-Painted Srikalahasti Pen Kalamkari Semi kanchi Silk Black&white Sarees Saree (DSKB139),"Authentic 100% hand-painted Srikalahasti Pen Kalamkari pure silk saree (Code: DSKB139). Handcrafted with bamboo pens and natural organic vegetable mineral dyes in Srikalahasti, Andhra Pradesh. Fabric: Semi kanchi Silk Black&white Sarees. Direct from Dhanalakshmi Kalamkari master artisans.",https://www.dhanalakshmikalamkari.in/?product=DSKB139,https://lh3.googleusercontent.com/d/1ZmDT3qz7AwvySLZtCudzc1mxY3-j4zOe=w1200,in_stock,6000 INR,Dhanalakshmi Kalamkari,new,Apparel & Accessories > Clothing > Traditional & Ceremonial Clothing > Sarees
DSKB140,Hand-Painted Srikalahasti Pen Kalamkari Semi kanchi Silk Black&white Sarees Saree (DSKB140),"Authentic 100% hand-painted Srikalahasti Pen Kalamkari pure silk saree (Code: DSKB140). Handcrafted with bamboo pens and natural organic vegetable mineral dyes in Srikalahasti, Andhra Pradesh. Fabric: Semi kanchi Silk Black&white Sarees. Direct from Dhanalakshmi Kalamkari master artisans.",https://www.dhanalakshmikalamkari.in/?product=DSKB140,https://lh3.googleusercontent.com/d/1aa9iX8DG7R_WThK5oWACOzsPBFfaqcuX=w1200,in_stock,6000 INR,Dhanalakshmi Kalamkari,new,Apparel & Accessories > Clothing > Traditional & Ceremonial Clothing > Sarees
DSKB141,Hand-Painted Srikalahasti Pen Kalamkari Semi kanchi Silk Black&white Sarees Saree (DSKB141),"Authentic 100% hand-painted Srikalahasti Pen Kalamkari pure silk saree (Code: DSKB141). Handcrafted with bamboo pens and natural organic vegetable mineral dyes in Srikalahasti, Andhra Pradesh. Fabric: Semi kanchi Silk Black&white Sarees. Direct from Dhanalakshmi Kalamkari master artisans.",https://www.dhanalakshmikalamkari.in/?product=DSKB141,https://lh3.googleusercontent.com/d/11t8kwo6MeVetXMtFYNfHXxPHXkKV_J-v=w1200,in_stock,6000 INR,Dhanalakshmi Kalamkari,new,Apparel & Accessories > Clothing > Traditional & Ceremonial Clothing > Sarees
DSKB142,Hand-Painted Srikalahasti Pen Kalamkari Semi kanchi Silk Black&white Sarees Saree (DSKB142),"Authentic 100% hand-painted Srikalahasti Pen Kalamkari pure silk saree (Code: DSKB142). Handcrafted with bamboo pens and natural organic vegetable mineral dyes in Srikalahasti, Andhra Pradesh. Fabric: Semi kanchi Silk Black&white Sarees. Direct from Dhanalakshmi Kalamkari master artisans.",https://www.dhanalakshmikalamkari.in/?product=DSKB142,https://lh3.googleusercontent.com/d/1_PimFZz7xC0Wpm-xrAdZ6n6bQJTvrvp6=w1200,in_stock,6000 INR,Dhanalakshmi Kalamkari,new,Apparel & Accessories > Clothing > Traditional & Ceremonial Clothing > Sarees
DSKB143,Hand-Painted Srikalahasti Pen Kalamkari Semi kanchi Silk Black&white Sarees Saree (DSKB143),"Authentic 100% hand-painted Srikalahasti Pen Kalamkari pure silk saree (Code: DSKB143). Handcrafted with bamboo pens and natural organic vegetable mineral dyes in Srikalahasti, Andhra Pradesh. Fabric: Semi kanchi Silk Black&white Sarees. Direct from Dhanalakshmi Kalamkari master artisans.",https://www.dhanalakshmikalamkari.in/?product=DSKB143,https://lh3.googleusercontent.com/d/15EbkkgytSjkJOAgUZ3VAQPDcmTJylYli=w1200,in_stock,6000 INR,Dhanalakshmi Kalamkari,new,Apparel & Accessories > Clothing > Traditional & Ceremonial Clothing > Sarees
DSKB144,Hand-Painted Srikalahasti Pen Kalamkari Semi kanchi Silk Black&white Sarees Saree (DSKB144),"Authentic 100% hand-painted Srikalahasti Pen Kalamkari pure silk saree (Code: DSKB144). Handcrafted with bamboo pens and natural organic vegetable mineral dyes in Srikalahasti, Andhra Pradesh. Fabric: Semi kanchi Silk Black&white Sarees. Direct from Dhanalakshmi Kalamkari master artisans.",https://www.dhanalakshmikalamkari.in/?product=DSKB144,https://lh3.googleusercontent.com/d/1arQYTuIupn1Ecv5lMvEfUjdwWplXOyCB=w1200,in_stock,6000 INR,Dhanalakshmi Kalamkari,new,Apparel & Accessories > Clothing > Traditional & Ceremonial Clothing > Sarees
DSKB145,Hand-Painted Srikalahasti Pen Kalamkari Semi kanchi Silk Black&white Sarees Saree (DSKB145),"Authentic 100% hand-painted Srikalahasti Pen Kalamkari pure silk saree (Code: DSKB145). Handcrafted with bamboo pens and natural organic vegetable mineral dyes in Srikalahasti, Andhra Pradesh. Fabric: Semi kanchi Silk Black&white Sarees. Direct from Dhanalakshmi Kalamkari master artisans.",https://www.dhanalakshmikalamkari.in/?product=DSKB145,https://lh3.googleusercontent.com/d/1uvwP_YZJXUI7521pXuLRvUJmoYYwLBLq=w1200,in_stock,6000 INR,Dhanalakshmi Kalamkari,new,Apparel & Accessories > Clothing > Traditional & Ceremonial Clothing > Sarees
DSKB146,Hand-Painted Srikalahasti Pen Kalamkari Semi kanchi Silk Black&white Sarees Saree (DSKB146),"Authentic 100% hand-painted Srikalahasti Pen Kalamkari pure silk saree (Code: DSKB146). Handcrafted with bamboo pens and natural organic vegetable mineral dyes in Srikalahasti, Andhra Pradesh. Fabric: Semi kanchi Silk Black&white Sarees. Direct from Dhanalakshmi Kalamkari master artisans.",https://www.dhanalakshmikalamkari.in/?product=DSKB146,https://lh3.googleusercontent.com/d/1wYJVzXouEf3WaUUmN7dKVHKCxPyfBvnb=w1200,in_stock,6000 INR,Dhanalakshmi Kalamkari,new,Apparel & Accessories > Clothing > Traditional & Ceremonial Clothing > Sarees
DSKB147,Hand-Painted Srikalahasti Pen Kalamkari Semi kanchi Silk Black&white Sarees Saree (DSKB147),"Authentic 100% hand-painted Srikalahasti Pen Kalamkari pure silk saree (Code: DSKB147). Handcrafted with bamboo pens and natural organic vegetable mineral dyes in Srikalahasti, Andhra Pradesh. Fabric: Semi kanchi Silk Black&white Sarees. Direct from Dhanalakshmi Kalamkari master artisans.",https://www.dhanalakshmikalamkari.in/?product=DSKB147,https://lh3.googleusercontent.com/d/1lxhcpGYcZPYui4cMmcZXP043CTW_m6en=w1200,in_stock,6000 INR,Dhanalakshmi Kalamkari,new,Apparel & Accessories > Clothing > Traditional & Ceremonial Clothing > Sarees
DIKK023,Hand-Painted Srikalahasti Pen Kalamkari Ikkat silk duppatas Saree (DIKK023),"Authentic 100% hand-painted Srikalahasti Pen Kalamkari pure silk saree (Code: DIKK023). Handcrafted with bamboo pens and natural organic vegetable mineral dyes in Srikalahasti, Andhra Pradesh. Fabric: Ikkat silk duppatas. Direct from Dhanalakshmi Kalamkari master artisans.",https://www.dhanalakshmikalamkari.in/?product=DIKK023,https://lh3.googleusercontent.com/d/10rNnuL-6nyJCtyq-SQko6aV2w-Bw01ow=w1200,in_stock,2400 INR,Dhanalakshmi Kalamkari,new,Apparel & Accessories > Clothing > Traditional & Ceremonial Clothing > Sarees
DIKK024,Hand-Painted Srikalahasti Pen Kalamkari Ikkat silk duppatas Saree (DIKK024),"Authentic 100% hand-painted Srikalahasti Pen Kalamkari pure silk saree (Code: DIKK024). Handcrafted with bamboo pens and natural organic vegetable mineral dyes in Srikalahasti, Andhra Pradesh. Fabric: Ikkat silk duppatas. Direct from Dhanalakshmi Kalamkari master artisans.",https://www.dhanalakshmikalamkari.in/?product=DIKK024,https://lh3.googleusercontent.com/d/19XBDMCAOjhQBrt5lQcBLz5Cj-48RumnT=w1200,in_stock,2400 INR,Dhanalakshmi Kalamkari,new,Apparel & Accessories > Clothing > Traditional & Ceremonial Clothing > Sarees
DIKK025,Hand-Painted Srikalahasti Pen Kalamkari Ikkat silk duppatas Saree (DIKK025),"Authentic 100% hand-painted Srikalahasti Pen Kalamkari pure silk saree (Code: DIKK025). Handcrafted with bamboo pens and natural organic vegetable mineral dyes in Srikalahasti, Andhra Pradesh. Fabric: Ikkat silk duppatas. Direct from Dhanalakshmi Kalamkari master artisans.",https://www.dhanalakshmikalamkari.in/?product=DIKK025,https://lh3.googleusercontent.com/d/1FbnOd28gVsLx2ZUHWI6bdWGTFxJKmlMu=w1200,in_stock,2400 INR,Dhanalakshmi Kalamkari,new,Apparel & Accessories > Clothing > Traditional & Ceremonial Clothing > Sarees
DIKK026,Hand-Painted Srikalahasti Pen Kalamkari Ikkat silk duppatas Saree (DIKK026),"Authentic 100% hand-painted Srikalahasti Pen Kalamkari pure silk saree (Code: DIKK026). Handcrafted with bamboo pens and natural organic vegetable mineral dyes in Srikalahasti, Andhra Pradesh. Fabric: Ikkat silk duppatas. Direct from Dhanalakshmi Kalamkari master artisans.",https://www.dhanalakshmikalamkari.in/?product=DIKK026,https://lh3.googleusercontent.com/d/1qta6l8_ZF_93sMiD3bZcbiehLsBQQ1hr=w1200,in_stock,2400 INR,Dhanalakshmi Kalamkari,new,Apparel & Accessories > Clothing > Traditional & Ceremonial Clothing > Sarees
DIKK027,Hand-Painted Srikalahasti Pen Kalamkari Ikkat silk duppatas Saree (DIKK027),"Authentic 100% hand-painted Srikalahasti Pen Kalamkari pure silk saree (Code: DIKK027). Handcrafted with bamboo pens and natural organic vegetable mineral dyes in Srikalahasti, Andhra Pradesh. Fabric: Ikkat silk duppatas. Direct from Dhanalakshmi Kalamkari master artisans.",https://www.dhanalakshmikalamkari.in/?product=DIKK027,https://lh3.googleusercontent.com/d/106Z1w-4uOvimNztABIoMv6tObgJbRir9=w1200,in_stock,2400 INR,Dhanalakshmi Kalamkari,new,Apparel & Accessories > Clothing > Traditional & Ceremonial Clothing > Sarees
DIKK028,Hand-Painted Srikalahasti Pen Kalamkari Ikkat silk duppatas Saree (DIKK028),"Authentic 100% hand-painted Srikalahasti Pen Kalamkari pure silk saree (Code: DIKK028). Handcrafted with bamboo pens and natural organic vegetable mineral dyes in Srikalahasti, Andhra Pradesh. Fabric: Ikkat silk duppatas. Direct from Dhanalakshmi Kalamkari master artisans.",https://www.dhanalakshmikalamkari.in/?product=DIKK028,https://lh3.googleusercontent.com/d/1UCahoxk6nHhWE0vx1-nG1NhT9RBmP6Mx=w1200,in_stock,2400 INR,Dhanalakshmi Kalamkari,new,Apparel & Accessories > Clothing > Traditional & Ceremonial Clothing > Sarees
DCHE076,Hand-Painted Srikalahasti Pen Kalamkari Chennuri Silk multicolour Sarees Saree (DCHE076),"Authentic 100% hand-painted Srikalahasti Pen Kalamkari pure silk saree (Code: DCHE076). Handcrafted with bamboo pens and natural organic vegetable mineral dyes in Srikalahasti, Andhra Pradesh. Fabric: Chennuri Silk multicolour Sarees. Direct from Dhanalakshmi Kalamkari master artisans.",https://www.dhanalakshmikalamkari.in/?product=DCHE076,https://lh3.googleusercontent.com/d/1jcipINzSGBZkv4n0C3g8yVKJmadn3aZ8=w1200,in_stock,6500 INR,Dhanalakshmi Kalamkari,new,Apparel & Accessories > Clothing > Traditional & Ceremonial Clothing > Sarees
DCHE079,Hand-Painted Srikalahasti Pen Kalamkari Chennuri Silk multicolour Sarees Saree (DCHE079),"Authentic 100% hand-painted Srikalahasti Pen Kalamkari pure silk saree (Code: DCHE079). Handcrafted with bamboo pens and natural organic vegetable mineral dyes in Srikalahasti, Andhra Pradesh. Fabric: Chennuri Silk multicolour Sarees. Direct from Dhanalakshmi Kalamkari master artisans.",https://www.dhanalakshmikalamkari.in/?product=DCHE079,https://lh3.googleusercontent.com/d/1hoD9bMsufAc7Sa986qGoJrfyQcAXd3zp=w1200,in_stock,6500 INR,Dhanalakshmi Kalamkari,new,Apparel & Accessories > Clothing > Traditional & Ceremonial Clothing > Sarees
DCHE077,Hand-Painted Srikalahasti Pen Kalamkari Chennuri Silk multicolour Sarees Saree (DCHE077),"Authentic 100% hand-painted Srikalahasti Pen Kalamkari pure silk saree (Code: DCHE077). Handcrafted with bamboo pens and natural organic vegetable mineral dyes in Srikalahasti, Andhra Pradesh. Fabric: Chennuri Silk multicolour Sarees. Direct from Dhanalakshmi Kalamkari master artisans.",https://www.dhanalakshmikalamkari.in/?product=DCHE077,https://lh3.googleusercontent.com/d/1BW3KS4X8ssX5MXJIBXPxxdtzQfYzfKMC=w1200,in_stock,6500 INR,Dhanalakshmi Kalamkari,new,Apparel & Accessories > Clothing > Traditional & Ceremonial Clothing > Sarees
DCHE080,Hand-Painted Srikalahasti Pen Kalamkari Chennuri Silk multicolour Sarees Saree (DCHE080),"Authentic 100% hand-painted Srikalahasti Pen Kalamkari pure silk saree (Code: DCHE080). Handcrafted with bamboo pens and natural organic vegetable mineral dyes in Srikalahasti, Andhra Pradesh. Fabric: Chennuri Silk multicolour Sarees. Direct from Dhanalakshmi Kalamkari master artisans.",https://www.dhanalakshmikalamkari.in/?product=DCHE080,https://lh3.googleusercontent.com/d/1Da5cl5txhJq4pUgzaSpAuNn5goqyP7Mk=w1200,in_stock,6500 INR,Dhanalakshmi Kalamkari,new,Apparel & Accessories > Clothing > Traditional & Ceremonial Clothing > Sarees
DCHE081,Hand-Painted Srikalahasti Pen Kalamkari Chennuri Silk multicolour Sarees Saree (DCHE081),"Authentic 100% hand-painted Srikalahasti Pen Kalamkari pure silk saree (Code: DCHE081). Handcrafted with bamboo pens and natural organic vegetable mineral dyes in Srikalahasti, Andhra Pradesh. Fabric: Chennuri Silk multicolour Sarees. Direct from Dhanalakshmi Kalamkari master artisans.",https://www.dhanalakshmikalamkari.in/?product=DCHE081,https://lh3.googleusercontent.com/d/1ROv-UOBJmjJG8ICyLfrYMxvsOh5PR8F6=w1200,in_stock,6500 INR,Dhanalakshmi Kalamkari,new,Apparel & Accessories > Clothing > Traditional & Ceremonial Clothing > Sarees
DCHE082,Hand-Painted Srikalahasti Pen Kalamkari Chennuri Silk multicolour Sarees Saree (DCHE082),"Authentic 100% hand-painted Srikalahasti Pen Kalamkari pure silk saree (Code: DCHE082). Handcrafted with bamboo pens and natural organic vegetable mineral dyes in Srikalahasti, Andhra Pradesh. Fabric: Chennuri Silk multicolour Sarees. Direct from Dhanalakshmi Kalamkari master artisans.",https://www.dhanalakshmikalamkari.in/?product=DCHE082,https://lh3.googleusercontent.com/d/1ma3HyR6XcJ292Au6cGiorz3AO97m-B36=w1200,in_stock,6500 INR,Dhanalakshmi Kalamkari,new,Apparel & Accessories > Clothing > Traditional & Ceremonial Clothing > Sarees
DCHE083,Hand-Painted Srikalahasti Pen Kalamkari Chennuri Silk multicolour Sarees Saree (DCHE083),"Authentic 100% hand-painted Srikalahasti Pen Kalamkari pure silk saree (Code: DCHE083). Handcrafted with bamboo pens and natural organic vegetable mineral dyes in Srikalahasti, Andhra Pradesh. Fabric: Chennuri Silk multicolour Sarees. Direct from Dhanalakshmi Kalamkari master artisans.",https://www.dhanalakshmikalamkari.in/?product=DCHE083,https://lh3.googleusercontent.com/d/1HjtyBPvqPdOmqP9T3PDOx3ZESNO0lpoL=w1200,in_stock,6500 INR,Dhanalakshmi Kalamkari,new,Apparel & Accessories > Clothing > Traditional & Ceremonial Clothing > Sarees
DCHE084,Hand-Painted Srikalahasti Pen Kalamkari Chennuri Silk multicolour Sarees Saree (DCHE084),"Authentic 100% hand-painted Srikalahasti Pen Kalamkari pure silk saree (Code: DCHE084). Handcrafted with bamboo pens and natural organic vegetable mineral dyes in Srikalahasti, Andhra Pradesh. Fabric: Chennuri Silk multicolour Sarees. Direct from Dhanalakshmi Kalamkari master artisans.",https://www.dhanalakshmikalamkari.in/?product=DCHE084,https://lh3.googleusercontent.com/d/1OaFq4dL-6_p2Xck8FYaOFjLKdqQOyxnm=w1200,in_stock,6500 INR,Dhanalakshmi Kalamkari,new,Apparel & Accessories > Clothing > Traditional & Ceremonial Clothing > Sarees
DCHE085,Hand-Painted Srikalahasti Pen Kalamkari Chennuri Silk multicolour Sarees Saree (DCHE085),"Authentic 100% hand-painted Srikalahasti Pen Kalamkari pure silk saree (Code: DCHE085). Handcrafted with bamboo pens and natural organic vegetable mineral dyes in Srikalahasti, Andhra Pradesh. Fabric: Chennuri Silk multicolour Sarees. Direct from Dhanalakshmi Kalamkari master artisans.",https://www.dhanalakshmikalamkari.in/?product=DCHE085,https://lh3.googleusercontent.com/d/1r9DUb-f43nmclI7eLcxYg-GXR-eL4Vmb=w1200,in_stock,6500 INR,Dhanalakshmi Kalamkari,new,Apparel & Accessories > Clothing > Traditional & Ceremonial Clothing > Sarees
DCHE086,Hand-Painted Srikalahasti Pen Kalamkari Chennuri Silk multicolour Sarees Saree (DCHE086),"Authentic 100% hand-painted Srikalahasti Pen Kalamkari pure silk saree (Code: DCHE086). Handcrafted with bamboo pens and natural organic vegetable mineral dyes in Srikalahasti, Andhra Pradesh. Fabric: Chennuri Silk multicolour Sarees. Direct from Dhanalakshmi Kalamkari master artisans.",https://www.dhanalakshmikalamkari.in/?product=DCHE086,https://lh3.googleusercontent.com/d/144B4X6qcxFuwP-Iy807f8kjcvzNzkMvV=w1200,in_stock,6500 INR,Dhanalakshmi Kalamkari,new,Apparel & Accessories > Clothing > Traditional & Ceremonial Clothing > Sarees
DCHE087,Hand-Painted Srikalahasti Pen Kalamkari Chennuri Silk multicolour Sarees Saree (DCHE087),"Authentic 100% hand-painted Srikalahasti Pen Kalamkari pure silk saree (Code: DCHE087). Handcrafted with bamboo pens and natural organic vegetable mineral dyes in Srikalahasti, Andhra Pradesh. Fabric: Chennuri Silk multicolour Sarees. Direct from Dhanalakshmi Kalamkari master artisans.",https://www.dhanalakshmikalamkari.in/?product=DCHE087,https://lh3.googleusercontent.com/d/1y_YI8V4joPovqPzyRDygP7buXR117CH3=w1200,in_stock,6500 INR,Dhanalakshmi Kalamkari,new,Apparel & Accessories > Clothing > Traditional & Ceremonial Clothing > Sarees
DB95017,Hand-Painted Srikalahasti Pen Kalamkari Banglore Silk Colour Sarees Saree (DB95017),"Authentic 100% hand-painted Srikalahasti Pen Kalamkari pure silk saree (Code: DB95017). Handcrafted with bamboo pens and natural organic vegetable mineral dyes in Srikalahasti, Andhra Pradesh. Fabric: Banglore Silk Colour Sarees. Direct from Dhanalakshmi Kalamkari master artisans.",https://www.dhanalakshmikalamkari.in/?product=DB95017,https://lh3.googleusercontent.com/d/1NxS95IF2vIa4YpwXr8Hkwa-hBSdesbQ4=w1200,in_stock,9500 INR,Dhanalakshmi Kalamkari,new,Apparel & Accessories > Clothing > Traditional & Ceremonial Clothing > Sarees
DB95018,Hand-Painted Srikalahasti Pen Kalamkari Banglore Silk Colour Sarees Saree (DB95018),"Authentic 100% hand-painted Srikalahasti Pen Kalamkari pure silk saree (Code: DB95018). Handcrafted with bamboo pens and natural organic vegetable mineral dyes in Srikalahasti, Andhra Pradesh. Fabric: Banglore Silk Colour Sarees. Direct from Dhanalakshmi Kalamkari master artisans.",https://www.dhanalakshmikalamkari.in/?product=DB95018,https://lh3.googleusercontent.com/d/1U7wTKF9RAfPT0RE2hD28V7C32fdycKIg=w1200,in_stock,9500 INR,Dhanalakshmi Kalamkari,new,Apparel & Accessories > Clothing > Traditional & Ceremonial Clothing > Sarees
DB95019,Hand-Painted Srikalahasti Pen Kalamkari Banglore Silk Colour Sarees Saree (DB95019),"Authentic 100% hand-painted Srikalahasti Pen Kalamkari pure silk saree (Code: DB95019). Handcrafted with bamboo pens and natural organic vegetable mineral dyes in Srikalahasti, Andhra Pradesh. Fabric: Banglore Silk Colour Sarees. Direct from Dhanalakshmi Kalamkari master artisans.",https://www.dhanalakshmikalamkari.in/?product=DB95019,https://lh3.googleusercontent.com/d/1LcuwJLYAKARReLo5QbZqYf0G0hSBYsOH=w1200,in_stock,9500 INR,Dhanalakshmi Kalamkari,new,Apparel & Accessories > Clothing > Traditional & Ceremonial Clothing > Sarees
DB95020,Hand-Painted Srikalahasti Pen Kalamkari Banglore Silk Colour Sarees Saree (DB95020),"Authentic 100% hand-painted Srikalahasti Pen Kalamkari pure silk saree (Code: DB95020). Handcrafted with bamboo pens and natural organic vegetable mineral dyes in Srikalahasti, Andhra Pradesh. Fabric: Banglore Silk Colour Sarees. Direct from Dhanalakshmi Kalamkari master artisans.",https://www.dhanalakshmikalamkari.in/?product=DB95020,https://lh3.googleusercontent.com/d/1_e5p-ywkHJZGIrTV25Ls30-18RR0MhcK=w1200,in_stock,9500 INR,Dhanalakshmi Kalamkari,new,Apparel & Accessories > Clothing > Traditional & Ceremonial Clothing > Sarees
DB95021,Hand-Painted Srikalahasti Pen Kalamkari Banglore Silk Colour Sarees Saree (DB95021),"Authentic 100% hand-painted Srikalahasti Pen Kalamkari pure silk saree (Code: DB95021). Handcrafted with bamboo pens and natural organic vegetable mineral dyes in Srikalahasti, Andhra Pradesh. Fabric: Banglore Silk Colour Sarees. Direct from Dhanalakshmi Kalamkari master artisans.",https://www.dhanalakshmikalamkari.in/?product=DB95021,https://lh3.googleusercontent.com/d/1U1TCGD9Hzhiv4NQjGYYOZ4pg88YNoEy5=w1200,in_stock,9500 INR,Dhanalakshmi Kalamkari,new,Apparel & Accessories > Clothing > Traditional & Ceremonial Clothing > Sarees
DB90148,Hand-Painted Srikalahasti Pen Kalamkari Banglore Silk Colour Sarees Saree (DB90148),"Authentic 100% hand-painted Srikalahasti Pen Kalamkari pure silk saree (Code: DB90148). Handcrafted with bamboo pens and natural organic vegetable mineral dyes in Srikalahasti, Andhra Pradesh. Fabric: Banglore Silk Colour Sarees. Direct from Dhanalakshmi Kalamkari master artisans.",https://www.dhanalakshmikalamkari.in/?product=DB90148,https://lh3.googleusercontent.com/d/1ZFWnh6CPcVAYpiCtgm4KblATlzQsIasv=w1200,in_stock,9000 INR,Dhanalakshmi Kalamkari,new,Apparel & Accessories > Clothing > Traditional & Ceremonial Clothing > Sarees
DB90149,Hand-Painted Srikalahasti Pen Kalamkari Banglore Silk Colour Sarees Saree (DB90149),"Authentic 100% hand-painted Srikalahasti Pen Kalamkari pure silk saree (Code: DB90149). Handcrafted with bamboo pens and natural organic vegetable mineral dyes in Srikalahasti, Andhra Pradesh. Fabric: Banglore Silk Colour Sarees. Direct from Dhanalakshmi Kalamkari master artisans.",https://www.dhanalakshmikalamkari.in/?product=DB90149,https://lh3.googleusercontent.com/d/1oi3r1eEghsjikj_PeYfolFX79fiErx_8=w1200,in_stock,9000 INR,Dhanalakshmi Kalamkari,new,Apparel & Accessories > Clothing > Traditional & Ceremonial Clothing > Sarees
DB90150,Hand-Painted Srikalahasti Pen Kalamkari Banglore Silk Colour Sarees Saree (DB90150),"Authentic 100% hand-painted Srikalahasti Pen Kalamkari pure silk saree (Code: DB90150). Handcrafted with bamboo pens and natural organic vegetable mineral dyes in Srikalahasti, Andhra Pradesh. Fabric: Banglore Silk Colour Sarees. Direct from Dhanalakshmi Kalamkari master artisans.",https://www.dhanalakshmikalamkari.in/?product=DB90150,https://lh3.googleusercontent.com/d/17A6vuWatTSoO28_Cox8_QVGBQRp46Moz=w1200,in_stock,9000 INR,Dhanalakshmi Kalamkari,new,Apparel & Accessories > Clothing > Traditional & Ceremonial Clothing > Sarees
DB90151,Hand-Painted Srikalahasti Pen Kalamkari Banglore Silk Colour Sarees Saree (DB90151),"Authentic 100% hand-painted Srikalahasti Pen Kalamkari pure silk saree (Code: DB90151). Handcrafted with bamboo pens and natural organic vegetable mineral dyes in Srikalahasti, Andhra Pradesh. Fabric: Banglore Silk Colour Sarees. Direct from Dhanalakshmi Kalamkari master artisans.",https://www.dhanalakshmikalamkari.in/?product=DB90151,https://lh3.googleusercontent.com/d/1tO9YOEmkQ_SoCohqxekg9X0Q1tESAMWH=w1200,in_stock,9000 INR,Dhanalakshmi Kalamkari,new,Apparel & Accessories > Clothing > Traditional & Ceremonial Clothing > Sarees
DB90152,Hand-Painted Srikalahasti Pen Kalamkari Banglore Silk Colour Sarees Saree (DB90152),"Authentic 100% hand-painted Srikalahasti Pen Kalamkari pure silk saree (Code: DB90152). Handcrafted with bamboo pens and natural organic vegetable mineral dyes in Srikalahasti, Andhra Pradesh. Fabric: Banglore Silk Colour Sarees. Direct from Dhanalakshmi Kalamkari master artisans.",https://www.dhanalakshmikalamkari.in/?product=DB90152,https://lh3.googleusercontent.com/d/19mIIIEa-mWOi7_EzJcm4vIikCOv0kQdK=w1200,in_stock,9000 INR,Dhanalakshmi Kalamkari,new,Apparel & Accessories > Clothing > Traditional & Ceremonial Clothing > Sarees
DB90153,Hand-Painted Srikalahasti Pen Kalamkari Banglore Silk Colour Sarees Saree (DB90153),"Authentic 100% hand-painted Srikalahasti Pen Kalamkari pure silk saree (Code: DB90153). Handcrafted with bamboo pens and natural organic vegetable mineral dyes in Srikalahasti, Andhra Pradesh. Fabric: Banglore Silk Colour Sarees. Direct from Dhanalakshmi Kalamkari master artisans.",https://www.dhanalakshmikalamkari.in/?product=DB90153,https://lh3.googleusercontent.com/d/1ny8YE6sUC7VhWQZR3DhuLG7gm0RdcUT_=w1200,in_stock,9000 INR,Dhanalakshmi Kalamkari,new,Apparel & Accessories > Clothing > Traditional & Ceremonial Clothing > Sarees
DB90154,Hand-Painted Srikalahasti Pen Kalamkari Banglore Silk Colour Sarees Saree (DB90154),"Authentic 100% hand-painted Srikalahasti Pen Kalamkari pure silk saree (Code: DB90154). Handcrafted with bamboo pens and natural organic vegetable mineral dyes in Srikalahasti, Andhra Pradesh. Fabric: Banglore Silk Colour Sarees. Direct from Dhanalakshmi Kalamkari master artisans.",https://www.dhanalakshmikalamkari.in/?product=DB90154,https://lh3.googleusercontent.com/d/186FA12lFn2hHOa4m6L_uaI3kON_glY6h=w1200,in_stock,9000 INR,Dhanalakshmi Kalamkari,new,Apparel & Accessories > Clothing > Traditional & Ceremonial Clothing > Sarees
DB90155,Hand-Painted Srikalahasti Pen Kalamkari Banglore Silk Colour Sarees Saree (DB90155),"Authentic 100% hand-painted Srikalahasti Pen Kalamkari pure silk saree (Code: DB90155). Handcrafted with bamboo pens and natural organic vegetable mineral dyes in Srikalahasti, Andhra Pradesh. Fabric: Banglore Silk Colour Sarees. Direct from Dhanalakshmi Kalamkari master artisans.",https://www.dhanalakshmikalamkari.in/?product=DB90155,https://lh3.googleusercontent.com/d/1NtCgfcuTXm-aTIwATxnJJVYquImOP_7m=w1200,in_stock,9000 INR,Dhanalakshmi Kalamkari,new,Apparel & Accessories > Clothing > Traditional & Ceremonial Clothing > Sarees
DB90156,Hand-Painted Srikalahasti Pen Kalamkari Banglore Silk Colour Sarees Saree (DB90156),"Authentic 100% hand-painted Srikalahasti Pen Kalamkari pure silk saree (Code: DB90156). Handcrafted with bamboo pens and natural organic vegetable mineral dyes in Srikalahasti, Andhra Pradesh. Fabric: Banglore Silk Colour Sarees. Direct from Dhanalakshmi Kalamkari master artisans.",https://www.dhanalakshmikalamkari.in/?product=DB90156,https://lh3.googleusercontent.com/d/1Zwomx6ehyQU7JCwhEfYS6t85ZZe990h7=w1200,in_stock,9000 INR,Dhanalakshmi Kalamkari,new,Apparel & Accessories > Clothing > Traditional & Ceremonial Clothing > Sarees
DB90157,Hand-Painted Srikalahasti Pen Kalamkari Banglore Silk Colour Sarees Saree (DB90157),"Authentic 100% hand-painted Srikalahasti Pen Kalamkari pure silk saree (Code: DB90157). Handcrafted with bamboo pens and natural organic vegetable mineral dyes in Srikalahasti, Andhra Pradesh. Fabric: Banglore Silk Colour Sarees. Direct from Dhanalakshmi Kalamkari master artisans.",https://www.dhanalakshmikalamkari.in/?product=DB90157,https://lh3.googleusercontent.com/d/1mk7FvoCsaEBhOtYMhXpuuo8y2P1uldKJ=w1200,in_stock,9000 INR,Dhanalakshmi Kalamkari,new,Apparel & Accessories > Clothing > Traditional & Ceremonial Clothing > Sarees
DB90158,Hand-Painted Srikalahasti Pen Kalamkari Banglore Silk Colour Sarees Saree (DB90158),"Authentic 100% hand-painted Srikalahasti Pen Kalamkari pure silk saree (Code: DB90158). Handcrafted with bamboo pens and natural organic vegetable mineral dyes in Srikalahasti, Andhra Pradesh. Fabric: Banglore Silk Colour Sarees. Direct from Dhanalakshmi Kalamkari master artisans.",https://www.dhanalakshmikalamkari.in/?product=DB90158,https://lh3.googleusercontent.com/d/13bB2JNKl7gY-HnVZkHNDK-Zx7FMp3Xfo=w1200,in_stock,9000 INR,Dhanalakshmi Kalamkari,new,Apparel & Accessories > Clothing > Traditional & Ceremonial Clothing > Sarees
DB90159,Hand-Painted Srikalahasti Pen Kalamkari Banglore Silk Colour Sarees Saree (DB90159),"Authentic 100% hand-painted Srikalahasti Pen Kalamkari pure silk saree (Code: DB90159). Handcrafted with bamboo pens and natural organic vegetable mineral dyes in Srikalahasti, Andhra Pradesh. Fabric: Banglore Silk Colour Sarees. Direct from Dhanalakshmi Kalamkari master artisans.",https://www.dhanalakshmikalamkari.in/?product=DB90159,https://lh3.googleusercontent.com/d/1Q9xClQPQE6muXuJFGDp0OGtu_FLzgtOJ=w1200,in_stock,9000 INR,Dhanalakshmi Kalamkari,new,Apparel & Accessories > Clothing > Traditional & Ceremonial Clothing > Sarees
DB90160,Hand-Painted Srikalahasti Pen Kalamkari Banglore Silk Colour Sarees Saree (DB90160),"Authentic 100% hand-painted Srikalahasti Pen Kalamkari pure silk saree (Code: DB90160). Handcrafted with bamboo pens and natural organic vegetable mineral dyes in Srikalahasti, Andhra Pradesh. Fabric: Banglore Silk Colour Sarees. Direct from Dhanalakshmi Kalamkari master artisans.",https://www.dhanalakshmikalamkari.in/?product=DB90160,https://lh3.googleusercontent.com/d/13nKMqIai1p9eY1X3rVO8xOHRCrZl-Q0g=w1200,in_stock,9000 INR,Dhanalakshmi Kalamkari,new,Apparel & Accessories > Clothing > Traditional & Ceremonial Clothing > Sarees
DB90161,Hand-Painted Srikalahasti Pen Kalamkari Banglore Silk Colour Sarees Saree (DB90161),"Authentic 100% hand-painted Srikalahasti Pen Kalamkari pure silk saree (Code: DB90161). Handcrafted with bamboo pens and natural organic vegetable mineral dyes in Srikalahasti, Andhra Pradesh. Fabric: Banglore Silk Colour Sarees. Direct from Dhanalakshmi Kalamkari master artisans.",https://www.dhanalakshmikalamkari.in/?product=DB90161,https://lh3.googleusercontent.com/d/1UDQdJaslWoU6qHOn5oazI3_-kRZV-zUh=w1200,in_stock,9000 INR,Dhanalakshmi Kalamkari,new,Apparel & Accessories > Clothing > Traditional & Ceremonial Clothing > Sarees
DB90162,Hand-Painted Srikalahasti Pen Kalamkari Banglore Silk Colour Sarees Saree (DB90162),"Authentic 100% hand-painted Srikalahasti Pen Kalamkari pure silk saree (Code: DB90162). Handcrafted with bamboo pens and natural organic vegetable mineral dyes in Srikalahasti, Andhra Pradesh. Fabric: Banglore Silk Colour Sarees. Direct from Dhanalakshmi Kalamkari master artisans.",https://www.dhanalakshmikalamkari.in/?product=DB90162,https://lh3.googleusercontent.com/d/1_gSvrA28fJf7TvKT3dPvc_XVkU2lOfR4=w1200,in_stock,9000 INR,Dhanalakshmi Kalamkari,new,Apparel & Accessories > Clothing > Traditional & Ceremonial Clothing > Sarees
DB90163,Hand-Painted Srikalahasti Pen Kalamkari Banglore Silk Colour Sarees Saree (DB90163),"Authentic 100% hand-painted Srikalahasti Pen Kalamkari pure silk saree (Code: DB90163). Handcrafted with bamboo pens and natural organic vegetable mineral dyes in Srikalahasti, Andhra Pradesh. Fabric: Banglore Silk Colour Sarees. Direct from Dhanalakshmi Kalamkari master artisans.",https://www.dhanalakshmikalamkari.in/?product=DB90163,https://lh3.googleusercontent.com/d/1gFa5IZluQaxkU62ukeZYH-xD0Ej8aQPo=w1200,in_stock,9000 INR,Dhanalakshmi Kalamkari,new,Apparel & Accessories > Clothing > Traditional & Ceremonial Clothing > Sarees
DB90164,Hand-Painted Srikalahasti Pen Kalamkari Banglore Silk Colour Sarees Saree (DB90164),"Authentic 100% hand-painted Srikalahasti Pen Kalamkari pure silk saree (Code: DB90164). Handcrafted with bamboo pens and natural organic vegetable mineral dyes in Srikalahasti, Andhra Pradesh. Fabric: Banglore Silk Colour Sarees. Direct from Dhanalakshmi Kalamkari master artisans.",https://www.dhanalakshmikalamkari.in/?product=DB90164,https://lh3.googleusercontent.com/d/1hBY7Ut74rPXZe4rbdNuvY2DxzanjAdFH=w1200,in_stock,9000 INR,Dhanalakshmi Kalamkari,new,Apparel & Accessories > Clothing > Traditional & Ceremonial Clothing > Sarees
DB90165,Hand-Painted Srikalahasti Pen Kalamkari Banglore Silk Colour Sarees Saree (DB90165),"Authentic 100% hand-painted Srikalahasti Pen Kalamkari pure silk saree (Code: DB90165). Handcrafted with bamboo pens and natural organic vegetable mineral dyes in Srikalahasti, Andhra Pradesh. Fabric: Banglore Silk Colour Sarees. Direct from Dhanalakshmi Kalamkari master artisans.",https://www.dhanalakshmikalamkari.in/?product=DB90165,https://lh3.googleusercontent.com/d/1nMOry6m7wk4swTTi7Azj1LG7e0UexjjT=w1200,in_stock,9000 INR,Dhanalakshmi Kalamkari,new,Apparel & Accessories > Clothing > Traditional & Ceremonial Clothing > Sarees
DB90166,Hand-Painted Srikalahasti Pen Kalamkari Banglore Silk Colour Sarees Saree (DB90166),"Authentic 100% hand-painted Srikalahasti Pen Kalamkari pure silk saree (Code: DB90166). Handcrafted with bamboo pens and natural organic vegetable mineral dyes in Srikalahasti, Andhra Pradesh. Fabric: Banglore Silk Colour Sarees. Direct from Dhanalakshmi Kalamkari master artisans.",https://www.dhanalakshmikalamkari.in/?product=DB90166,https://lh3.googleusercontent.com/d/1ssf3rWN6ntswv-dK73iCZdDbGbDmJacf=w1200,in_stock,9000 INR,Dhanalakshmi Kalamkari,new,Apparel & Accessories > Clothing > Traditional & Ceremonial Clothing > Sarees
DB90169,Hand-Painted Srikalahasti Pen Kalamkari Banglore Silk Colour Sarees Saree (DB90169),"Authentic 100% hand-painted Srikalahasti Pen Kalamkari pure silk saree (Code: DB90169). Handcrafted with bamboo pens and natural organic vegetable mineral dyes in Srikalahasti, Andhra Pradesh. Fabric: Banglore Silk Colour Sarees. Direct from Dhanalakshmi Kalamkari master artisans.",https://www.dhanalakshmikalamkari.in/?product=DB90169,https://lh3.googleusercontent.com/d/1672plw_9HOqZLA4J0_afbLcvNyPJIwoY=w1200,in_stock,9000 INR,Dhanalakshmi Kalamkari,new,Apparel & Accessories > Clothing > Traditional & Ceremonial Clothing > Sarees
DB90170,Hand-Painted Srikalahasti Pen Kalamkari Banglore Silk Colour Sarees Saree (DB90170),"Authentic 100% hand-painted Srikalahasti Pen Kalamkari pure silk saree (Code: DB90170). Handcrafted with bamboo pens and natural organic vegetable mineral dyes in Srikalahasti, Andhra Pradesh. Fabric: Banglore Silk Colour Sarees. Direct from Dhanalakshmi Kalamkari master artisans.",https://www.dhanalakshmikalamkari.in/?product=DB90170,https://lh3.googleusercontent.com/d/177L2IXxnKmCT3sP2WMq80bsykWGiE26e=w1200,in_stock,9000 INR,Dhanalakshmi Kalamkari,new,Apparel & Accessories > Clothing > Traditional & Ceremonial Clothing > Sarees
DB90171,Hand-Painted Srikalahasti Pen Kalamkari Banglore Silk Colour Sarees Saree (DB90171),"Authentic 100% hand-painted Srikalahasti Pen Kalamkari pure silk saree (Code: DB90171). Handcrafted with bamboo pens and natural organic vegetable mineral dyes in Srikalahasti, Andhra Pradesh. Fabric: Banglore Silk Colour Sarees. Direct from Dhanalakshmi Kalamkari master artisans.",https://www.dhanalakshmikalamkari.in/?product=DB90171,https://lh3.googleusercontent.com/d/19j-yC0iNFwHyZ0THm1kLivnVW0igpjEM=w1200,in_stock,9000 INR,Dhanalakshmi Kalamkari,new,Apparel & Accessories > Clothing > Traditional & Ceremonial Clothing > Sarees
DB90172,Hand-Painted Srikalahasti Pen Kalamkari Banglore Silk Colour Sarees Saree (DB90172),"Authentic 100% hand-painted Srikalahasti Pen Kalamkari pure silk saree (Code: DB90172). Handcrafted with bamboo pens and natural organic vegetable mineral dyes in Srikalahasti, Andhra Pradesh. Fabric: Banglore Silk Colour Sarees. Direct from Dhanalakshmi Kalamkari master artisans.",https://www.dhanalakshmikalamkari.in/?product=DB90172,https://lh3.googleusercontent.com/d/1Pgxe81YPEWC67tDjwtFiNeqQKuNsR6Wn=w1200,in_stock,9000 INR,Dhanalakshmi Kalamkari,new,Apparel & Accessories > Clothing > Traditional & Ceremonial Clothing > Sarees
DB90173,Hand-Painted Srikalahasti Pen Kalamkari Banglore Silk Colour Sarees Saree (DB90173),"Authentic 100% hand-painted Srikalahasti Pen Kalamkari pure silk saree (Code: DB90173). Handcrafted with bamboo pens and natural organic vegetable mineral dyes in Srikalahasti, Andhra Pradesh. Fabric: Banglore Silk Colour Sarees. Direct from Dhanalakshmi Kalamkari master artisans.",https://www.dhanalakshmikalamkari.in/?product=DB90173,https://lh3.googleusercontent.com/d/1_KsEkcgSGF8bxYQwbHhTdMFmY5WkNvYf=w1200,in_stock,9000 INR,Dhanalakshmi Kalamkari,new,Apparel & Accessories > Clothing > Traditional & Ceremonial Clothing > Sarees
DB90174,Hand-Painted Srikalahasti Pen Kalamkari Banglore Silk Colour Sarees Saree (DB90174),"Authentic 100% hand-painted Srikalahasti Pen Kalamkari pure silk saree (Code: DB90174). Handcrafted with bamboo pens and natural organic vegetable mineral dyes in Srikalahasti, Andhra Pradesh. Fabric: Banglore Silk Colour Sarees. Direct from Dhanalakshmi Kalamkari master artisans.",https://www.dhanalakshmikalamkari.in/?product=DB90174,https://lh3.googleusercontent.com/d/1BRMIfm-15Swn5Ycjq9w0-XuU497uyqwS=w1200,in_stock,9000 INR,Dhanalakshmi Kalamkari,new,Apparel & Accessories > Clothing > Traditional & Ceremonial Clothing > Sarees
DB90175,Hand-Painted Srikalahasti Pen Kalamkari Banglore Silk Colour Sarees Saree (DB90175),"Authentic 100% hand-painted Srikalahasti Pen Kalamkari pure silk saree (Code: DB90175). Handcrafted with bamboo pens and natural organic vegetable mineral dyes in Srikalahasti, Andhra Pradesh. Fabric: Banglore Silk Colour Sarees. Direct from Dhanalakshmi Kalamkari master artisans.",https://www.dhanalakshmikalamkari.in/?product=DB90175,https://lh3.googleusercontent.com/d/1ErsITuESRe_tyXgNNj6GehImwX5upc7g=w1200,in_stock,9000 INR,Dhanalakshmi Kalamkari,new,Apparel & Accessories > Clothing > Traditional & Ceremonial Clothing > Sarees
DB90176,Hand-Painted Srikalahasti Pen Kalamkari Banglore Silk Colour Sarees Saree (DB90176),"Authentic 100% hand-painted Srikalahasti Pen Kalamkari pure silk saree (Code: DB90176). Handcrafted with bamboo pens and natural organic vegetable mineral dyes in Srikalahasti, Andhra Pradesh. Fabric: Banglore Silk Colour Sarees. Direct from Dhanalakshmi Kalamkari master artisans.",https://www.dhanalakshmikalamkari.in/?product=DB90176,https://lh3.googleusercontent.com/d/1MKAjcoUC20UKx-3ttio4NnFOOQXHojpL=w1200,in_stock,9000 INR,Dhanalakshmi Kalamkari,new,Apparel & Accessories > Clothing > Traditional & Ceremonial Clothing > Sarees
DB90177,Hand-Painted Srikalahasti Pen Kalamkari Banglore Silk Colour Sarees Saree (DB90177),"Authentic 100% hand-painted Srikalahasti Pen Kalamkari pure silk saree (Code: DB90177). Handcrafted with bamboo pens and natural organic vegetable mineral dyes in Srikalahasti, Andhra Pradesh. Fabric: Banglore Silk Colour Sarees. Direct from Dhanalakshmi Kalamkari master artisans.",https://www.dhanalakshmikalamkari.in/?product=DB90177,https://lh3.googleusercontent.com/d/1_fB-ZBG0TuKfZMjm2811FJHietPPI1R1=w1200,in_stock,9000 INR,Dhanalakshmi Kalamkari,new,Apparel & Accessories > Clothing > Traditional & Ceremonial Clothing > Sarees
DB90179,Hand-Painted Srikalahasti Pen Kalamkari Banglore Silk Colour Sarees Saree (DB90179),"Authentic 100% hand-painted Srikalahasti Pen Kalamkari pure silk saree (Code: DB90179). Handcrafted with bamboo pens and natural organic vegetable mineral dyes in Srikalahasti, Andhra Pradesh. Fabric: Banglore Silk Colour Sarees. Direct from Dhanalakshmi Kalamkari master artisans.",https://www.dhanalakshmikalamkari.in/?product=DB90179,https://lh3.googleusercontent.com/d/1edyGpp9LGSbtuXWykLvG8G_mUIoyoS23=w1200,in_stock,9000 INR,Dhanalakshmi Kalamkari,new,Apparel & Accessories > Clothing > Traditional & Ceremonial Clothing > Sarees
DB90180,Hand-Painted Srikalahasti Pen Kalamkari Banglore Silk Colour Sarees Saree (DB90180),"Authentic 100% hand-painted Srikalahasti Pen Kalamkari pure silk saree (Code: DB90180). Handcrafted with bamboo pens and natural organic vegetable mineral dyes in Srikalahasti, Andhra Pradesh. Fabric: Banglore Silk Colour Sarees. Direct from Dhanalakshmi Kalamkari master artisans.",https://www.dhanalakshmikalamkari.in/?product=DB90180,https://lh3.googleusercontent.com/d/1qKj3tTNlgU9qBs7VeiaaKwJ2Yf4V6d1a=w1200,in_stock,9000 INR,Dhanalakshmi Kalamkari,new,Apparel & Accessories > Clothing > Traditional & Ceremonial Clothing > Sarees
DB90181,Hand-Painted Srikalahasti Pen Kalamkari Banglore Silk Colour Sarees Saree (DB90181),"Authentic 100% hand-painted Srikalahasti Pen Kalamkari pure silk saree (Code: DB90181). Handcrafted with bamboo pens and natural organic vegetable mineral dyes in Srikalahasti, Andhra Pradesh. Fabric: Banglore Silk Colour Sarees. Direct from Dhanalakshmi Kalamkari master artisans.",https://www.dhanalakshmikalamkari.in/?product=DB90181,https://lh3.googleusercontent.com/d/1wCDUDPpconpIWuVB42kdCLLIO-GtxDU6=w1200,in_stock,9000 INR,Dhanalakshmi Kalamkari,new,Apparel & Accessories > Clothing > Traditional & Ceremonial Clothing > Sarees
DB90182,Hand-Painted Srikalahasti Pen Kalamkari Banglore Silk Colour Sarees Saree (DB90182),"Authentic 100% hand-painted Srikalahasti Pen Kalamkari pure silk saree (Code: DB90182). Handcrafted with bamboo pens and natural organic vegetable mineral dyes in Srikalahasti, Andhra Pradesh. Fabric: Banglore Silk Colour Sarees. Direct from Dhanalakshmi Kalamkari master artisans.",https://www.dhanalakshmikalamkari.in/?product=DB90182,https://lh3.googleusercontent.com/d/1yi3jZKGdJu3EDePZOMRnXdFnXSRHdKl9=w1200,in_stock,9000 INR,Dhanalakshmi Kalamkari,new,Apparel & Accessories > Clothing > Traditional & Ceremonial Clothing > Sarees
DB90183,Hand-Painted Srikalahasti Pen Kalamkari Banglore Silk Colour Sarees Saree (DB90183),"Authentic 100% hand-painted Srikalahasti Pen Kalamkari pure silk saree (Code: DB90183). Handcrafted with bamboo pens and natural organic vegetable mineral dyes in Srikalahasti, Andhra Pradesh. Fabric: Banglore Silk Colour Sarees. Direct from Dhanalakshmi Kalamkari master artisans.",https://www.dhanalakshmikalamkari.in/?product=DB90183,https://lh3.googleusercontent.com/d/17vnxo8Vrw4_Ne6modFnasiFeyNRAot-i=w1200,in_stock,9000 INR,Dhanalakshmi Kalamkari,new,Apparel & Accessories > Clothing > Traditional & Ceremonial Clothing > Sarees
DB90184,Hand-Painted Srikalahasti Pen Kalamkari Banglore Silk Colour Sarees Saree (DB90184),"Authentic 100% hand-painted Srikalahasti Pen Kalamkari pure silk saree (Code: DB90184). Handcrafted with bamboo pens and natural organic vegetable mineral dyes in Srikalahasti, Andhra Pradesh. Fabric: Banglore Silk Colour Sarees. Direct from Dhanalakshmi Kalamkari master artisans.",https://www.dhanalakshmikalamkari.in/?product=DB90184,https://lh3.googleusercontent.com/d/18UNYN8GXOeaysdSMHlx-k-f4hxohwCRq=w1200,in_stock,9000 INR,Dhanalakshmi Kalamkari,new,Apparel & Accessories > Clothing > Traditional & Ceremonial Clothing > Sarees
DB90185,Hand-Painted Srikalahasti Pen Kalamkari Banglore Silk Colour Sarees Saree (DB90185),"Authentic 100% hand-painted Srikalahasti Pen Kalamkari pure silk saree (Code: DB90185). Handcrafted with bamboo pens and natural organic vegetable mineral dyes in Srikalahasti, Andhra Pradesh. Fabric: Banglore Silk Colour Sarees. Direct from Dhanalakshmi Kalamkari master artisans.",https://www.dhanalakshmikalamkari.in/?product=DB90185,https://lh3.googleusercontent.com/d/1GYO064zuVVLqFW9lcJzOx7es6CjwArMf=w1200,in_stock,9000 INR,Dhanalakshmi Kalamkari,new,Apparel & Accessories > Clothing > Traditional & Ceremonial Clothing > Sarees
DB90186,Hand-Painted Srikalahasti Pen Kalamkari Banglore Silk Colour Sarees Saree (DB90186),"Authentic 100% hand-painted Srikalahasti Pen Kalamkari pure silk saree (Code: DB90186). Handcrafted with bamboo pens and natural organic vegetable mineral dyes in Srikalahasti, Andhra Pradesh. Fabric: Banglore Silk Colour Sarees. Direct from Dhanalakshmi Kalamkari master artisans.",https://www.dhanalakshmikalamkari.in/?product=DB90186,https://lh3.googleusercontent.com/d/1OqfKH6uSWTkXdspVczB182kvjXWLjZOq=w1200,in_stock,9000 INR,Dhanalakshmi Kalamkari,new,Apparel & Accessories > Clothing > Traditional & Ceremonial Clothing > Sarees
DB90187,Hand-Painted Srikalahasti Pen Kalamkari Banglore Silk Colour Sarees Saree (DB90187),"Authentic 100% hand-painted Srikalahasti Pen Kalamkari pure silk saree (Code: DB90187). Handcrafted with bamboo pens and natural organic vegetable mineral dyes in Srikalahasti, Andhra Pradesh. Fabric: Banglore Silk Colour Sarees. Direct from Dhanalakshmi Kalamkari master artisans.",https://www.dhanalakshmikalamkari.in/?product=DB90187,https://lh3.googleusercontent.com/d/1elqGkArPn14U5h-yBmg9ziGfRqBq1sWw=w1200,in_stock,9000 INR,Dhanalakshmi Kalamkari,new,Apparel & Accessories > Clothing > Traditional & Ceremonial Clothing > Sarees
DB90188,Hand-Painted Srikalahasti Pen Kalamkari Banglore Silk Colour Sarees Saree (DB90188),"Authentic 100% hand-painted Srikalahasti Pen Kalamkari pure silk saree (Code: DB90188). Handcrafted with bamboo pens and natural organic vegetable mineral dyes in Srikalahasti, Andhra Pradesh. Fabric: Banglore Silk Colour Sarees. Direct from Dhanalakshmi Kalamkari master artisans.",https://www.dhanalakshmikalamkari.in/?product=DB90188,https://lh3.googleusercontent.com/d/1poR36XP30VuosPTj0wtv8Z3YOnXfQqeB=w1200,in_stock,9000 INR,Dhanalakshmi Kalamkari,new,Apparel & Accessories > Clothing > Traditional & Ceremonial Clothing > Sarees
DB90190,Hand-Painted Srikalahasti Pen Kalamkari Banglore Silk Colour Sarees Saree (DB90190),"Authentic 100% hand-painted Srikalahasti Pen Kalamkari pure silk saree (Code: DB90190). Handcrafted with bamboo pens and natural organic vegetable mineral dyes in Srikalahasti, Andhra Pradesh. Fabric: Banglore Silk Colour Sarees. Direct from Dhanalakshmi Kalamkari master artisans.",https://www.dhanalakshmikalamkari.in/?product=DB90190,https://lh3.googleusercontent.com/d/1yF0bAstN32xd29yFgnCuZS1znAqmufUl=w1200,in_stock,9000 INR,Dhanalakshmi Kalamkari,new,Apparel & Accessories > Clothing > Traditional & Ceremonial Clothing > Sarees
DB90191,Hand-Painted Srikalahasti Pen Kalamkari Banglore Silk Colour Sarees Saree (DB90191),"Authentic 100% hand-painted Srikalahasti Pen Kalamkari pure silk saree (Code: DB90191). Handcrafted with bamboo pens and natural organic vegetable mineral dyes in Srikalahasti, Andhra Pradesh. Fabric: Banglore Silk Colour Sarees. Direct from Dhanalakshmi Kalamkari master artisans.",https://www.dhanalakshmikalamkari.in/?product=DB90191,https://lh3.googleusercontent.com/d/14niYjaNg_bWhy3Xlrx7DGqoWwORiTAxB=w1200,in_stock,9000 INR,Dhanalakshmi Kalamkari,new,Apparel & Accessories > Clothing > Traditional & Ceremonial Clothing > Sarees
DB90192,Hand-Painted Srikalahasti Pen Kalamkari Banglore Silk Colour Sarees Saree (DB90192),"Authentic 100% hand-painted Srikalahasti Pen Kalamkari pure silk saree (Code: DB90192). Handcrafted with bamboo pens and natural organic vegetable mineral dyes in Srikalahasti, Andhra Pradesh. Fabric: Banglore Silk Colour Sarees. Direct from Dhanalakshmi Kalamkari master artisans.",https://www.dhanalakshmikalamkari.in/?product=DB90192,https://lh3.googleusercontent.com/d/15p1JdA7z_XsTGPTS6yARVeDZt3NFcLyT=w1200,in_stock,9000 INR,Dhanalakshmi Kalamkari,new,Apparel & Accessories > Clothing > Traditional & Ceremonial Clothing > Sarees
DB90193,Hand-Painted Srikalahasti Pen Kalamkari Banglore Silk Colour Sarees Saree (DB90193),"Authentic 100% hand-painted Srikalahasti Pen Kalamkari pure silk saree (Code: DB90193). Handcrafted with bamboo pens and natural organic vegetable mineral dyes in Srikalahasti, Andhra Pradesh. Fabric: Banglore Silk Colour Sarees. Direct from Dhanalakshmi Kalamkari master artisans.",https://www.dhanalakshmikalamkari.in/?product=DB90193,https://lh3.googleusercontent.com/d/19v2C-64dUjOT8FQ2_w02uvijwDKhXWrH=w1200,in_stock,9000 INR,Dhanalakshmi Kalamkari,new,Apparel & Accessories > Clothing > Traditional & Ceremonial Clothing > Sarees
DB90194,Hand-Painted Srikalahasti Pen Kalamkari Banglore Silk Colour Sarees Saree (DB90194),"Authentic 100% hand-painted Srikalahasti Pen Kalamkari pure silk saree (Code: DB90194). Handcrafted with bamboo pens and natural organic vegetable mineral dyes in Srikalahasti, Andhra Pradesh. Fabric: Banglore Silk Colour Sarees. Direct from Dhanalakshmi Kalamkari master artisans.",https://www.dhanalakshmikalamkari.in/?product=DB90194,https://lh3.googleusercontent.com/d/1KC-Hxvzx1g7tukmLP8byx72ViuUjLBV1=w1200,in_stock,9000 INR,Dhanalakshmi Kalamkari,new,Apparel & Accessories > Clothing > Traditional & Ceremonial Clothing > Sarees
DB90195,Hand-Painted Srikalahasti Pen Kalamkari Banglore Silk Colour Sarees Saree (DB90195),"Authentic 100% hand-painted Srikalahasti Pen Kalamkari pure silk saree (Code: DB90195). Handcrafted with bamboo pens and natural organic vegetable mineral dyes in Srikalahasti, Andhra Pradesh. Fabric: Banglore Silk Colour Sarees. Direct from Dhanalakshmi Kalamkari master artisans.",https://www.dhanalakshmikalamkari.in/?product=DB90195,https://lh3.googleusercontent.com/d/1UfVIN7KB7F2N8QgCtBWs1wF0ckvRPmuJ=w1200,in_stock,9000 INR,Dhanalakshmi Kalamkari,new,Apparel & Accessories > Clothing > Traditional & Ceremonial Clothing > Sarees
DB90196,Hand-Painted Srikalahasti Pen Kalamkari Banglore Silk Colour Sarees Saree (DB90196),"Authentic 100% hand-painted Srikalahasti Pen Kalamkari pure silk saree (Code: DB90196). Handcrafted with bamboo pens and natural organic vegetable mineral dyes in Srikalahasti, Andhra Pradesh. Fabric: Banglore Silk Colour Sarees. Direct from Dhanalakshmi Kalamkari master artisans.",https://www.dhanalakshmikalamkari.in/?product=DB90196,https://lh3.googleusercontent.com/d/1Xd6TCptuK1xySn7C6ozscHEML7eSbiY9=w1200,in_stock,9000 INR,Dhanalakshmi Kalamkari,new,Apparel & Accessories > Clothing > Traditional & Ceremonial Clothing > Sarees
DB90197,Hand-Painted Srikalahasti Pen Kalamkari Banglore Silk Colour Sarees Saree (DB90197),"Authentic 100% hand-painted Srikalahasti Pen Kalamkari pure silk saree (Code: DB90197). Handcrafted with bamboo pens and natural organic vegetable mineral dyes in Srikalahasti, Andhra Pradesh. Fabric: Banglore Silk Colour Sarees. Direct from Dhanalakshmi Kalamkari master artisans.",https://www.dhanalakshmikalamkari.in/?product=DB90197,https://lh3.googleusercontent.com/d/1ndJLM149m_OVYeWbmWdxI7NQR86T1Eei=w1200,in_stock,9000 INR,Dhanalakshmi Kalamkari,new,Apparel & Accessories > Clothing > Traditional & Ceremonial Clothing > Sarees
DB90198,Hand-Painted Srikalahasti Pen Kalamkari Banglore Silk Colour Sarees Saree (DB90198),"Authentic 100% hand-painted Srikalahasti Pen Kalamkari pure silk saree (Code: DB90198). Handcrafted with bamboo pens and natural organic vegetable mineral dyes in Srikalahasti, Andhra Pradesh. Fabric: Banglore Silk Colour Sarees. Direct from Dhanalakshmi Kalamkari master artisans.",https://www.dhanalakshmikalamkari.in/?product=DB90198,https://lh3.googleusercontent.com/d/1oHYvGN9kcor7MCUfUz4JEdJgL9AIZvhY=w1200,in_stock,9000 INR,Dhanalakshmi Kalamkari,new,Apparel & Accessories > Clothing > Traditional & Ceremonial Clothing > Sarees
DB90199,Hand-Painted Srikalahasti Pen Kalamkari Banglore Silk Colour Sarees Saree (DB90199),"Authentic 100% hand-painted Srikalahasti Pen Kalamkari pure silk saree (Code: DB90199). Handcrafted with bamboo pens and natural organic vegetable mineral dyes in Srikalahasti, Andhra Pradesh. Fabric: Banglore Silk Colour Sarees. Direct from Dhanalakshmi Kalamkari master artisans.",https://www.dhanalakshmikalamkari.in/?product=DB90199,https://lh3.googleusercontent.com/d/1w9cWGMuD2wCYXe7W_xTRKLJueaBuyJjq=w1200,in_stock,9000 INR,Dhanalakshmi Kalamkari,new,Apparel & Accessories > Clothing > Traditional & Ceremonial Clothing > Sarees
DB90200,Hand-Painted Srikalahasti Pen Kalamkari Banglore Silk Colour Sarees Saree (DB90200),"Authentic 100% hand-painted Srikalahasti Pen Kalamkari pure silk saree (Code: DB90200). Handcrafted with bamboo pens and natural organic vegetable mineral dyes in Srikalahasti, Andhra Pradesh. Fabric: Banglore Silk Colour Sarees. Direct from Dhanalakshmi Kalamkari master artisans.",https://www.dhanalakshmikalamkari.in/?product=DB90200,https://lh3.googleusercontent.com/d/1wgvc64TjDeTleKMC1KFYHkpq0lvdAJ5G=w1200,in_stock,9000 INR,Dhanalakshmi Kalamkari,new,Apparel & Accessories > Clothing > Traditional & Ceremonial Clothing > Sarees
DB90201,Hand-Painted Srikalahasti Pen Kalamkari Banglore Silk Colour Sarees Saree (DB90201),"Authentic 100% hand-painted Srikalahasti Pen Kalamkari pure silk saree (Code: DB90201). Handcrafted with bamboo pens and natural organic vegetable mineral dyes in Srikalahasti, Andhra Pradesh. Fabric: Banglore Silk Colour Sarees. Direct from Dhanalakshmi Kalamkari master artisans.",https://www.dhanalakshmikalamkari.in/?product=DB90201,https://lh3.googleusercontent.com/d/19OIBJBPwaoRV5c4oHp2TzoPYsoQJanLd=w1200,in_stock,9000 INR,Dhanalakshmi Kalamkari,new,Apparel & Accessories > Clothing > Traditional & Ceremonial Clothing > Sarees
DB90202,Hand-Painted Srikalahasti Pen Kalamkari Banglore Silk Colour Sarees Saree (DB90202),"Authentic 100% hand-painted Srikalahasti Pen Kalamkari pure silk saree (Code: DB90202). Handcrafted with bamboo pens and natural organic vegetable mineral dyes in Srikalahasti, Andhra Pradesh. Fabric: Banglore Silk Colour Sarees. Direct from Dhanalakshmi Kalamkari master artisans.",https://www.dhanalakshmikalamkari.in/?product=DB90202,https://lh3.googleusercontent.com/d/1Kdi5icMJsJrPBOCDOkUi7_YXb6sA2VrV=w1200,in_stock,9000 INR,Dhanalakshmi Kalamkari,new,Apparel & Accessories > Clothing > Traditional & Ceremonial Clothing > Sarees
DB90203,Hand-Painted Srikalahasti Pen Kalamkari Banglore Silk Colour Sarees Saree (DB90203),"Authentic 100% hand-painted Srikalahasti Pen Kalamkari pure silk saree (Code: DB90203). Handcrafted with bamboo pens and natural organic vegetable mineral dyes in Srikalahasti, Andhra Pradesh. Fabric: Banglore Silk Colour Sarees. Direct from Dhanalakshmi Kalamkari master artisans.",https://www.dhanalakshmikalamkari.in/?product=DB90203,https://lh3.googleusercontent.com/d/1PWv9Kaqw8_ITNeAeUXj3zbCXrz0lODmt=w1200,in_stock,9000 INR,Dhanalakshmi Kalamkari,new,Apparel & Accessories > Clothing > Traditional & Ceremonial Clothing > Sarees
DB90204,Hand-Painted Srikalahasti Pen Kalamkari Banglore Silk Colour Sarees Saree (DB90204),"Authentic 100% hand-painted Srikalahasti Pen Kalamkari pure silk saree (Code: DB90204). Handcrafted with bamboo pens and natural organic vegetable mineral dyes in Srikalahasti, Andhra Pradesh. Fabric: Banglore Silk Colour Sarees. Direct from Dhanalakshmi Kalamkari master artisans.",https://www.dhanalakshmikalamkari.in/?product=DB90204,https://lh3.googleusercontent.com/d/1RJoa16p1COS8MEDwfBegpYU5yq4MjLi7=w1200,in_stock,9000 INR,Dhanalakshmi Kalamkari,new,Apparel & Accessories > Clothing > Traditional & Ceremonial Clothing > Sarees
DB90205,Hand-Painted Srikalahasti Pen Kalamkari Banglore Silk Colour Sarees Saree (DB90205),"Authentic 100% hand-painted Srikalahasti Pen Kalamkari pure silk saree (Code: DB90205). Handcrafted with bamboo pens and natural organic vegetable mineral dyes in Srikalahasti, Andhra Pradesh. Fabric: Banglore Silk Colour Sarees. Direct from Dhanalakshmi Kalamkari master artisans.",https://www.dhanalakshmikalamkari.in/?product=DB90205,https://lh3.googleusercontent.com/d/1XqVjDK4Ad6GUTPhObgmnvGizukvPVD5O=w1200,in_stock,9000 INR,Dhanalakshmi Kalamkari,new,Apparel & Accessories > Clothing > Traditional & Ceremonial Clothing > Sarees
DB90206,Hand-Painted Srikalahasti Pen Kalamkari Banglore Silk Colour Sarees Saree (DB90206),"Authentic 100% hand-painted Srikalahasti Pen Kalamkari pure silk saree (Code: DB90206). Handcrafted with bamboo pens and natural organic vegetable mineral dyes in Srikalahasti, Andhra Pradesh. Fabric: Banglore Silk Colour Sarees. Direct from Dhanalakshmi Kalamkari master artisans.",https://www.dhanalakshmikalamkari.in/?product=DB90206,https://lh3.googleusercontent.com/d/1q7priPeJALIL8BYTf4JVN53i16qDTxjF=w1200,in_stock,9000 INR,Dhanalakshmi Kalamkari,new,Apparel & Accessories > Clothing > Traditional & Ceremonial Clothing > Sarees
DB90207,Hand-Painted Srikalahasti Pen Kalamkari Banglore Silk Colour Sarees Saree (DB90207),"Authentic 100% hand-painted Srikalahasti Pen Kalamkari pure silk saree (Code: DB90207). Handcrafted with bamboo pens and natural organic vegetable mineral dyes in Srikalahasti, Andhra Pradesh. Fabric: Banglore Silk Colour Sarees. Direct from Dhanalakshmi Kalamkari master artisans.",https://www.dhanalakshmikalamkari.in/?product=DB90207,https://lh3.googleusercontent.com/d/1qnBiXPDJRfjxJc0DJJEITSvHFjwmJSjU=w1200,in_stock,9000 INR,Dhanalakshmi Kalamkari,new,Apparel & Accessories > Clothing > Traditional & Ceremonial Clothing > Sarees
DB90208,Hand-Painted Srikalahasti Pen Kalamkari Banglore Silk Colour Sarees Saree (DB90208),"Authentic 100% hand-painted Srikalahasti Pen Kalamkari pure silk saree (Code: DB90208). Handcrafted with bamboo pens and natural organic vegetable mineral dyes in Srikalahasti, Andhra Pradesh. Fabric: Banglore Silk Colour Sarees. Direct from Dhanalakshmi Kalamkari master artisans.",https://www.dhanalakshmikalamkari.in/?product=DB90208,https://lh3.googleusercontent.com/d/1gNnHDFLZGvFTL5PrVWP8G3Ox-qrewoJM=w1200,in_stock,9000 INR,Dhanalakshmi Kalamkari,new,Apparel & Accessories > Clothing > Traditional & Ceremonial Clothing > Sarees
DB90209,Hand-Painted Srikalahasti Pen Kalamkari Banglore Silk Colour Sarees Saree (DB90209),"Authentic 100% hand-painted Srikalahasti Pen Kalamkari pure silk saree (Code: DB90209). Handcrafted with bamboo pens and natural organic vegetable mineral dyes in Srikalahasti, Andhra Pradesh. Fabric: Banglore Silk Colour Sarees. Direct from Dhanalakshmi Kalamkari master artisans.",https://www.dhanalakshmikalamkari.in/?product=DB90209,https://lh3.googleusercontent.com/d/1gn0e2FlHYBTOjcBnh8Su0g0WC8sMiIDI=w1200,in_stock,9000 INR,Dhanalakshmi Kalamkari,new,Apparel & Accessories > Clothing > Traditional & Ceremonial Clothing > Sarees
DB90210,Hand-Painted Srikalahasti Pen Kalamkari Banglore Silk Colour Sarees Saree (DB90210),"Authentic 100% hand-painted Srikalahasti Pen Kalamkari pure silk saree (Code: DB90210). Handcrafted with bamboo pens and natural organic vegetable mineral dyes in Srikalahasti, Andhra Pradesh. Fabric: Banglore Silk Colour Sarees. Direct from Dhanalakshmi Kalamkari master artisans.",https://www.dhanalakshmikalamkari.in/?product=DB90210,https://lh3.googleusercontent.com/d/18nditsb-MegKO5HumxycMJ-qSJU35DdP=w1200,in_stock,9000 INR,Dhanalakshmi Kalamkari,new,Apparel & Accessories > Clothing > Traditional & Ceremonial Clothing > Sarees
DB85202,Hand-Painted Srikalahasti Pen Kalamkari Banglore Silk Colour Sarees Saree (DB85202),"Authentic 100% hand-painted Srikalahasti Pen Kalamkari pure silk saree (Code: DB85202). Handcrafted with bamboo pens and natural organic vegetable mineral dyes in Srikalahasti, Andhra Pradesh. Fabric: Banglore Silk Colour Sarees. Direct from Dhanalakshmi Kalamkari master artisans.",https://www.dhanalakshmikalamkari.in/?product=DB85202,https://lh3.googleusercontent.com/d/1BlOqW8KRSbFniUs04UZexZs1kzthWT_w=w1200,in_stock,8500 INR,Dhanalakshmi Kalamkari,new,Apparel & Accessories > Clothing > Traditional & Ceremonial Clothing > Sarees
DB85203,Hand-Painted Srikalahasti Pen Kalamkari Banglore Silk Colour Sarees Saree (DB85203),"Authentic 100% hand-painted Srikalahasti Pen Kalamkari pure silk saree (Code: DB85203). Handcrafted with bamboo pens and natural organic vegetable mineral dyes in Srikalahasti, Andhra Pradesh. Fabric: Banglore Silk Colour Sarees. Direct from Dhanalakshmi Kalamkari master artisans.",https://www.dhanalakshmikalamkari.in/?product=DB85203,https://lh3.googleusercontent.com/d/10vhuPbrDf01wP0a7A7_l4AePXMYh_qCF=w1200,in_stock,8500 INR,Dhanalakshmi Kalamkari,new,Apparel & Accessories > Clothing > Traditional & Ceremonial Clothing > Sarees
DB85204,Hand-Painted Srikalahasti Pen Kalamkari Banglore Silk Colour Sarees Saree (DB85204),"Authentic 100% hand-painted Srikalahasti Pen Kalamkari pure silk saree (Code: DB85204). Handcrafted with bamboo pens and natural organic vegetable mineral dyes in Srikalahasti, Andhra Pradesh. Fabric: Banglore Silk Colour Sarees. Direct from Dhanalakshmi Kalamkari master artisans.",https://www.dhanalakshmikalamkari.in/?product=DB85204,https://lh3.googleusercontent.com/d/14BPfiRlAKj3aqcKVS3oiCO2L_73qWByt=w1200,in_stock,8500 INR,Dhanalakshmi Kalamkari,new,Apparel & Accessories > Clothing > Traditional & Ceremonial Clothing > Sarees
DB85205,Hand-Painted Srikalahasti Pen Kalamkari Banglore Silk Colour Sarees Saree (DB85205),"Authentic 100% hand-painted Srikalahasti Pen Kalamkari pure silk saree (Code: DB85205). Handcrafted with bamboo pens and natural organic vegetable mineral dyes in Srikalahasti, Andhra Pradesh. Fabric: Banglore Silk Colour Sarees. Direct from Dhanalakshmi Kalamkari master artisans.",https://www.dhanalakshmikalamkari.in/?product=DB85205,https://lh3.googleusercontent.com/d/1KfJoqtlSBfwWQuXrgIsasdPegvtHUN4O=w1200,in_stock,8500 INR,Dhanalakshmi Kalamkari,new,Apparel & Accessories > Clothing > Traditional & Ceremonial Clothing > Sarees
DB85206,Hand-Painted Srikalahasti Pen Kalamkari Banglore Silk Colour Sarees Saree (DB85206),"Authentic 100% hand-painted Srikalahasti Pen Kalamkari pure silk saree (Code: DB85206). Handcrafted with bamboo pens and natural organic vegetable mineral dyes in Srikalahasti, Andhra Pradesh. Fabric: Banglore Silk Colour Sarees. Direct from Dhanalakshmi Kalamkari master artisans.",https://www.dhanalakshmikalamkari.in/?product=DB85206,https://lh3.googleusercontent.com/d/1jWsnW-arur8GvC_9t1fB0suQr-tzLtTh=w1200,in_stock,8500 INR,Dhanalakshmi Kalamkari,new,Apparel & Accessories > Clothing > Traditional & Ceremonial Clothing > Sarees
DB85207,Hand-Painted Srikalahasti Pen Kalamkari Banglore Silk Colour Sarees Saree (DB85207),"Authentic 100% hand-painted Srikalahasti Pen Kalamkari pure silk saree (Code: DB85207). Handcrafted with bamboo pens and natural organic vegetable mineral dyes in Srikalahasti, Andhra Pradesh. Fabric: Banglore Silk Colour Sarees. Direct from Dhanalakshmi Kalamkari master artisans.",https://www.dhanalakshmikalamkari.in/?product=DB85207,https://lh3.googleusercontent.com/d/1qoBS4tEcnnjHjczicq8ar3DbGyt60wFD=w1200,in_stock,8500 INR,Dhanalakshmi Kalamkari,new,Apparel & Accessories > Clothing > Traditional & Ceremonial Clothing > Sarees
DB85208,Hand-Painted Srikalahasti Pen Kalamkari Banglore Silk Colour Sarees Saree (DB85208),"Authentic 100% hand-painted Srikalahasti Pen Kalamkari pure silk saree (Code: DB85208). Handcrafted with bamboo pens and natural organic vegetable mineral dyes in Srikalahasti, Andhra Pradesh. Fabric: Banglore Silk Colour Sarees. Direct from Dhanalakshmi Kalamkari master artisans.",https://www.dhanalakshmikalamkari.in/?product=DB85208,https://lh3.googleusercontent.com/d/1twksyqOrsLbTc9QPzOTL0fnozsCvJYqG=w1200,in_stock,8500 INR,Dhanalakshmi Kalamkari,new,Apparel & Accessories > Clothing > Traditional & Ceremonial Clothing > Sarees
DB85209,Hand-Painted Srikalahasti Pen Kalamkari Banglore Silk Colour Sarees Saree (DB85209),"Authentic 100% hand-painted Srikalahasti Pen Kalamkari pure silk saree (Code: DB85209). Handcrafted with bamboo pens and natural organic vegetable mineral dyes in Srikalahasti, Andhra Pradesh. Fabric: Banglore Silk Colour Sarees. Direct from Dhanalakshmi Kalamkari master artisans.",https://www.dhanalakshmikalamkari.in/?product=DB85209,https://lh3.googleusercontent.com/d/16Wh_iNtgVXrHeTSLnnhNF3hL9J6u505p=w1200,in_stock,8500 INR,Dhanalakshmi Kalamkari,new,Apparel & Accessories > Clothing > Traditional & Ceremonial Clothing > Sarees
DB85210,Hand-Painted Srikalahasti Pen Kalamkari Banglore Silk Colour Sarees Saree (DB85210),"Authentic 100% hand-painted Srikalahasti Pen Kalamkari pure silk saree (Code: DB85210). Handcrafted with bamboo pens and natural organic vegetable mineral dyes in Srikalahasti, Andhra Pradesh. Fabric: Banglore Silk Colour Sarees. Direct from Dhanalakshmi Kalamkari master artisans.",https://www.dhanalakshmikalamkari.in/?product=DB85210,https://lh3.googleusercontent.com/d/1FJDmD-78iASy1xqEvGRx4-ApUCVE1JZ0=w1200,in_stock,8500 INR,Dhanalakshmi Kalamkari,new,Apparel & Accessories > Clothing > Traditional & Ceremonial Clothing > Sarees
DB85211,Hand-Painted Srikalahasti Pen Kalamkari Banglore Silk Colour Sarees Saree (DB85211),"Authentic 100% hand-painted Srikalahasti Pen Kalamkari pure silk saree (Code: DB85211). Handcrafted with bamboo pens and natural organic vegetable mineral dyes in Srikalahasti, Andhra Pradesh. Fabric: Banglore Silk Colour Sarees. Direct from Dhanalakshmi Kalamkari master artisans.",https://www.dhanalakshmikalamkari.in/?product=DB85211,https://lh3.googleusercontent.com/d/1FUoVWEQEduPzfRhy4tT6KkpS6BWuuc--=w1200,in_stock,8500 INR,Dhanalakshmi Kalamkari,new,Apparel & Accessories > Clothing > Traditional & Ceremonial Clothing > Sarees
DB85212,Hand-Painted Srikalahasti Pen Kalamkari Banglore Silk Colour Sarees Saree (DB85212),"Authentic 100% hand-painted Srikalahasti Pen Kalamkari pure silk saree (Code: DB85212). Handcrafted with bamboo pens and natural organic vegetable mineral dyes in Srikalahasti, Andhra Pradesh. Fabric: Banglore Silk Colour Sarees. Direct from Dhanalakshmi Kalamkari master artisans.",https://www.dhanalakshmikalamkari.in/?product=DB85212,https://lh3.googleusercontent.com/d/1SW89M3RLCP3_dGSMfPuC-_hLgnj_Po5l=w1200,in_stock,8500 INR,Dhanalakshmi Kalamkari,new,Apparel & Accessories > Clothing > Traditional & Ceremonial Clothing > Sarees
DB85213,Hand-Painted Srikalahasti Pen Kalamkari Banglore Silk Colour Sarees Saree (DB85213),"Authentic 100% hand-painted Srikalahasti Pen Kalamkari pure silk saree (Code: DB85213). Handcrafted with bamboo pens and natural organic vegetable mineral dyes in Srikalahasti, Andhra Pradesh. Fabric: Banglore Silk Colour Sarees. Direct from Dhanalakshmi Kalamkari master artisans.",https://www.dhanalakshmikalamkari.in/?product=DB85213,https://lh3.googleusercontent.com/d/1TCQq9mno1eB_SLlybMXCvjUeukJ-FBFY=w1200,in_stock,8500 INR,Dhanalakshmi Kalamkari,new,Apparel & Accessories > Clothing > Traditional & Ceremonial Clothing > Sarees
DB85214,Hand-Painted Srikalahasti Pen Kalamkari Banglore Silk Colour Sarees Saree (DB85214),"Authentic 100% hand-painted Srikalahasti Pen Kalamkari pure silk saree (Code: DB85214). Handcrafted with bamboo pens and natural organic vegetable mineral dyes in Srikalahasti, Andhra Pradesh. Fabric: Banglore Silk Colour Sarees. Direct from Dhanalakshmi Kalamkari master artisans.",https://www.dhanalakshmikalamkari.in/?product=DB85214,https://lh3.googleusercontent.com/d/1pE975rhnDYCyscisOJRlN-LfdG_3AhMY=w1200,in_stock,8500 INR,Dhanalakshmi Kalamkari,new,Apparel & Accessories > Clothing > Traditional & Ceremonial Clothing > Sarees
DB85215,Hand-Painted Srikalahasti Pen Kalamkari Banglore Silk Colour Sarees Saree (DB85215),"Authentic 100% hand-painted Srikalahasti Pen Kalamkari pure silk saree (Code: DB85215). Handcrafted with bamboo pens and natural organic vegetable mineral dyes in Srikalahasti, Andhra Pradesh. Fabric: Banglore Silk Colour Sarees. Direct from Dhanalakshmi Kalamkari master artisans.",https://www.dhanalakshmikalamkari.in/?product=DB85215,https://lh3.googleusercontent.com/d/1sa0Xxmo-sGCb31cpfGUrcKy-GkI9MJOv=w1200,in_stock,8500 INR,Dhanalakshmi Kalamkari,new,Apparel & Accessories > Clothing > Traditional & Ceremonial Clothing > Sarees
DB85216,Hand-Painted Srikalahasti Pen Kalamkari Banglore Silk Colour Sarees Saree (DB85216),"Authentic 100% hand-painted Srikalahasti Pen Kalamkari pure silk saree (Code: DB85216). Handcrafted with bamboo pens and natural organic vegetable mineral dyes in Srikalahasti, Andhra Pradesh. Fabric: Banglore Silk Colour Sarees. Direct from Dhanalakshmi Kalamkari master artisans.",https://www.dhanalakshmikalamkari.in/?product=DB85216,https://lh3.googleusercontent.com/d/1v9TIDJ1OjOeyDy0XfCPZRp0dTJfWUrxA=w1200,in_stock,8500 INR,Dhanalakshmi Kalamkari,new,Apparel & Accessories > Clothing > Traditional & Ceremonial Clothing > Sarees
DB85217,Hand-Painted Srikalahasti Pen Kalamkari Banglore Silk Colour Sarees Saree (DB85217),"Authentic 100% hand-painted Srikalahasti Pen Kalamkari pure silk saree (Code: DB85217). Handcrafted with bamboo pens and natural organic vegetable mineral dyes in Srikalahasti, Andhra Pradesh. Fabric: Banglore Silk Colour Sarees. Direct from Dhanalakshmi Kalamkari master artisans.",https://www.dhanalakshmikalamkari.in/?product=DB85217,https://lh3.googleusercontent.com/d/163e1tXf-8mIo974JD8xTaH6n8Y5q9RAf=w1200,in_stock,8500 INR,Dhanalakshmi Kalamkari,new,Apparel & Accessories > Clothing > Traditional & Ceremonial Clothing > Sarees
DB85219,Hand-Painted Srikalahasti Pen Kalamkari Banglore Silk Colour Sarees Saree (DB85219),"Authentic 100% hand-painted Srikalahasti Pen Kalamkari pure silk saree (Code: DB85219). Handcrafted with bamboo pens and natural organic vegetable mineral dyes in Srikalahasti, Andhra Pradesh. Fabric: Banglore Silk Colour Sarees. Direct from Dhanalakshmi Kalamkari master artisans.",https://www.dhanalakshmikalamkari.in/?product=DB85219,https://lh3.googleusercontent.com/d/1P1Xxs4fyPkCsR0zkp5mkE7X7y4iBFQit=w1200,in_stock,8500 INR,Dhanalakshmi Kalamkari,new,Apparel & Accessories > Clothing > Traditional & Ceremonial Clothing > Sarees
DB85220,Hand-Painted Srikalahasti Pen Kalamkari Banglore Silk Colour Sarees Saree (DB85220),"Authentic 100% hand-painted Srikalahasti Pen Kalamkari pure silk saree (Code: DB85220). Handcrafted with bamboo pens and natural organic vegetable mineral dyes in Srikalahasti, Andhra Pradesh. Fabric: Banglore Silk Colour Sarees. Direct from Dhanalakshmi Kalamkari master artisans.",https://www.dhanalakshmikalamkari.in/?product=DB85220,https://lh3.googleusercontent.com/d/1X184XrnZ0RZO4QoEwdfe1w3oWivJ1aWm=w1200,in_stock,8500 INR,Dhanalakshmi Kalamkari,new,Apparel & Accessories > Clothing > Traditional & Ceremonial Clothing > Sarees
DB85221,Hand-Painted Srikalahasti Pen Kalamkari Banglore Silk Colour Sarees Saree (DB85221),"Authentic 100% hand-painted Srikalahasti Pen Kalamkari pure silk saree (Code: DB85221). Handcrafted with bamboo pens and natural organic vegetable mineral dyes in Srikalahasti, Andhra Pradesh. Fabric: Banglore Silk Colour Sarees. Direct from Dhanalakshmi Kalamkari master artisans.",https://www.dhanalakshmikalamkari.in/?product=DB85221,https://lh3.googleusercontent.com/d/1qCF1JVDahBS37hOjeR6zDJgUsAPG5up_=w1200,in_stock,8500 INR,Dhanalakshmi Kalamkari,new,Apparel & Accessories > Clothing > Traditional & Ceremonial Clothing > Sarees
DB85222,Hand-Painted Srikalahasti Pen Kalamkari Banglore Silk Colour Sarees Saree (DB85222),"Authentic 100% hand-painted Srikalahasti Pen Kalamkari pure silk saree (Code: DB85222). Handcrafted with bamboo pens and natural organic vegetable mineral dyes in Srikalahasti, Andhra Pradesh. Fabric: Banglore Silk Colour Sarees. Direct from Dhanalakshmi Kalamkari master artisans.",https://www.dhanalakshmikalamkari.in/?product=DB85222,https://lh3.googleusercontent.com/d/1tI9T74RMATOZwUbc9JSbH7Oq70cgFOl2=w1200,in_stock,8500 INR,Dhanalakshmi Kalamkari,new,Apparel & Accessories > Clothing > Traditional & Ceremonial Clothing > Sarees
DB85223,Hand-Painted Srikalahasti Pen Kalamkari Banglore Silk Colour Sarees Saree (DB85223),"Authentic 100% hand-painted Srikalahasti Pen Kalamkari pure silk saree (Code: DB85223). Handcrafted with bamboo pens and natural organic vegetable mineral dyes in Srikalahasti, Andhra Pradesh. Fabric: Banglore Silk Colour Sarees. Direct from Dhanalakshmi Kalamkari master artisans.",https://www.dhanalakshmikalamkari.in/?product=DB85223,https://lh3.googleusercontent.com/d/14YcqEqF1hsVVvz7W_yRBlMJcrPIAbftn=w1200,in_stock,8500 INR,Dhanalakshmi Kalamkari,new,Apparel & Accessories > Clothing > Traditional & Ceremonial Clothing > Sarees
DB85224,Hand-Painted Srikalahasti Pen Kalamkari Banglore Silk Colour Sarees Saree (DB85224),"Authentic 100% hand-painted Srikalahasti Pen Kalamkari pure silk saree (Code: DB85224). Handcrafted with bamboo pens and natural organic vegetable mineral dyes in Srikalahasti, Andhra Pradesh. Fabric: Banglore Silk Colour Sarees. Direct from Dhanalakshmi Kalamkari master artisans.",https://www.dhanalakshmikalamkari.in/?product=DB85224,https://lh3.googleusercontent.com/d/13poFaD5eI8OIJIiWP_nucae8auKmIv-G=w1200,in_stock,8500 INR,Dhanalakshmi Kalamkari,new,Apparel & Accessories > Clothing > Traditional & Ceremonial Clothing > Sarees
DB85225,Hand-Painted Srikalahasti Pen Kalamkari Banglore Silk Colour Sarees Saree (DB85225),"Authentic 100% hand-painted Srikalahasti Pen Kalamkari pure silk saree (Code: DB85225). Handcrafted with bamboo pens and natural organic vegetable mineral dyes in Srikalahasti, Andhra Pradesh. Fabric: Banglore Silk Colour Sarees. Direct from Dhanalakshmi Kalamkari master artisans.",https://www.dhanalakshmikalamkari.in/?product=DB85225,https://lh3.googleusercontent.com/d/1AZAGiMDoZBduQMeyrydEUWHViuE3y0XK=w1200,in_stock,8500 INR,Dhanalakshmi Kalamkari,new,Apparel & Accessories > Clothing > Traditional & Ceremonial Clothing > Sarees
DB85226,Hand-Painted Srikalahasti Pen Kalamkari Banglore Silk Colour Sarees Saree (DB85226),"Authentic 100% hand-painted Srikalahasti Pen Kalamkari pure silk saree (Code: DB85226). Handcrafted with bamboo pens and natural organic vegetable mineral dyes in Srikalahasti, Andhra Pradesh. Fabric: Banglore Silk Colour Sarees. Direct from Dhanalakshmi Kalamkari master artisans.",https://www.dhanalakshmikalamkari.in/?product=DB85226,https://lh3.googleusercontent.com/d/1Ogq2gJH4inyNL_ShJzwcZk7C1_h3X37s=w1200,in_stock,8500 INR,Dhanalakshmi Kalamkari,new,Apparel & Accessories > Clothing > Traditional & Ceremonial Clothing > Sarees
DB85227,Hand-Painted Srikalahasti Pen Kalamkari Banglore Silk Colour Sarees Saree (DB85227),"Authentic 100% hand-painted Srikalahasti Pen Kalamkari pure silk saree (Code: DB85227). Handcrafted with bamboo pens and natural organic vegetable mineral dyes in Srikalahasti, Andhra Pradesh. Fabric: Banglore Silk Colour Sarees. Direct from Dhanalakshmi Kalamkari master artisans.",https://www.dhanalakshmikalamkari.in/?product=DB85227,https://lh3.googleusercontent.com/d/1qcJ7ofTjOAQY1zpAk_0CmLuQLOTHC0LW=w1200,in_stock,8500 INR,Dhanalakshmi Kalamkari,new,Apparel & Accessories > Clothing > Traditional & Ceremonial Clothing > Sarees
DB85228,Hand-Painted Srikalahasti Pen Kalamkari Banglore Silk Colour Sarees Saree (DB85228),"Authentic 100% hand-painted Srikalahasti Pen Kalamkari pure silk saree (Code: DB85228). Handcrafted with bamboo pens and natural organic vegetable mineral dyes in Srikalahasti, Andhra Pradesh. Fabric: Banglore Silk Colour Sarees. Direct from Dhanalakshmi Kalamkari master artisans.",https://www.dhanalakshmikalamkari.in/?product=DB85228,https://lh3.googleusercontent.com/d/1s_Tm5ZodnmWsOhakulIF0zp3h8kFxZzk=w1200,in_stock,8500 INR,Dhanalakshmi Kalamkari,new,Apparel & Accessories > Clothing > Traditional & Ceremonial Clothing > Sarees
DB85229,Hand-Painted Srikalahasti Pen Kalamkari Banglore Silk Colour Sarees Saree (DB85229),"Authentic 100% hand-painted Srikalahasti Pen Kalamkari pure silk saree (Code: DB85229). Handcrafted with bamboo pens and natural organic vegetable mineral dyes in Srikalahasti, Andhra Pradesh. Fabric: Banglore Silk Colour Sarees. Direct from Dhanalakshmi Kalamkari master artisans.",https://www.dhanalakshmikalamkari.in/?product=DB85229,https://lh3.googleusercontent.com/d/1vLEVirI_DisUsFaeQGZIkxAFwsPt3fAv=w1200,in_stock,8500 INR,Dhanalakshmi Kalamkari,new,Apparel & Accessories > Clothing > Traditional & Ceremonial Clothing > Sarees
DB85230,Hand-Painted Srikalahasti Pen Kalamkari Banglore Silk Colour Sarees Saree (DB85230),"Authentic 100% hand-painted Srikalahasti Pen Kalamkari pure silk saree (Code: DB85230). Handcrafted with bamboo pens and natural organic vegetable mineral dyes in Srikalahasti, Andhra Pradesh. Fabric: Banglore Silk Colour Sarees. Direct from Dhanalakshmi Kalamkari master artisans.",https://www.dhanalakshmikalamkari.in/?product=DB85230,https://lh3.googleusercontent.com/d/1w420vuRMm9F26_sOlHqPes3U_HqnRyky=w1200,in_stock,8500 INR,Dhanalakshmi Kalamkari,new,Apparel & Accessories > Clothing > Traditional & Ceremonial Clothing > Sarees
DB85231,Hand-Painted Srikalahasti Pen Kalamkari Banglore Silk Colour Sarees Saree (DB85231),"Authentic 100% hand-painted Srikalahasti Pen Kalamkari pure silk saree (Code: DB85231). Handcrafted with bamboo pens and natural organic vegetable mineral dyes in Srikalahasti, Andhra Pradesh. Fabric: Banglore Silk Colour Sarees. Direct from Dhanalakshmi Kalamkari master artisans.",https://www.dhanalakshmikalamkari.in/?product=DB85231,https://lh3.googleusercontent.com/d/141U_HOkRLIGoiPCWbo3dYR2vFTv3xQfk=w1200,in_stock,8500 INR,Dhanalakshmi Kalamkari,new,Apparel & Accessories > Clothing > Traditional & Ceremonial Clothing > Sarees
DB85233,Hand-Painted Srikalahasti Pen Kalamkari Banglore Silk Colour Sarees Saree (DB85233),"Authentic 100% hand-painted Srikalahasti Pen Kalamkari pure silk saree (Code: DB85233). Handcrafted with bamboo pens and natural organic vegetable mineral dyes in Srikalahasti, Andhra Pradesh. Fabric: Banglore Silk Colour Sarees. Direct from Dhanalakshmi Kalamkari master artisans.",https://www.dhanalakshmikalamkari.in/?product=DB85233,https://lh3.googleusercontent.com/d/1ZCiWR9Qmy2yY5DovKWJuARa_dLnb5pC_=w1200,in_stock,8500 INR,Dhanalakshmi Kalamkari,new,Apparel & Accessories > Clothing > Traditional & Ceremonial Clothing > Sarees
DB85234,Hand-Painted Srikalahasti Pen Kalamkari Banglore Silk Colour Sarees Saree (DB85234),"Authentic 100% hand-painted Srikalahasti Pen Kalamkari pure silk saree (Code: DB85234). Handcrafted with bamboo pens and natural organic vegetable mineral dyes in Srikalahasti, Andhra Pradesh. Fabric: Banglore Silk Colour Sarees. Direct from Dhanalakshmi Kalamkari master artisans.",https://www.dhanalakshmikalamkari.in/?product=DB85234,https://lh3.googleusercontent.com/d/1uD8cb8K5_uLxOQYHWIg_InhpSXbQl2MY=w1200,in_stock,8500 INR,Dhanalakshmi Kalamkari,new,Apparel & Accessories > Clothing > Traditional & Ceremonial Clothing > Sarees
DB85235,Hand-Painted Srikalahasti Pen Kalamkari Banglore Silk Colour Sarees Saree (DB85235),"Authentic 100% hand-painted Srikalahasti Pen Kalamkari pure silk saree (Code: DB85235). Handcrafted with bamboo pens and natural organic vegetable mineral dyes in Srikalahasti, Andhra Pradesh. Fabric: Banglore Silk Colour Sarees. Direct from Dhanalakshmi Kalamkari master artisans.",https://www.dhanalakshmikalamkari.in/?product=DB85235,https://lh3.googleusercontent.com/d/1S_A5bN8D0Jv7PJbbTS4Qe0yvDvyGCrCX=w1200,in_stock,8500 INR,Dhanalakshmi Kalamkari,new,Apparel & Accessories > Clothing > Traditional & Ceremonial Clothing > Sarees
DB85236,Hand-Painted Srikalahasti Pen Kalamkari Banglore Silk Colour Sarees Saree (DB85236),"Authentic 100% hand-painted Srikalahasti Pen Kalamkari pure silk saree (Code: DB85236). Handcrafted with bamboo pens and natural organic vegetable mineral dyes in Srikalahasti, Andhra Pradesh. Fabric: Banglore Silk Colour Sarees. Direct from Dhanalakshmi Kalamkari master artisans.",https://www.dhanalakshmikalamkari.in/?product=DB85236,https://lh3.googleusercontent.com/d/1ooh16Jih9j_t_JpzjBOpQ_VXMlZHRc4U=w1200,in_stock,8500 INR,Dhanalakshmi Kalamkari,new,Apparel & Accessories > Clothing > Traditional & Ceremonial Clothing > Sarees
DB85237,Hand-Painted Srikalahasti Pen Kalamkari Banglore Silk Colour Sarees Saree (DB85237),"Authentic 100% hand-painted Srikalahasti Pen Kalamkari pure silk saree (Code: DB85237). Handcrafted with bamboo pens and natural organic vegetable mineral dyes in Srikalahasti, Andhra Pradesh. Fabric: Banglore Silk Colour Sarees. Direct from Dhanalakshmi Kalamkari master artisans.",https://www.dhanalakshmikalamkari.in/?product=DB85237,https://lh3.googleusercontent.com/d/1-C4iJ_Ms6MwiMytASiGz2WXh3Dzsgkyy=w1200,in_stock,8500 INR,Dhanalakshmi Kalamkari,new,Apparel & Accessories > Clothing > Traditional & Ceremonial Clothing > Sarees
DB85238,Hand-Painted Srikalahasti Pen Kalamkari Banglore Silk Colour Sarees Saree (DB85238),"Authentic 100% hand-painted Srikalahasti Pen Kalamkari pure silk saree (Code: DB85238). Handcrafted with bamboo pens and natural organic vegetable mineral dyes in Srikalahasti, Andhra Pradesh. Fabric: Banglore Silk Colour Sarees. Direct from Dhanalakshmi Kalamkari master artisans.",https://www.dhanalakshmikalamkari.in/?product=DB85238,https://lh3.googleusercontent.com/d/1Ao7Zae0l3ML09IaUnxJqrDWNIITTE2Gu=w1200,in_stock,8500 INR,Dhanalakshmi Kalamkari,new,Apparel & Accessories > Clothing > Traditional & Ceremonial Clothing > Sarees
DB85239,Hand-Painted Srikalahasti Pen Kalamkari Banglore Silk Colour Sarees Saree (DB85239),"Authentic 100% hand-painted Srikalahasti Pen Kalamkari pure silk saree (Code: DB85239). Handcrafted with bamboo pens and natural organic vegetable mineral dyes in Srikalahasti, Andhra Pradesh. Fabric: Banglore Silk Colour Sarees. Direct from Dhanalakshmi Kalamkari master artisans.",https://www.dhanalakshmikalamkari.in/?product=DB85239,https://lh3.googleusercontent.com/d/1EKyc8D2LoCIFFobReKJ8b4l_KmlNOz0E=w1200,in_stock,8500 INR,Dhanalakshmi Kalamkari,new,Apparel & Accessories > Clothing > Traditional & Ceremonial Clothing > Sarees
DB85240,Hand-Painted Srikalahasti Pen Kalamkari Banglore Silk Colour Sarees Saree (DB85240),"Authentic 100% hand-painted Srikalahasti Pen Kalamkari pure silk saree (Code: DB85240). Handcrafted with bamboo pens and natural organic vegetable mineral dyes in Srikalahasti, Andhra Pradesh. Fabric: Banglore Silk Colour Sarees. Direct from Dhanalakshmi Kalamkari master artisans.",https://www.dhanalakshmikalamkari.in/?product=DB85240,https://lh3.googleusercontent.com/d/1Ug41NugDNRK1EwRP4d_90VvWwZ7kAXB_=w1200,in_stock,8500 INR,Dhanalakshmi Kalamkari,new,Apparel & Accessories > Clothing > Traditional & Ceremonial Clothing > Sarees
DB85241,Hand-Painted Srikalahasti Pen Kalamkari Banglore Silk Colour Sarees Saree (DB85241),"Authentic 100% hand-painted Srikalahasti Pen Kalamkari pure silk saree (Code: DB85241). Handcrafted with bamboo pens and natural organic vegetable mineral dyes in Srikalahasti, Andhra Pradesh. Fabric: Banglore Silk Colour Sarees. Direct from Dhanalakshmi Kalamkari master artisans.",https://www.dhanalakshmikalamkari.in/?product=DB85241,https://lh3.googleusercontent.com/d/1f-PC2Pyb0I0HgoaxK0I3yo4OKJ02EKY3=w1200,in_stock,8500 INR,Dhanalakshmi Kalamkari,new,Apparel & Accessories > Clothing > Traditional & Ceremonial Clothing > Sarees
DB85242,Hand-Painted Srikalahasti Pen Kalamkari Banglore Silk Colour Sarees Saree (DB85242),"Authentic 100% hand-painted Srikalahasti Pen Kalamkari pure silk saree (Code: DB85242). Handcrafted with bamboo pens and natural organic vegetable mineral dyes in Srikalahasti, Andhra Pradesh. Fabric: Banglore Silk Colour Sarees. Direct from Dhanalakshmi Kalamkari master artisans.",https://www.dhanalakshmikalamkari.in/?product=DB85242,https://lh3.googleusercontent.com/d/10VZWGrc0f9TVaYtemKl9zOO04f6tI4ml=w1200,in_stock,8500 INR,Dhanalakshmi Kalamkari,new,Apparel & Accessories > Clothing > Traditional & Ceremonial Clothing > Sarees
DB85243,Hand-Painted Srikalahasti Pen Kalamkari Banglore Silk Colour Sarees Saree (DB85243),"Authentic 100% hand-painted Srikalahasti Pen Kalamkari pure silk saree (Code: DB85243). Handcrafted with bamboo pens and natural organic vegetable mineral dyes in Srikalahasti, Andhra Pradesh. Fabric: Banglore Silk Colour Sarees. Direct from Dhanalakshmi Kalamkari master artisans.",https://www.dhanalakshmikalamkari.in/?product=DB85243,https://lh3.googleusercontent.com/d/1AhSm3D_LRFaYTak1rDWzmNiJ6eL2nIqj=w1200,in_stock,8500 INR,Dhanalakshmi Kalamkari,new,Apparel & Accessories > Clothing > Traditional & Ceremonial Clothing > Sarees
DB85244,Hand-Painted Srikalahasti Pen Kalamkari Banglore Silk Colour Sarees Saree (DB85244),"Authentic 100% hand-painted Srikalahasti Pen Kalamkari pure silk saree (Code: DB85244). Handcrafted with bamboo pens and natural organic vegetable mineral dyes in Srikalahasti, Andhra Pradesh. Fabric: Banglore Silk Colour Sarees. Direct from Dhanalakshmi Kalamkari master artisans.",https://www.dhanalakshmikalamkari.in/?product=DB85244,https://lh3.googleusercontent.com/d/1Fs8xtsgwBMkzFeBn_-DVglm3_AEBOLim=w1200,in_stock,8500 INR,Dhanalakshmi Kalamkari,new,Apparel & Accessories > Clothing > Traditional & Ceremonial Clothing > Sarees
DB85245,Hand-Painted Srikalahasti Pen Kalamkari Banglore Silk Colour Sarees Saree (DB85245),"Authentic 100% hand-painted Srikalahasti Pen Kalamkari pure silk saree (Code: DB85245). Handcrafted with bamboo pens and natural organic vegetable mineral dyes in Srikalahasti, Andhra Pradesh. Fabric: Banglore Silk Colour Sarees. Direct from Dhanalakshmi Kalamkari master artisans.",https://www.dhanalakshmikalamkari.in/?product=DB85245,https://lh3.googleusercontent.com/d/1JbvNcCiDmOyI33m14VgxgHrvp3s_CJax=w1200,in_stock,8500 INR,Dhanalakshmi Kalamkari,new,Apparel & Accessories > Clothing > Traditional & Ceremonial Clothing > Sarees
DB85246,Hand-Painted Srikalahasti Pen Kalamkari Banglore Silk Colour Sarees Saree (DB85246),"Authentic 100% hand-painted Srikalahasti Pen Kalamkari pure silk saree (Code: DB85246). Handcrafted with bamboo pens and natural organic vegetable mineral dyes in Srikalahasti, Andhra Pradesh. Fabric: Banglore Silk Colour Sarees. Direct from Dhanalakshmi Kalamkari master artisans.",https://www.dhanalakshmikalamkari.in/?product=DB85246,https://lh3.googleusercontent.com/d/1_B-bRFFpXlR1J65imEM6uipLM_ERkXvI=w1200,in_stock,8500 INR,Dhanalakshmi Kalamkari,new,Apparel & Accessories > Clothing > Traditional & Ceremonial Clothing > Sarees
DB85247,Hand-Painted Srikalahasti Pen Kalamkari Banglore Silk Colour Sarees Saree (DB85247),"Authentic 100% hand-painted Srikalahasti Pen Kalamkari pure silk saree (Code: DB85247). Handcrafted with bamboo pens and natural organic vegetable mineral dyes in Srikalahasti, Andhra Pradesh. Fabric: Banglore Silk Colour Sarees. Direct from Dhanalakshmi Kalamkari master artisans.",https://www.dhanalakshmikalamkari.in/?product=DB85247,https://lh3.googleusercontent.com/d/1eja7qIUpaGZIsY7iKAhLuj_pVbFSXvKQ=w1200,in_stock,8500 INR,Dhanalakshmi Kalamkari,new,Apparel & Accessories > Clothing > Traditional & Ceremonial Clothing > Sarees
DB85248,Hand-Painted Srikalahasti Pen Kalamkari Banglore Silk Colour Sarees Saree (DB85248),"Authentic 100% hand-painted Srikalahasti Pen Kalamkari pure silk saree (Code: DB85248). Handcrafted with bamboo pens and natural organic vegetable mineral dyes in Srikalahasti, Andhra Pradesh. Fabric: Banglore Silk Colour Sarees. Direct from Dhanalakshmi Kalamkari master artisans.",https://www.dhanalakshmikalamkari.in/?product=DB85248,https://lh3.googleusercontent.com/d/1jtDjQ-XCvXbvDcmVwAYn1-vUcIBKkRMG=w1200,in_stock,8500 INR,Dhanalakshmi Kalamkari,new,Apparel & Accessories > Clothing > Traditional & Ceremonial Clothing > Sarees
DB85249,Hand-Painted Srikalahasti Pen Kalamkari Banglore Silk Colour Sarees Saree (DB85249),"Authentic 100% hand-painted Srikalahasti Pen Kalamkari pure silk saree (Code: DB85249). Handcrafted with bamboo pens and natural organic vegetable mineral dyes in Srikalahasti, Andhra Pradesh. Fabric: Banglore Silk Colour Sarees. Direct from Dhanalakshmi Kalamkari master artisans.",https://www.dhanalakshmikalamkari.in/?product=DB85249,https://lh3.googleusercontent.com/d/1l0fk9L80h7iEHbECy2uXbgns7bMH9WVl=w1200,in_stock,8500 INR,Dhanalakshmi Kalamkari,new,Apparel & Accessories > Clothing > Traditional & Ceremonial Clothing > Sarees
DB85250,Hand-Painted Srikalahasti Pen Kalamkari Banglore Silk Colour Sarees Saree (DB85250),"Authentic 100% hand-painted Srikalahasti Pen Kalamkari pure silk saree (Code: DB85250). Handcrafted with bamboo pens and natural organic vegetable mineral dyes in Srikalahasti, Andhra Pradesh. Fabric: Banglore Silk Colour Sarees. Direct from Dhanalakshmi Kalamkari master artisans.",https://www.dhanalakshmikalamkari.in/?product=DB85250,https://lh3.googleusercontent.com/d/14msffnEnwLJGtlwaz26a66PBon8zfq8m=w1200,in_stock,8500 INR,Dhanalakshmi Kalamkari,new,Apparel & Accessories > Clothing > Traditional & Ceremonial Clothing > Sarees
DB85251,Hand-Painted Srikalahasti Pen Kalamkari Banglore Silk Colour Sarees Saree (DB85251),"Authentic 100% hand-painted Srikalahasti Pen Kalamkari pure silk saree (Code: DB85251). Handcrafted with bamboo pens and natural organic vegetable mineral dyes in Srikalahasti, Andhra Pradesh. Fabric: Banglore Silk Colour Sarees. Direct from Dhanalakshmi Kalamkari master artisans.",https://www.dhanalakshmikalamkari.in/?product=DB85251,https://lh3.googleusercontent.com/d/1EbEPqV-8uJT8erdIKRvpVqP0Wis4eI7y=w1200,in_stock,8500 INR,Dhanalakshmi Kalamkari,new,Apparel & Accessories > Clothing > Traditional & Ceremonial Clothing > Sarees
DB85252,Hand-Painted Srikalahasti Pen Kalamkari Banglore Silk Colour Sarees Saree (DB85252),"Authentic 100% hand-painted Srikalahasti Pen Kalamkari pure silk saree (Code: DB85252). Handcrafted with bamboo pens and natural organic vegetable mineral dyes in Srikalahasti, Andhra Pradesh. Fabric: Banglore Silk Colour Sarees. Direct from Dhanalakshmi Kalamkari master artisans.",https://www.dhanalakshmikalamkari.in/?product=DB85252,https://lh3.googleusercontent.com/d/1GyizKnq8buuqCPT0YHhqtUzoUnJtYVUc=w1200,in_stock,8500 INR,Dhanalakshmi Kalamkari,new,Apparel & Accessories > Clothing > Traditional & Ceremonial Clothing > Sarees
DB85253,Hand-Painted Srikalahasti Pen Kalamkari Banglore Silk Colour Sarees Saree (DB85253),"Authentic 100% hand-painted Srikalahasti Pen Kalamkari pure silk saree (Code: DB85253). Handcrafted with bamboo pens and natural organic vegetable mineral dyes in Srikalahasti, Andhra Pradesh. Fabric: Banglore Silk Colour Sarees. Direct from Dhanalakshmi Kalamkari master artisans.",https://www.dhanalakshmikalamkari.in/?product=DB85253,https://lh3.googleusercontent.com/d/1K_sY9l8z90O5fsnSANxMD0wbsQAqzzIc=w1200,in_stock,8500 INR,Dhanalakshmi Kalamkari,new,Apparel & Accessories > Clothing > Traditional & Ceremonial Clothing > Sarees
DB85254,Hand-Painted Srikalahasti Pen Kalamkari Banglore Silk Colour Sarees Saree (DB85254),"Authentic 100% hand-painted Srikalahasti Pen Kalamkari pure silk saree (Code: DB85254). Handcrafted with bamboo pens and natural organic vegetable mineral dyes in Srikalahasti, Andhra Pradesh. Fabric: Banglore Silk Colour Sarees. Direct from Dhanalakshmi Kalamkari master artisans.",https://www.dhanalakshmikalamkari.in/?product=DB85254,https://lh3.googleusercontent.com/d/1_D91ErKGSWMt1uQGcyfdXe6F-aBzAIiM=w1200,in_stock,8500 INR,Dhanalakshmi Kalamkari,new,Apparel & Accessories > Clothing > Traditional & Ceremonial Clothing > Sarees
DB85255,Hand-Painted Srikalahasti Pen Kalamkari Banglore Silk Colour Sarees Saree (DB85255),"Authentic 100% hand-painted Srikalahasti Pen Kalamkari pure silk saree (Code: DB85255). Handcrafted with bamboo pens and natural organic vegetable mineral dyes in Srikalahasti, Andhra Pradesh. Fabric: Banglore Silk Colour Sarees. Direct from Dhanalakshmi Kalamkari master artisans.",https://www.dhanalakshmikalamkari.in/?product=DB85255,https://lh3.googleusercontent.com/d/1_VZgf-DBCruOy6yLomf_IyhCLgIXJjWP=w1200,in_stock,8500 INR,Dhanalakshmi Kalamkari,new,Apparel & Accessories > Clothing > Traditional & Ceremonial Clothing > Sarees
DB85256,Hand-Painted Srikalahasti Pen Kalamkari Banglore Silk Colour Sarees Saree (DB85256),"Authentic 100% hand-painted Srikalahasti Pen Kalamkari pure silk saree (Code: DB85256). Handcrafted with bamboo pens and natural organic vegetable mineral dyes in Srikalahasti, Andhra Pradesh. Fabric: Banglore Silk Colour Sarees. Direct from Dhanalakshmi Kalamkari master artisans.",https://www.dhanalakshmikalamkari.in/?product=DB85256,https://lh3.googleusercontent.com/d/1yDF6TdKjqgsH7eBo7j46z6jxn7cbm5zA=w1200,in_stock,8500 INR,Dhanalakshmi Kalamkari,new,Apparel & Accessories > Clothing > Traditional & Ceremonial Clothing > Sarees
DB85257,Hand-Painted Srikalahasti Pen Kalamkari Banglore Silk Colour Sarees Saree (DB85257),"Authentic 100% hand-painted Srikalahasti Pen Kalamkari pure silk saree (Code: DB85257). Handcrafted with bamboo pens and natural organic vegetable mineral dyes in Srikalahasti, Andhra Pradesh. Fabric: Banglore Silk Colour Sarees. Direct from Dhanalakshmi Kalamkari master artisans.",https://www.dhanalakshmikalamkari.in/?product=DB85257,https://lh3.googleusercontent.com/d/1Vq3YJAjD2gP_OFijfS1YBPWdQ0JTNron=w1200,in_stock,8500 INR,Dhanalakshmi Kalamkari,new,Apparel & Accessories > Clothing > Traditional & Ceremonial Clothing > Sarees
DB85258,Hand-Painted Srikalahasti Pen Kalamkari Banglore Silk Colour Sarees Saree (DB85258),"Authentic 100% hand-painted Srikalahasti Pen Kalamkari pure silk saree (Code: DB85258). Handcrafted with bamboo pens and natural organic vegetable mineral dyes in Srikalahasti, Andhra Pradesh. Fabric: Banglore Silk Colour Sarees. Direct from Dhanalakshmi Kalamkari master artisans.",https://www.dhanalakshmikalamkari.in/?product=DB85258,https://lh3.googleusercontent.com/d/14Zq8avdDKuDtjtOXvmoPuw-ZNyHA3x9c=w1200,in_stock,8500 INR,Dhanalakshmi Kalamkari,new,Apparel & Accessories > Clothing > Traditional & Ceremonial Clothing > Sarees
DB85259,Hand-Painted Srikalahasti Pen Kalamkari Banglore Silk Colour Sarees Saree (DB85259),"Authentic 100% hand-painted Srikalahasti Pen Kalamkari pure silk saree (Code: DB85259). Handcrafted with bamboo pens and natural organic vegetable mineral dyes in Srikalahasti, Andhra Pradesh. Fabric: Banglore Silk Colour Sarees. Direct from Dhanalakshmi Kalamkari master artisans.",https://www.dhanalakshmikalamkari.in/?product=DB85259,https://lh3.googleusercontent.com/d/16KteYeUjU-2AcenpSrEI4yi1U06-Oo9D=w1200,in_stock,8500 INR,Dhanalakshmi Kalamkari,new,Apparel & Accessories > Clothing > Traditional & Ceremonial Clothing > Sarees
DB85260,Hand-Painted Srikalahasti Pen Kalamkari Banglore Silk Colour Sarees Saree (DB85260),"Authentic 100% hand-painted Srikalahasti Pen Kalamkari pure silk saree (Code: DB85260). Handcrafted with bamboo pens and natural organic vegetable mineral dyes in Srikalahasti, Andhra Pradesh. Fabric: Banglore Silk Colour Sarees. Direct from Dhanalakshmi Kalamkari master artisans.",https://www.dhanalakshmikalamkari.in/?product=DB85260,https://lh3.googleusercontent.com/d/18lYlX8IkEzLySMMdHLIZvcweOjruR_fL=w1200,in_stock,8500 INR,Dhanalakshmi Kalamkari,new,Apparel & Accessories > Clothing > Traditional & Ceremonial Clothing > Sarees
DB85261,Hand-Painted Srikalahasti Pen Kalamkari Banglore Silk Colour Sarees Saree (DB85261),"Authentic 100% hand-painted Srikalahasti Pen Kalamkari pure silk saree (Code: DB85261). Handcrafted with bamboo pens and natural organic vegetable mineral dyes in Srikalahasti, Andhra Pradesh. Fabric: Banglore Silk Colour Sarees. Direct from Dhanalakshmi Kalamkari master artisans.",https://www.dhanalakshmikalamkari.in/?product=DB85261,https://lh3.googleusercontent.com/d/19izSGpwjZNd1wcDUmujiRog40CPoifxH=w1200,in_stock,8500 INR,Dhanalakshmi Kalamkari,new,Apparel & Accessories > Clothing > Traditional & Ceremonial Clothing > Sarees
DB85262,Hand-Painted Srikalahasti Pen Kalamkari Banglore Silk Colour Sarees Saree (DB85262),"Authentic 100% hand-painted Srikalahasti Pen Kalamkari pure silk saree (Code: DB85262). Handcrafted with bamboo pens and natural organic vegetable mineral dyes in Srikalahasti, Andhra Pradesh. Fabric: Banglore Silk Colour Sarees. Direct from Dhanalakshmi Kalamkari master artisans.",https://www.dhanalakshmikalamkari.in/?product=DB85262,https://lh3.googleusercontent.com/d/1FEJZnO_2M1YvbEOs3Qa81VAPiVCkopZZ=w1200,in_stock,8500 INR,Dhanalakshmi Kalamkari,new,Apparel & Accessories > Clothing > Traditional & Ceremonial Clothing > Sarees
DB85263,Hand-Painted Srikalahasti Pen Kalamkari Banglore Silk Colour Sarees Saree (DB85263),"Authentic 100% hand-painted Srikalahasti Pen Kalamkari pure silk saree (Code: DB85263). Handcrafted with bamboo pens and natural organic vegetable mineral dyes in Srikalahasti, Andhra Pradesh. Fabric: Banglore Silk Colour Sarees. Direct from Dhanalakshmi Kalamkari master artisans.",https://www.dhanalakshmikalamkari.in/?product=DB85263,https://lh3.googleusercontent.com/d/1Z3pHGnlr6XG8P8ZE_hPM3c41cwKnMYuJ=w1200,in_stock,8500 INR,Dhanalakshmi Kalamkari,new,Apparel & Accessories > Clothing > Traditional & Ceremonial Clothing > Sarees
DB85264,Hand-Painted Srikalahasti Pen Kalamkari Banglore Silk Colour Sarees Saree (DB85264),"Authentic 100% hand-painted Srikalahasti Pen Kalamkari pure silk saree (Code: DB85264). Handcrafted with bamboo pens and natural organic vegetable mineral dyes in Srikalahasti, Andhra Pradesh. Fabric: Banglore Silk Colour Sarees. Direct from Dhanalakshmi Kalamkari master artisans.",https://www.dhanalakshmikalamkari.in/?product=DB85264,https://lh3.googleusercontent.com/d/1cu31GjZrkhgVermr1XNqS8bAagyN_MNc=w1200,in_stock,8500 INR,Dhanalakshmi Kalamkari,new,Apparel & Accessories > Clothing > Traditional & Ceremonial Clothing > Sarees
DB85265,Hand-Painted Srikalahasti Pen Kalamkari Banglore Silk Colour Sarees Saree (DB85265),"Authentic 100% hand-painted Srikalahasti Pen Kalamkari pure silk saree (Code: DB85265). Handcrafted with bamboo pens and natural organic vegetable mineral dyes in Srikalahasti, Andhra Pradesh. Fabric: Banglore Silk Colour Sarees. Direct from Dhanalakshmi Kalamkari master artisans.",https://www.dhanalakshmikalamkari.in/?product=DB85265,https://lh3.googleusercontent.com/d/1jkJpEJQeN37xVZroFohtgcFTH1O8EcgD=w1200,in_stock,8500 INR,Dhanalakshmi Kalamkari,new,Apparel & Accessories > Clothing > Traditional & Ceremonial Clothing > Sarees
DB85266,Hand-Painted Srikalahasti Pen Kalamkari Banglore Silk Colour Sarees Saree (DB85266),"Authentic 100% hand-painted Srikalahasti Pen Kalamkari pure silk saree (Code: DB85266). Handcrafted with bamboo pens and natural organic vegetable mineral dyes in Srikalahasti, Andhra Pradesh. Fabric: Banglore Silk Colour Sarees. Direct from Dhanalakshmi Kalamkari master artisans.",https://www.dhanalakshmikalamkari.in/?product=DB85266,https://lh3.googleusercontent.com/d/1mkL6WHW3j2CFpRbwmrsfjDm6It1WqM8v=w1200,in_stock,8500 INR,Dhanalakshmi Kalamkari,new,Apparel & Accessories > Clothing > Traditional & Ceremonial Clothing > Sarees
DB85267,Hand-Painted Srikalahasti Pen Kalamkari Banglore Silk Colour Sarees Saree (DB85267),"Authentic 100% hand-painted Srikalahasti Pen Kalamkari pure silk saree (Code: DB85267). Handcrafted with bamboo pens and natural organic vegetable mineral dyes in Srikalahasti, Andhra Pradesh. Fabric: Banglore Silk Colour Sarees. Direct from Dhanalakshmi Kalamkari master artisans.",https://www.dhanalakshmikalamkari.in/?product=DB85267,https://lh3.googleusercontent.com/d/1rTGM07Ey3Mrc2AG5b7PdkJ2x2b41lOAr=w1200,in_stock,8500 INR,Dhanalakshmi Kalamkari,new,Apparel & Accessories > Clothing > Traditional & Ceremonial Clothing > Sarees
DB85268,Hand-Painted Srikalahasti Pen Kalamkari Banglore Silk Colour Sarees Saree (DB85268),"Authentic 100% hand-painted Srikalahasti Pen Kalamkari pure silk saree (Code: DB85268). Handcrafted with bamboo pens and natural organic vegetable mineral dyes in Srikalahasti, Andhra Pradesh. Fabric: Banglore Silk Colour Sarees. Direct from Dhanalakshmi Kalamkari master artisans.",https://www.dhanalakshmikalamkari.in/?product=DB85268,https://lh3.googleusercontent.com/d/1tbAXMV-yGHl0rda-yIflT5yia38S4SkC=w1200,in_stock,8500 INR,Dhanalakshmi Kalamkari,new,Apparel & Accessories > Clothing > Traditional & Ceremonial Clothing > Sarees
DB85269,Hand-Painted Srikalahasti Pen Kalamkari Banglore Silk Colour Sarees Saree (DB85269),"Authentic 100% hand-painted Srikalahasti Pen Kalamkari pure silk saree (Code: DB85269). Handcrafted with bamboo pens and natural organic vegetable mineral dyes in Srikalahasti, Andhra Pradesh. Fabric: Banglore Silk Colour Sarees. Direct from Dhanalakshmi Kalamkari master artisans.",https://www.dhanalakshmikalamkari.in/?product=DB85269,https://lh3.googleusercontent.com/d/129XMuc4L__s3x0-JrG8R6vd9yKGGlncQ=w1200,in_stock,8500 INR,Dhanalakshmi Kalamkari,new,Apparel & Accessories > Clothing > Traditional & Ceremonial Clothing > Sarees
DB85270,Hand-Painted Srikalahasti Pen Kalamkari Banglore Silk Colour Sarees Saree (DB85270),"Authentic 100% hand-painted Srikalahasti Pen Kalamkari pure silk saree (Code: DB85270). Handcrafted with bamboo pens and natural organic vegetable mineral dyes in Srikalahasti, Andhra Pradesh. Fabric: Banglore Silk Colour Sarees. Direct from Dhanalakshmi Kalamkari master artisans.",https://www.dhanalakshmikalamkari.in/?product=DB85270,https://lh3.googleusercontent.com/d/1E9hoqUgam66zJ_iRNxmKOSAI_gT8XKbx=w1200,in_stock,8500 INR,Dhanalakshmi Kalamkari,new,Apparel & Accessories > Clothing > Traditional & Ceremonial Clothing > Sarees
DB85271,Hand-Painted Srikalahasti Pen Kalamkari Banglore Silk Colour Sarees Saree (DB85271),"Authentic 100% hand-painted Srikalahasti Pen Kalamkari pure silk saree (Code: DB85271). Handcrafted with bamboo pens and natural organic vegetable mineral dyes in Srikalahasti, Andhra Pradesh. Fabric: Banglore Silk Colour Sarees. Direct from Dhanalakshmi Kalamkari master artisans.",https://www.dhanalakshmikalamkari.in/?product=DB85271,https://lh3.googleusercontent.com/d/1MGh3UmZZvTLnfZ69g7J10Mmkz8Duw5Pl=w1200,in_stock,8500 INR,Dhanalakshmi Kalamkari,new,Apparel & Accessories > Clothing > Traditional & Ceremonial Clothing > Sarees
DB85272,Hand-Painted Srikalahasti Pen Kalamkari Banglore Silk Colour Sarees Saree (DB85272),"Authentic 100% hand-painted Srikalahasti Pen Kalamkari pure silk saree (Code: DB85272). Handcrafted with bamboo pens and natural organic vegetable mineral dyes in Srikalahasti, Andhra Pradesh. Fabric: Banglore Silk Colour Sarees. Direct from Dhanalakshmi Kalamkari master artisans.",https://www.dhanalakshmikalamkari.in/?product=DB85272,https://lh3.googleusercontent.com/d/1OiFamaOOqn1tR_deKCVBW4LYgNs3L2Uf=w1200,in_stock,8500 INR,Dhanalakshmi Kalamkari,new,Apparel & Accessories > Clothing > Traditional & Ceremonial Clothing > Sarees
DB85273,Hand-Painted Srikalahasti Pen Kalamkari Banglore Silk Colour Sarees Saree (DB85273),"Authentic 100% hand-painted Srikalahasti Pen Kalamkari pure silk saree (Code: DB85273). Handcrafted with bamboo pens and natural organic vegetable mineral dyes in Srikalahasti, Andhra Pradesh. Fabric: Banglore Silk Colour Sarees. Direct from Dhanalakshmi Kalamkari master artisans.",https://www.dhanalakshmikalamkari.in/?product=DB85273,https://lh3.googleusercontent.com/d/1TWdiwpqIN6UPAD_wjhb9MWaB1nwyrnuA=w1200,in_stock,8500 INR,Dhanalakshmi Kalamkari,new,Apparel & Accessories > Clothing > Traditional & Ceremonial Clothing > Sarees
DB85274,Hand-Painted Srikalahasti Pen Kalamkari Banglore Silk Colour Sarees Saree (DB85274),"Authentic 100% hand-painted Srikalahasti Pen Kalamkari pure silk saree (Code: DB85274). Handcrafted with bamboo pens and natural organic vegetable mineral dyes in Srikalahasti, Andhra Pradesh. Fabric: Banglore Silk Colour Sarees. Direct from Dhanalakshmi Kalamkari master artisans.",https://www.dhanalakshmikalamkari.in/?product=DB85274,https://lh3.googleusercontent.com/d/1hv3kcyn2YcUD6KBVrpBg_mEAvGJaW1QQ=w1200,in_stock,8500 INR,Dhanalakshmi Kalamkari,new,Apparel & Accessories > Clothing > Traditional & Ceremonial Clothing > Sarees
DB85276,Hand-Painted Srikalahasti Pen Kalamkari Banglore Silk Colour Sarees Saree (DB85276),"Authentic 100% hand-painted Srikalahasti Pen Kalamkari pure silk saree (Code: DB85276). Handcrafted with bamboo pens and natural organic vegetable mineral dyes in Srikalahasti, Andhra Pradesh. Fabric: Banglore Silk Colour Sarees. Direct from Dhanalakshmi Kalamkari master artisans.",https://www.dhanalakshmikalamkari.in/?product=DB85276,https://lh3.googleusercontent.com/d/1tOv79CMojF3fCVBa1_zDq6XnJ8Mbk4kV=w1200,in_stock,8500 INR,Dhanalakshmi Kalamkari,new,Apparel & Accessories > Clothing > Traditional & Ceremonial Clothing > Sarees
DB85277,Hand-Painted Srikalahasti Pen Kalamkari Banglore Silk Colour Sarees Saree (DB85277),"Authentic 100% hand-painted Srikalahasti Pen Kalamkari pure silk saree (Code: DB85277). Handcrafted with bamboo pens and natural organic vegetable mineral dyes in Srikalahasti, Andhra Pradesh. Fabric: Banglore Silk Colour Sarees. Direct from Dhanalakshmi Kalamkari master artisans.",https://www.dhanalakshmikalamkari.in/?product=DB85277,https://lh3.googleusercontent.com/d/1vXrHf-a_TTIARmoyhbFdPcPNrpgcGTcJ=w1200,in_stock,8500 INR,Dhanalakshmi Kalamkari,new,Apparel & Accessories > Clothing > Traditional & Ceremonial Clothing > Sarees
DB85278,Hand-Painted Srikalahasti Pen Kalamkari Banglore Silk Colour Sarees Saree (DB85278),"Authentic 100% hand-painted Srikalahasti Pen Kalamkari pure silk saree (Code: DB85278). Handcrafted with bamboo pens and natural organic vegetable mineral dyes in Srikalahasti, Andhra Pradesh. Fabric: Banglore Silk Colour Sarees. Direct from Dhanalakshmi Kalamkari master artisans.",https://www.dhanalakshmikalamkari.in/?product=DB85278,https://lh3.googleusercontent.com/d/1-LQ6gY-465dlUVEOQM2wdgItIkPxBvZo=w1200,in_stock,8500 INR,Dhanalakshmi Kalamkari,new,Apparel & Accessories > Clothing > Traditional & Ceremonial Clothing > Sarees
DB85279,Hand-Painted Srikalahasti Pen Kalamkari Banglore Silk Colour Sarees Saree (DB85279),"Authentic 100% hand-painted Srikalahasti Pen Kalamkari pure silk saree (Code: DB85279). Handcrafted with bamboo pens and natural organic vegetable mineral dyes in Srikalahasti, Andhra Pradesh. Fabric: Banglore Silk Colour Sarees. Direct from Dhanalakshmi Kalamkari master artisans.",https://www.dhanalakshmikalamkari.in/?product=DB85279,https://lh3.googleusercontent.com/d/14dcjRuhfyQJpbkPeQnhkY4_9GS-l2imE=w1200,in_stock,8500 INR,Dhanalakshmi Kalamkari,new,Apparel & Accessories > Clothing > Traditional & Ceremonial Clothing > Sarees
DB85280,Hand-Painted Srikalahasti Pen Kalamkari Banglore Silk Colour Sarees Saree (DB85280),"Authentic 100% hand-painted Srikalahasti Pen Kalamkari pure silk saree (Code: DB85280). Handcrafted with bamboo pens and natural organic vegetable mineral dyes in Srikalahasti, Andhra Pradesh. Fabric: Banglore Silk Colour Sarees. Direct from Dhanalakshmi Kalamkari master artisans.",https://www.dhanalakshmikalamkari.in/?product=DB85280,https://lh3.googleusercontent.com/d/1DnXbXH-erFoSyxatdEp5aZMEGEdMTMET=w1200,in_stock,8500 INR,Dhanalakshmi Kalamkari,new,Apparel & Accessories > Clothing > Traditional & Ceremonial Clothing > Sarees
DB85281,Hand-Painted Srikalahasti Pen Kalamkari Banglore Silk Colour Sarees Saree (DB85281),"Authentic 100% hand-painted Srikalahasti Pen Kalamkari pure silk saree (Code: DB85281). Handcrafted with bamboo pens and natural organic vegetable mineral dyes in Srikalahasti, Andhra Pradesh. Fabric: Banglore Silk Colour Sarees. Direct from Dhanalakshmi Kalamkari master artisans.",https://www.dhanalakshmikalamkari.in/?product=DB85281,https://lh3.googleusercontent.com/d/1DnrIVpUOrXPlR7hoL9_XWmHFDQQX_xHF=w1200,in_stock,8500 INR,Dhanalakshmi Kalamkari,new,Apparel & Accessories > Clothing > Traditional & Ceremonial Clothing > Sarees
DB85282,Hand-Painted Srikalahasti Pen Kalamkari Banglore Silk Colour Sarees Saree (DB85282),"Authentic 100% hand-painted Srikalahasti Pen Kalamkari pure silk saree (Code: DB85282). Handcrafted with bamboo pens and natural organic vegetable mineral dyes in Srikalahasti, Andhra Pradesh. Fabric: Banglore Silk Colour Sarees. Direct from Dhanalakshmi Kalamkari master artisans.",https://www.dhanalakshmikalamkari.in/?product=DB85282,https://lh3.googleusercontent.com/d/1NvNN-pIeYVnL-EAhHvkSBR8Gr94pNRhR=w1200,in_stock,8500 INR,Dhanalakshmi Kalamkari,new,Apparel & Accessories > Clothing > Traditional & Ceremonial Clothing > Sarees
DB85283,Hand-Painted Srikalahasti Pen Kalamkari Banglore Silk Colour Sarees Saree (DB85283),"Authentic 100% hand-painted Srikalahasti Pen Kalamkari pure silk saree (Code: DB85283). Handcrafted with bamboo pens and natural organic vegetable mineral dyes in Srikalahasti, Andhra Pradesh. Fabric: Banglore Silk Colour Sarees. Direct from Dhanalakshmi Kalamkari master artisans.",https://www.dhanalakshmikalamkari.in/?product=DB85283,https://lh3.googleusercontent.com/d/1QBKuwr5cE_JtekO0dlX_Y2LOF9UOSi-w=w1200,in_stock,8500 INR,Dhanalakshmi Kalamkari,new,Apparel & Accessories > Clothing > Traditional & Ceremonial Clothing > Sarees
DB85284,Hand-Painted Srikalahasti Pen Kalamkari Banglore Silk Colour Sarees Saree (DB85284),"Authentic 100% hand-painted Srikalahasti Pen Kalamkari pure silk saree (Code: DB85284). Handcrafted with bamboo pens and natural organic vegetable mineral dyes in Srikalahasti, Andhra Pradesh. Fabric: Banglore Silk Colour Sarees. Direct from Dhanalakshmi Kalamkari master artisans.",https://www.dhanalakshmikalamkari.in/?product=DB85284,https://lh3.googleusercontent.com/d/1QK6SwgthLm8Wnox7rV7eTn7xQRXL5VeY=w1200,in_stock,8500 INR,Dhanalakshmi Kalamkari,new,Apparel & Accessories > Clothing > Traditional & Ceremonial Clothing > Sarees
DB85286,Hand-Painted Srikalahasti Pen Kalamkari Banglore Silk Colour Sarees Saree (DB85286),"Authentic 100% hand-painted Srikalahasti Pen Kalamkari pure silk saree (Code: DB85286). Handcrafted with bamboo pens and natural organic vegetable mineral dyes in Srikalahasti, Andhra Pradesh. Fabric: Banglore Silk Colour Sarees. Direct from Dhanalakshmi Kalamkari master artisans.",https://www.dhanalakshmikalamkari.in/?product=DB85286,https://lh3.googleusercontent.com/d/1iqQ6ygi8UegtbMzliMYykFunOYUDdOQV=w1200,in_stock,8500 INR,Dhanalakshmi Kalamkari,new,Apparel & Accessories > Clothing > Traditional & Ceremonial Clothing > Sarees
DB85287,Hand-Painted Srikalahasti Pen Kalamkari Banglore Silk Colour Sarees Saree (DB85287),"Authentic 100% hand-painted Srikalahasti Pen Kalamkari pure silk saree (Code: DB85287). Handcrafted with bamboo pens and natural organic vegetable mineral dyes in Srikalahasti, Andhra Pradesh. Fabric: Banglore Silk Colour Sarees. Direct from Dhanalakshmi Kalamkari master artisans.",https://www.dhanalakshmikalamkari.in/?product=DB85287,https://lh3.googleusercontent.com/d/1qlIhEsEjRhY74PxSzfupJ0vGPMtsWfR8=w1200,in_stock,8500 INR,Dhanalakshmi Kalamkari,new,Apparel & Accessories > Clothing > Traditional & Ceremonial Clothing > Sarees
DB85288,Hand-Painted Srikalahasti Pen Kalamkari Banglore Silk Colour Sarees Saree (DB85288),"Authentic 100% hand-painted Srikalahasti Pen Kalamkari pure silk saree (Code: DB85288). Handcrafted with bamboo pens and natural organic vegetable mineral dyes in Srikalahasti, Andhra Pradesh. Fabric: Banglore Silk Colour Sarees. Direct from Dhanalakshmi Kalamkari master artisans.",https://www.dhanalakshmikalamkari.in/?product=DB85288,https://lh3.googleusercontent.com/d/1vF0z3BxxeMHQK5AVXMJ8kEV4gzLX08uS=w1200,in_stock,8500 INR,Dhanalakshmi Kalamkari,new,Apparel & Accessories > Clothing > Traditional & Ceremonial Clothing > Sarees
DBWD163,Hand-Painted Srikalahasti Pen Kalamkari Bangalore Silk black&white Dupattas Saree (DBWD163),"Authentic 100% hand-painted Srikalahasti Pen Kalamkari pure silk saree (Code: DBWD163). Handcrafted with bamboo pens and natural organic vegetable mineral dyes in Srikalahasti, Andhra Pradesh. Fabric: Bangalore Silk black&white Dupattas. Direct from Dhanalakshmi Kalamkari master artisans.",https://www.dhanalakshmikalamkari.in/?product=DBWD163,https://lh3.googleusercontent.com/d/1xsqHQMASCJQUS828p0nvn7HEW9aiMLhm=w1200,in_stock,1100 INR,Dhanalakshmi Kalamkari,new,Apparel & Accessories > Clothing > Traditional & Ceremonial Clothing > Sarees
DBWD164,Hand-Painted Srikalahasti Pen Kalamkari Bangalore Silk black&white Dupattas Saree (DBWD164),"Authentic 100% hand-painted Srikalahasti Pen Kalamkari pure silk saree (Code: DBWD164). Handcrafted with bamboo pens and natural organic vegetable mineral dyes in Srikalahasti, Andhra Pradesh. Fabric: Bangalore Silk black&white Dupattas. Direct from Dhanalakshmi Kalamkari master artisans.",https://www.dhanalakshmikalamkari.in/?product=DBWD164,https://lh3.googleusercontent.com/d/12CSHWjA1gAqjI-43AW9401X_-MA7MaH1=w1200,in_stock,1100 INR,Dhanalakshmi Kalamkari,new,Apparel & Accessories > Clothing > Traditional & Ceremonial Clothing > Sarees
DBWD166,Hand-Painted Srikalahasti Pen Kalamkari Bangalore Silk black&white Dupattas Saree (DBWD166),"Authentic 100% hand-painted Srikalahasti Pen Kalamkari pure silk saree (Code: DBWD166). Handcrafted with bamboo pens and natural organic vegetable mineral dyes in Srikalahasti, Andhra Pradesh. Fabric: Bangalore Silk black&white Dupattas. Direct from Dhanalakshmi Kalamkari master artisans.",https://www.dhanalakshmikalamkari.in/?product=DBWD166,https://lh3.googleusercontent.com/d/1zlWQD8HrJO3SzQ_7Ry2uJNsJ_uUcYReO=w1200,in_stock,1100 INR,Dhanalakshmi Kalamkari,new,Apparel & Accessories > Clothing > Traditional & Ceremonial Clothing > Sarees
DBWD169,Hand-Painted Srikalahasti Pen Kalamkari Bangalore Silk black&white Dupattas Saree (DBWD169),"Authentic 100% hand-painted Srikalahasti Pen Kalamkari pure silk saree (Code: DBWD169). Handcrafted with bamboo pens and natural organic vegetable mineral dyes in Srikalahasti, Andhra Pradesh. Fabric: Bangalore Silk black&white Dupattas. Direct from Dhanalakshmi Kalamkari master artisans.",https://www.dhanalakshmikalamkari.in/?product=DBWD169,https://lh3.googleusercontent.com/d/1uzP_MeXa58XUv8SrEwoR7A80un7MWwVn=w1200,in_stock,1100 INR,Dhanalakshmi Kalamkari,new,Apparel & Accessories > Clothing > Traditional & Ceremonial Clothing > Sarees
DBWD170,Hand-Painted Srikalahasti Pen Kalamkari Bangalore Silk black&white Dupattas Saree (DBWD170),"Authentic 100% hand-painted Srikalahasti Pen Kalamkari pure silk saree (Code: DBWD170). Handcrafted with bamboo pens and natural organic vegetable mineral dyes in Srikalahasti, Andhra Pradesh. Fabric: Bangalore Silk black&white Dupattas. Direct from Dhanalakshmi Kalamkari master artisans.",https://www.dhanalakshmikalamkari.in/?product=DBWD170,https://lh3.googleusercontent.com/d/14nfwx4z7EpIHjm1UsFDZRSD2tDh2AJEg=w1200,in_stock,1100 INR,Dhanalakshmi Kalamkari,new,Apparel & Accessories > Clothing > Traditional & Ceremonial Clothing > Sarees
DBWD171,Hand-Painted Srikalahasti Pen Kalamkari Bangalore Silk black&white Dupattas Saree (DBWD171),"Authentic 100% hand-painted Srikalahasti Pen Kalamkari pure silk saree (Code: DBWD171). Handcrafted with bamboo pens and natural organic vegetable mineral dyes in Srikalahasti, Andhra Pradesh. Fabric: Bangalore Silk black&white Dupattas. Direct from Dhanalakshmi Kalamkari master artisans.",https://www.dhanalakshmikalamkari.in/?product=DBWD171,https://lh3.googleusercontent.com/d/1qHTs4FB3VvRSJY-mtRoz8FBPSLDr2HfM=w1200,in_stock,1100 INR,Dhanalakshmi Kalamkari,new,Apparel & Accessories > Clothing > Traditional & Ceremonial Clothing > Sarees
DBWD172,Hand-Painted Srikalahasti Pen Kalamkari Bangalore Silk black&white Dupattas Saree (DBWD172),"Authentic 100% hand-painted Srikalahasti Pen Kalamkari pure silk saree (Code: DBWD172). Handcrafted with bamboo pens and natural organic vegetable mineral dyes in Srikalahasti, Andhra Pradesh. Fabric: Bangalore Silk black&white Dupattas. Direct from Dhanalakshmi Kalamkari master artisans.",https://www.dhanalakshmikalamkari.in/?product=DBWD172,https://lh3.googleusercontent.com/d/1-KaZSH877NBSWa_J3H4nxig4ll6AnpZY=w1200,in_stock,1100 INR,Dhanalakshmi Kalamkari,new,Apparel & Accessories > Clothing > Traditional & Ceremonial Clothing > Sarees
DBWD173,Hand-Painted Srikalahasti Pen Kalamkari Bangalore Silk black&white Dupattas Saree (DBWD173),"Authentic 100% hand-painted Srikalahasti Pen Kalamkari pure silk saree (Code: DBWD173). Handcrafted with bamboo pens and natural organic vegetable mineral dyes in Srikalahasti, Andhra Pradesh. Fabric: Bangalore Silk black&white Dupattas. Direct from Dhanalakshmi Kalamkari master artisans.",https://www.dhanalakshmikalamkari.in/?product=DBWD173,https://lh3.googleusercontent.com/d/178C-Hxi6Js_YWnBC1PIzZRkgzBuUpiwh=w1200,in_stock,1100 INR,Dhanalakshmi Kalamkari,new,Apparel & Accessories > Clothing > Traditional & Ceremonial Clothing > Sarees
DBWD174,Hand-Painted Srikalahasti Pen Kalamkari Bangalore Silk black&white Dupattas Saree (DBWD174),"Authentic 100% hand-painted Srikalahasti Pen Kalamkari pure silk saree (Code: DBWD174). Handcrafted with bamboo pens and natural organic vegetable mineral dyes in Srikalahasti, Andhra Pradesh. Fabric: Bangalore Silk black&white Dupattas. Direct from Dhanalakshmi Kalamkari master artisans.",https://www.dhanalakshmikalamkari.in/?product=DBWD174,https://lh3.googleusercontent.com/d/1Y18mdW9WevgJo_AI3UOxeaRm4geClDwA=w1200,in_stock,1100 INR,Dhanalakshmi Kalamkari,new,Apparel & Accessories > Clothing > Traditional & Ceremonial Clothing > Sarees
DBWD175,Hand-Painted Srikalahasti Pen Kalamkari Bangalore Silk black&white Dupattas Saree (DBWD175),"Authentic 100% hand-painted Srikalahasti Pen Kalamkari pure silk saree (Code: DBWD175). Handcrafted with bamboo pens and natural organic vegetable mineral dyes in Srikalahasti, Andhra Pradesh. Fabric: Bangalore Silk black&white Dupattas. Direct from Dhanalakshmi Kalamkari master artisans.",https://www.dhanalakshmikalamkari.in/?product=DBWD175,https://lh3.googleusercontent.com/d/1OuQPRluWT2LKzNYE0mFAtM-ZyGqwC0Xx=w1200,in_stock,1100 INR,Dhanalakshmi Kalamkari,new,Apparel & Accessories > Clothing > Traditional & Ceremonial Clothing > Sarees
DBWD176,Hand-Painted Srikalahasti Pen Kalamkari Bangalore Silk black&white Dupattas Saree (DBWD176),"Authentic 100% hand-painted Srikalahasti Pen Kalamkari pure silk saree (Code: DBWD176). Handcrafted with bamboo pens and natural organic vegetable mineral dyes in Srikalahasti, Andhra Pradesh. Fabric: Bangalore Silk black&white Dupattas. Direct from Dhanalakshmi Kalamkari master artisans.",https://www.dhanalakshmikalamkari.in/?product=DBWD176,https://lh3.googleusercontent.com/d/1YD7_PXvNMde7w1PY7Ps9eq8ghloKwKOJ=w1200,in_stock,1100 INR,Dhanalakshmi Kalamkari,new,Apparel & Accessories > Clothing > Traditional & Ceremonial Clothing > Sarees
DBWD178,Hand-Painted Srikalahasti Pen Kalamkari Bangalore Silk black&white Dupattas Saree (DBWD178),"Authentic 100% hand-painted Srikalahasti Pen Kalamkari pure silk saree (Code: DBWD178). Handcrafted with bamboo pens and natural organic vegetable mineral dyes in Srikalahasti, Andhra Pradesh. Fabric: Bangalore Silk black&white Dupattas. Direct from Dhanalakshmi Kalamkari master artisans.",https://www.dhanalakshmikalamkari.in/?product=DBWD178,https://lh3.googleusercontent.com/d/1XW8zolLOPLl-UHH2ULct2BD2YKnBdJWJ=w1200,in_stock,1100 INR,Dhanalakshmi Kalamkari,new,Apparel & Accessories > Clothing > Traditional & Ceremonial Clothing > Sarees
DBWD179,Hand-Painted Srikalahasti Pen Kalamkari Bangalore Silk black&white Dupattas Saree (DBWD179),"Authentic 100% hand-painted Srikalahasti Pen Kalamkari pure silk saree (Code: DBWD179). Handcrafted with bamboo pens and natural organic vegetable mineral dyes in Srikalahasti, Andhra Pradesh. Fabric: Bangalore Silk black&white Dupattas. Direct from Dhanalakshmi Kalamkari master artisans.",https://www.dhanalakshmikalamkari.in/?product=DBWD179,https://lh3.googleusercontent.com/d/1tgzKKq3TirzntFczm0oZznqjnBkVEp-_=w1200,in_stock,1100 INR,Dhanalakshmi Kalamkari,new,Apparel & Accessories > Clothing > Traditional & Ceremonial Clothing > Sarees
DBWD180,Hand-Painted Srikalahasti Pen Kalamkari Bangalore Silk black&white Dupattas Saree (DBWD180),"Authentic 100% hand-painted Srikalahasti Pen Kalamkari pure silk saree (Code: DBWD180). Handcrafted with bamboo pens and natural organic vegetable mineral dyes in Srikalahasti, Andhra Pradesh. Fabric: Bangalore Silk black&white Dupattas. Direct from Dhanalakshmi Kalamkari master artisans.",https://www.dhanalakshmikalamkari.in/?product=DBWD180,https://lh3.googleusercontent.com/d/1HA4et3LEjOb0BKDq0TdsMlWrn_hMFk4i=w1200,in_stock,1100 INR,Dhanalakshmi Kalamkari,new,Apparel & Accessories > Clothing > Traditional & Ceremonial Clothing > Sarees
DBWD181,Hand-Painted Srikalahasti Pen Kalamkari Bangalore Silk black&white Dupattas Saree (DBWD181),"Authentic 100% hand-painted Srikalahasti Pen Kalamkari pure silk saree (Code: DBWD181). Handcrafted with bamboo pens and natural organic vegetable mineral dyes in Srikalahasti, Andhra Pradesh. Fabric: Bangalore Silk black&white Dupattas. Direct from Dhanalakshmi Kalamkari master artisans.",https://www.dhanalakshmikalamkari.in/?product=DBWD181,https://lh3.googleusercontent.com/d/1Q6CcwoWu2u16z2yYfyk4lWpThSdvRB2C=w1200,in_stock,1100 INR,Dhanalakshmi Kalamkari,new,Apparel & Accessories > Clothing > Traditional & Ceremonial Clothing > Sarees
DBWD182,Hand-Painted Srikalahasti Pen Kalamkari Bangalore Silk black&white Dupattas Saree (DBWD182),"Authentic 100% hand-painted Srikalahasti Pen Kalamkari pure silk saree (Code: DBWD182). Handcrafted with bamboo pens and natural organic vegetable mineral dyes in Srikalahasti, Andhra Pradesh. Fabric: Bangalore Silk black&white Dupattas. Direct from Dhanalakshmi Kalamkari master artisans.",https://www.dhanalakshmikalamkari.in/?product=DBWD182,https://lh3.googleusercontent.com/d/1Y0iOA4CZypjcehrRWyy-9de7rKt9NUU8=w1200,in_stock,1100 INR,Dhanalakshmi Kalamkari,new,Apparel & Accessories > Clothing > Traditional & Ceremonial Clothing > Sarees
DBWD183,Hand-Painted Srikalahasti Pen Kalamkari Bangalore Silk black&white Dupattas Saree (DBWD183),"Authentic 100% hand-painted Srikalahasti Pen Kalamkari pure silk saree (Code: DBWD183). Handcrafted with bamboo pens and natural organic vegetable mineral dyes in Srikalahasti, Andhra Pradesh. Fabric: Bangalore Silk black&white Dupattas. Direct from Dhanalakshmi Kalamkari master artisans.",https://www.dhanalakshmikalamkari.in/?product=DBWD183,https://lh3.googleusercontent.com/d/1gq9tBZ6-YN44HAGfYlQ3vYYvlCwFTLk_=w1200,in_stock,1100 INR,Dhanalakshmi Kalamkari,new,Apparel & Accessories > Clothing > Traditional & Ceremonial Clothing > Sarees
DBWD184,Hand-Painted Srikalahasti Pen Kalamkari Bangalore Silk black&white Dupattas Saree (DBWD184),"Authentic 100% hand-painted Srikalahasti Pen Kalamkari pure silk saree (Code: DBWD184). Handcrafted with bamboo pens and natural organic vegetable mineral dyes in Srikalahasti, Andhra Pradesh. Fabric: Bangalore Silk black&white Dupattas. Direct from Dhanalakshmi Kalamkari master artisans.",https://www.dhanalakshmikalamkari.in/?product=DBWD184,https://lh3.googleusercontent.com/d/1Ljj3iOoVPHSFEDYCgMBuPWP9jvq4DqhD=w1200,in_stock,1100 INR,Dhanalakshmi Kalamkari,new,Apparel & Accessories > Clothing > Traditional & Ceremonial Clothing > Sarees
DBWD185,Hand-Painted Srikalahasti Pen Kalamkari Bangalore Silk black&white Dupattas Saree (DBWD185),"Authentic 100% hand-painted Srikalahasti Pen Kalamkari pure silk saree (Code: DBWD185). Handcrafted with bamboo pens and natural organic vegetable mineral dyes in Srikalahasti, Andhra Pradesh. Fabric: Bangalore Silk black&white Dupattas. Direct from Dhanalakshmi Kalamkari master artisans.",https://www.dhanalakshmikalamkari.in/?product=DBWD185,https://lh3.googleusercontent.com/d/1rNApzODY1NMgTVkBzAtbh3iSgtw0z1ZO=w1200,in_stock,1100 INR,Dhanalakshmi Kalamkari,new,Apparel & Accessories > Clothing > Traditional & Ceremonial Clothing > Sarees
DBWD186,Hand-Painted Srikalahasti Pen Kalamkari Bangalore Silk black&white Dupattas Saree (DBWD186),"Authentic 100% hand-painted Srikalahasti Pen Kalamkari pure silk saree (Code: DBWD186). Handcrafted with bamboo pens and natural organic vegetable mineral dyes in Srikalahasti, Andhra Pradesh. Fabric: Bangalore Silk black&white Dupattas. Direct from Dhanalakshmi Kalamkari master artisans.",https://www.dhanalakshmikalamkari.in/?product=DBWD186,https://lh3.googleusercontent.com/d/1EdEqXm3vmmelnWqGp5HFCq5PFwOMtAZh=w1200,in_stock,1100 INR,Dhanalakshmi Kalamkari,new,Apparel & Accessories > Clothing > Traditional & Ceremonial Clothing > Sarees
DBWD187,Hand-Painted Srikalahasti Pen Kalamkari Bangalore Silk black&white Dupattas Saree (DBWD187),"Authentic 100% hand-painted Srikalahasti Pen Kalamkari pure silk saree (Code: DBWD187). Handcrafted with bamboo pens and natural organic vegetable mineral dyes in Srikalahasti, Andhra Pradesh. Fabric: Bangalore Silk black&white Dupattas. Direct from Dhanalakshmi Kalamkari master artisans.",https://www.dhanalakshmikalamkari.in/?product=DBWD187,https://lh3.googleusercontent.com/d/19gWySusNnmgK3V-8ijbSFrtBa-czIsMv=w1200,in_stock,1100 INR,Dhanalakshmi Kalamkari,new,Apparel & Accessories > Clothing > Traditional & Ceremonial Clothing > Sarees
DBWD188,Hand-Painted Srikalahasti Pen Kalamkari Bangalore Silk black&white Dupattas Saree (DBWD188),"Authentic 100% hand-painted Srikalahasti Pen Kalamkari pure silk saree (Code: DBWD188). Handcrafted with bamboo pens and natural organic vegetable mineral dyes in Srikalahasti, Andhra Pradesh. Fabric: Bangalore Silk black&white Dupattas. Direct from Dhanalakshmi Kalamkari master artisans.",https://www.dhanalakshmikalamkari.in/?product=DBWD188,https://lh3.googleusercontent.com/d/1k2A4Ni4JkEhr6CZba-NdYqDlanNZVNmQ=w1200,in_stock,1100 INR,Dhanalakshmi Kalamkari,new,Apparel & Accessories > Clothing > Traditional & Ceremonial Clothing > Sarees
DBWD189,Hand-Painted Srikalahasti Pen Kalamkari Bangalore Silk black&white Dupattas Saree (DBWD189),"Authentic 100% hand-painted Srikalahasti Pen Kalamkari pure silk saree (Code: DBWD189). Handcrafted with bamboo pens and natural organic vegetable mineral dyes in Srikalahasti, Andhra Pradesh. Fabric: Bangalore Silk black&white Dupattas. Direct from Dhanalakshmi Kalamkari master artisans.",https://www.dhanalakshmikalamkari.in/?product=DBWD189,https://lh3.googleusercontent.com/d/1GDgbqhKTo6liTvXBlF90gMlrg17ov9-F=w1200,in_stock,1100 INR,Dhanalakshmi Kalamkari,new,Apparel & Accessories > Clothing > Traditional & Ceremonial Clothing > Sarees
DBWD190,Hand-Painted Srikalahasti Pen Kalamkari Bangalore Silk black&white Dupattas Saree (DBWD190),"Authentic 100% hand-painted Srikalahasti Pen Kalamkari pure silk saree (Code: DBWD190). Handcrafted with bamboo pens and natural organic vegetable mineral dyes in Srikalahasti, Andhra Pradesh. Fabric: Bangalore Silk black&white Dupattas. Direct from Dhanalakshmi Kalamkari master artisans.",https://www.dhanalakshmikalamkari.in/?product=DBWD190,https://lh3.googleusercontent.com/d/1mcCnVZCSaP1pmnwT0LH8kHMj2UHDw-_P=w1200,in_stock,1100 INR,Dhanalakshmi Kalamkari,new,Apparel & Accessories > Clothing > Traditional & Ceremonial Clothing > Sarees
DBWD191,Hand-Painted Srikalahasti Pen Kalamkari Bangalore Silk black&white Dupattas Saree (DBWD191),"Authentic 100% hand-painted Srikalahasti Pen Kalamkari pure silk saree (Code: DBWD191). Handcrafted with bamboo pens and natural organic vegetable mineral dyes in Srikalahasti, Andhra Pradesh. Fabric: Bangalore Silk black&white Dupattas. Direct from Dhanalakshmi Kalamkari master artisans.",https://www.dhanalakshmikalamkari.in/?product=DBWD191,https://lh3.googleusercontent.com/d/1mXSdrYDQ0C8wiszvLPzsumJSTDh1LUB_=w1200,in_stock,1100 INR,Dhanalakshmi Kalamkari,new,Apparel & Accessories > Clothing > Traditional & Ceremonial Clothing > Sarees
DBWD192,Hand-Painted Srikalahasti Pen Kalamkari Bangalore Silk black&white Dupattas Saree (DBWD192),"Authentic 100% hand-painted Srikalahasti Pen Kalamkari pure silk saree (Code: DBWD192). Handcrafted with bamboo pens and natural organic vegetable mineral dyes in Srikalahasti, Andhra Pradesh. Fabric: Bangalore Silk black&white Dupattas. Direct from Dhanalakshmi Kalamkari master artisans.",https://www.dhanalakshmikalamkari.in/?product=DBWD192,https://lh3.googleusercontent.com/d/1AgqaC1TIE2eKpWTpEsmGexB6eeCfkPXo=w1200,in_stock,1100 INR,Dhanalakshmi Kalamkari,new,Apparel & Accessories > Clothing > Traditional & Ceremonial Clothing > Sarees
DBWD193,Hand-Painted Srikalahasti Pen Kalamkari Bangalore Silk black&white Dupattas Saree (DBWD193),"Authentic 100% hand-painted Srikalahasti Pen Kalamkari pure silk saree (Code: DBWD193). Handcrafted with bamboo pens and natural organic vegetable mineral dyes in Srikalahasti, Andhra Pradesh. Fabric: Bangalore Silk black&white Dupattas. Direct from Dhanalakshmi Kalamkari master artisans.",https://www.dhanalakshmikalamkari.in/?product=DBWD193,https://lh3.googleusercontent.com/d/1mplONdH3tUdTRrKgCE3ys-MzL64S5exO=w1200,in_stock,1100 INR,Dhanalakshmi Kalamkari,new,Apparel & Accessories > Clothing > Traditional & Ceremonial Clothing > Sarees
DBWD194,Hand-Painted Srikalahasti Pen Kalamkari Bangalore Silk black&white Dupattas Saree (DBWD194),"Authentic 100% hand-painted Srikalahasti Pen Kalamkari pure silk saree (Code: DBWD194). Handcrafted with bamboo pens and natural organic vegetable mineral dyes in Srikalahasti, Andhra Pradesh. Fabric: Bangalore Silk black&white Dupattas. Direct from Dhanalakshmi Kalamkari master artisans.",https://www.dhanalakshmikalamkari.in/?product=DBWD194,https://lh3.googleusercontent.com/d/1IUasM4WDcDF1ecvRw_W2CT36IHkDton2=w1200,in_stock,1100 INR,Dhanalakshmi Kalamkari,new,Apparel & Accessories > Clothing > Traditional & Ceremonial Clothing > Sarees
DBWD195,Hand-Painted Srikalahasti Pen Kalamkari Bangalore Silk black&white Dupattas Saree (DBWD195),"Authentic 100% hand-painted Srikalahasti Pen Kalamkari pure silk saree (Code: DBWD195). Handcrafted with bamboo pens and natural organic vegetable mineral dyes in Srikalahasti, Andhra Pradesh. Fabric: Bangalore Silk black&white Dupattas. Direct from Dhanalakshmi Kalamkari master artisans.",https://www.dhanalakshmikalamkari.in/?product=DBWD195,https://lh3.googleusercontent.com/d/1CBAq6ApGlGB8QklrQ6YN5erDmRk-mn22=w1200,in_stock,1100 INR,Dhanalakshmi Kalamkari,new,Apparel & Accessories > Clothing > Traditional & Ceremonial Clothing > Sarees
DBWD196,Hand-Painted Srikalahasti Pen Kalamkari Bangalore Silk black&white Dupattas Saree (DBWD196),"Authentic 100% hand-painted Srikalahasti Pen Kalamkari pure silk saree (Code: DBWD196). Handcrafted with bamboo pens and natural organic vegetable mineral dyes in Srikalahasti, Andhra Pradesh. Fabric: Bangalore Silk black&white Dupattas. Direct from Dhanalakshmi Kalamkari master artisans.",https://www.dhanalakshmikalamkari.in/?product=DBWD196,https://lh3.googleusercontent.com/d/1u0CF0ilYikf5QdItogjbRc9lUBIClRpa=w1200,in_stock,1100 INR,Dhanalakshmi Kalamkari,new,Apparel & Accessories > Clothing > Traditional & Ceremonial Clothing > Sarees
DBWD197,Hand-Painted Srikalahasti Pen Kalamkari Bangalore Silk black&white Dupattas Saree (DBWD197),"Authentic 100% hand-painted Srikalahasti Pen Kalamkari pure silk saree (Code: DBWD197). Handcrafted with bamboo pens and natural organic vegetable mineral dyes in Srikalahasti, Andhra Pradesh. Fabric: Bangalore Silk black&white Dupattas. Direct from Dhanalakshmi Kalamkari master artisans.",https://www.dhanalakshmikalamkari.in/?product=DBWD197,https://lh3.googleusercontent.com/d/1khRi76pDPxeBE2qcTBFG-y_PWhwjjZ7E=w1200,in_stock,1100 INR,Dhanalakshmi Kalamkari,new,Apparel & Accessories > Clothing > Traditional & Ceremonial Clothing > Sarees
DBWD198,Hand-Painted Srikalahasti Pen Kalamkari Bangalore Silk black&white Dupattas Saree (DBWD198),"Authentic 100% hand-painted Srikalahasti Pen Kalamkari pure silk saree (Code: DBWD198). Handcrafted with bamboo pens and natural organic vegetable mineral dyes in Srikalahasti, Andhra Pradesh. Fabric: Bangalore Silk black&white Dupattas. Direct from Dhanalakshmi Kalamkari master artisans.",https://www.dhanalakshmikalamkari.in/?product=DBWD198,https://lh3.googleusercontent.com/d/1Vf9ddetMDYT2obbPeqHFZE2rP4Lf_1wi=w1200,in_stock,1100 INR,Dhanalakshmi Kalamkari,new,Apparel & Accessories > Clothing > Traditional & Ceremonial Clothing > Sarees
DBWD199,Hand-Painted Srikalahasti Pen Kalamkari Bangalore Silk black&white Dupattas Saree (DBWD199),"Authentic 100% hand-painted Srikalahasti Pen Kalamkari pure silk saree (Code: DBWD199). Handcrafted with bamboo pens and natural organic vegetable mineral dyes in Srikalahasti, Andhra Pradesh. Fabric: Bangalore Silk black&white Dupattas. Direct from Dhanalakshmi Kalamkari master artisans.",https://www.dhanalakshmikalamkari.in/?product=DBWD199,https://lh3.googleusercontent.com/d/1hevX9c4nzZWqcWbYX0uzXH2azuaKyAIa=w1200,in_stock,1100 INR,Dhanalakshmi Kalamkari,new,Apparel & Accessories > Clothing > Traditional & Ceremonial Clothing > Sarees
DBWD200,Hand-Painted Srikalahasti Pen Kalamkari Bangalore Silk black&white Dupattas Saree (DBWD200),"Authentic 100% hand-painted Srikalahasti Pen Kalamkari pure silk saree (Code: DBWD200). Handcrafted with bamboo pens and natural organic vegetable mineral dyes in Srikalahasti, Andhra Pradesh. Fabric: Bangalore Silk black&white Dupattas. Direct from Dhanalakshmi Kalamkari master artisans.",https://www.dhanalakshmikalamkari.in/?product=DBWD200,https://lh3.googleusercontent.com/d/1X0idXOFWyh8OcbwR_7Kq536nWo21w-SH=w1200,in_stock,1100 INR,Dhanalakshmi Kalamkari,new,Apparel & Accessories > Clothing > Traditional & Ceremonial Clothing > Sarees
DBWD201,Hand-Painted Srikalahasti Pen Kalamkari Bangalore Silk black&white Dupattas Saree (DBWD201),"Authentic 100% hand-painted Srikalahasti Pen Kalamkari pure silk saree (Code: DBWD201). Handcrafted with bamboo pens and natural organic vegetable mineral dyes in Srikalahasti, Andhra Pradesh. Fabric: Bangalore Silk black&white Dupattas. Direct from Dhanalakshmi Kalamkari master artisans.",https://www.dhanalakshmikalamkari.in/?product=DBWD201,https://lh3.googleusercontent.com/d/1L7SI2Afx2tppt-IZHi4Kib03QwIWOOkE=w1200,in_stock,1100 INR,Dhanalakshmi Kalamkari,new,Apparel & Accessories > Clothing > Traditional & Ceremonial Clothing > Sarees
DBWD202,Hand-Painted Srikalahasti Pen Kalamkari Bangalore Silk black&white Dupattas Saree (DBWD202),"Authentic 100% hand-painted Srikalahasti Pen Kalamkari pure silk saree (Code: DBWD202). Handcrafted with bamboo pens and natural organic vegetable mineral dyes in Srikalahasti, Andhra Pradesh. Fabric: Bangalore Silk black&white Dupattas. Direct from Dhanalakshmi Kalamkari master artisans.",https://www.dhanalakshmikalamkari.in/?product=DBWD202,https://lh3.googleusercontent.com/d/1_LHRxbkYHnF0LPe0s7TT4nNs6kB0cdaH=w1200,in_stock,1100 INR,Dhanalakshmi Kalamkari,new,Apparel & Accessories > Clothing > Traditional & Ceremonial Clothing > Sarees
DBWD203,Hand-Painted Srikalahasti Pen Kalamkari Bangalore Silk black&white Dupattas Saree (DBWD203),"Authentic 100% hand-painted Srikalahasti Pen Kalamkari pure silk saree (Code: DBWD203). Handcrafted with bamboo pens and natural organic vegetable mineral dyes in Srikalahasti, Andhra Pradesh. Fabric: Bangalore Silk black&white Dupattas. Direct from Dhanalakshmi Kalamkari master artisans.",https://www.dhanalakshmikalamkari.in/?product=DBWD203,https://lh3.googleusercontent.com/d/1I6a8wrWJeGWDsFD2F7F4CPX5FLPS7DEp=w1200,in_stock,1100 INR,Dhanalakshmi Kalamkari,new,Apparel & Accessories > Clothing > Traditional & Ceremonial Clothing > Sarees
DBWD204,Hand-Painted Srikalahasti Pen Kalamkari Bangalore Silk black&white Dupattas Saree (DBWD204),"Authentic 100% hand-painted Srikalahasti Pen Kalamkari pure silk saree (Code: DBWD204). Handcrafted with bamboo pens and natural organic vegetable mineral dyes in Srikalahasti, Andhra Pradesh. Fabric: Bangalore Silk black&white Dupattas. Direct from Dhanalakshmi Kalamkari master artisans.",https://www.dhanalakshmikalamkari.in/?product=DBWD204,https://lh3.googleusercontent.com/d/1B9vN0tDJ8MV7PgmaPwqOFYCoGk_rtZSF=w1200,in_stock,1100 INR,Dhanalakshmi Kalamkari,new,Apparel & Accessories > Clothing > Traditional & Ceremonial Clothing > Sarees
DBWD205,Hand-Painted Srikalahasti Pen Kalamkari Bangalore Silk black&white Dupattas Saree (DBWD205),"Authentic 100% hand-painted Srikalahasti Pen Kalamkari pure silk saree (Code: DBWD205). Handcrafted with bamboo pens and natural organic vegetable mineral dyes in Srikalahasti, Andhra Pradesh. Fabric: Bangalore Silk black&white Dupattas. Direct from Dhanalakshmi Kalamkari master artisans.",https://www.dhanalakshmikalamkari.in/?product=DBWD205,https://lh3.googleusercontent.com/d/1XBHzZByrBhuyxP_vmAaiwpnmwbi1tbhf=w1200,in_stock,1100 INR,Dhanalakshmi Kalamkari,new,Apparel & Accessories > Clothing > Traditional & Ceremonial Clothing > Sarees
DBWD206,Hand-Painted Srikalahasti Pen Kalamkari Bangalore Silk black&white Dupattas Saree (DBWD206),"Authentic 100% hand-painted Srikalahasti Pen Kalamkari pure silk saree (Code: DBWD206). Handcrafted with bamboo pens and natural organic vegetable mineral dyes in Srikalahasti, Andhra Pradesh. Fabric: Bangalore Silk black&white Dupattas. Direct from Dhanalakshmi Kalamkari master artisans.",https://www.dhanalakshmikalamkari.in/?product=DBWD206,https://lh3.googleusercontent.com/d/1qi8Skl_1l7Vk1DtmKKuUj7FzwX-UxBs0=w1200,in_stock,1100 INR,Dhanalakshmi Kalamkari,new,Apparel & Accessories > Clothing > Traditional & Ceremonial Clothing > Sarees
DBWD207,Hand-Painted Srikalahasti Pen Kalamkari Bangalore Silk black&white Dupattas Saree (DBWD207),"Authentic 100% hand-painted Srikalahasti Pen Kalamkari pure silk saree (Code: DBWD207). Handcrafted with bamboo pens and natural organic vegetable mineral dyes in Srikalahasti, Andhra Pradesh. Fabric: Bangalore Silk black&white Dupattas. Direct from Dhanalakshmi Kalamkari master artisans.",https://www.dhanalakshmikalamkari.in/?product=DBWD207,https://lh3.googleusercontent.com/d/1kO0U1sVfwmVmgnTVR2FldXQ_swHD-kWG=w1200,in_stock,1100 INR,Dhanalakshmi Kalamkari,new,Apparel & Accessories > Clothing > Traditional & Ceremonial Clothing > Sarees
DBWD208,Hand-Painted Srikalahasti Pen Kalamkari Bangalore Silk black&white Dupattas Saree (DBWD208),"Authentic 100% hand-painted Srikalahasti Pen Kalamkari pure silk saree (Code: DBWD208). Handcrafted with bamboo pens and natural organic vegetable mineral dyes in Srikalahasti, Andhra Pradesh. Fabric: Bangalore Silk black&white Dupattas. Direct from Dhanalakshmi Kalamkari master artisans.",https://www.dhanalakshmikalamkari.in/?product=DBWD208,https://lh3.googleusercontent.com/d/1_zhFEPPh8WrkwTfEgeao9x8-Z0vvQRHn=w1200,in_stock,1100 INR,Dhanalakshmi Kalamkari,new,Apparel & Accessories > Clothing > Traditional & Ceremonial Clothing > Sarees
DBWD210,Hand-Painted Srikalahasti Pen Kalamkari Bangalore Silk black&white Dupattas Saree (DBWD210),"Authentic 100% hand-painted Srikalahasti Pen Kalamkari pure silk saree (Code: DBWD210). Handcrafted with bamboo pens and natural organic vegetable mineral dyes in Srikalahasti, Andhra Pradesh. Fabric: Bangalore Silk black&white Dupattas. Direct from Dhanalakshmi Kalamkari master artisans.",https://www.dhanalakshmikalamkari.in/?product=DBWD210,https://lh3.googleusercontent.com/d/1MsDX_YX9V6sCiOOBb8ae6-NIZyHe7Rqe=w1200,in_stock,1100 INR,Dhanalakshmi Kalamkari,new,Apparel & Accessories > Clothing > Traditional & Ceremonial Clothing > Sarees
DBWD211,Hand-Painted Srikalahasti Pen Kalamkari Bangalore Silk black&white Dupattas Saree (DBWD211),"Authentic 100% hand-painted Srikalahasti Pen Kalamkari pure silk saree (Code: DBWD211). Handcrafted with bamboo pens and natural organic vegetable mineral dyes in Srikalahasti, Andhra Pradesh. Fabric: Bangalore Silk black&white Dupattas. Direct from Dhanalakshmi Kalamkari master artisans.",https://www.dhanalakshmikalamkari.in/?product=DBWD211,https://lh3.googleusercontent.com/d/1m1aAr45t-44p9b9Ldlbfas1kdsUiDy5b=w1200,in_stock,1100 INR,Dhanalakshmi Kalamkari,new,Apparel & Accessories > Clothing > Traditional & Ceremonial Clothing > Sarees
DBWD212,Hand-Painted Srikalahasti Pen Kalamkari Bangalore Silk black&white Dupattas Saree (DBWD212),"Authentic 100% hand-painted Srikalahasti Pen Kalamkari pure silk saree (Code: DBWD212). Handcrafted with bamboo pens and natural organic vegetable mineral dyes in Srikalahasti, Andhra Pradesh. Fabric: Bangalore Silk black&white Dupattas. Direct from Dhanalakshmi Kalamkari master artisans.",https://www.dhanalakshmikalamkari.in/?product=DBWD212,https://lh3.googleusercontent.com/d/19K29Tme9tpObDOvyO7d3UgCZPI_NfGBq=w1200,in_stock,1100 INR,Dhanalakshmi Kalamkari,new,Apparel & Accessories > Clothing > Traditional & Ceremonial Clothing > Sarees
DBWD213,Hand-Painted Srikalahasti Pen Kalamkari Bangalore Silk black&white Dupattas Saree (DBWD213),"Authentic 100% hand-painted Srikalahasti Pen Kalamkari pure silk saree (Code: DBWD213). Handcrafted with bamboo pens and natural organic vegetable mineral dyes in Srikalahasti, Andhra Pradesh. Fabric: Bangalore Silk black&white Dupattas. Direct from Dhanalakshmi Kalamkari master artisans.",https://www.dhanalakshmikalamkari.in/?product=DBWD213,https://lh3.googleusercontent.com/d/19U0QBKOr2fOdcNOaWgdTIrHBPKcSJfQ9=w1200,in_stock,1100 INR,Dhanalakshmi Kalamkari,new,Apparel & Accessories > Clothing > Traditional & Ceremonial Clothing > Sarees
DBWD214,Hand-Painted Srikalahasti Pen Kalamkari Bangalore Silk black&white Dupattas Saree (DBWD214),"Authentic 100% hand-painted Srikalahasti Pen Kalamkari pure silk saree (Code: DBWD214). Handcrafted with bamboo pens and natural organic vegetable mineral dyes in Srikalahasti, Andhra Pradesh. Fabric: Bangalore Silk black&white Dupattas. Direct from Dhanalakshmi Kalamkari master artisans.",https://www.dhanalakshmikalamkari.in/?product=DBWD214,https://lh3.googleusercontent.com/d/15QVPIPX34aM_tGttKOZU54vBnS9yMwT6=w1200,in_stock,1100 INR,Dhanalakshmi Kalamkari,new,Apparel & Accessories > Clothing > Traditional & Ceremonial Clothing > Sarees
DBWD216,Hand-Painted Srikalahasti Pen Kalamkari Bangalore Silk black&white Dupattas Saree (DBWD216),"Authentic 100% hand-painted Srikalahasti Pen Kalamkari pure silk saree (Code: DBWD216). Handcrafted with bamboo pens and natural organic vegetable mineral dyes in Srikalahasti, Andhra Pradesh. Fabric: Bangalore Silk black&white Dupattas. Direct from Dhanalakshmi Kalamkari master artisans.",https://www.dhanalakshmikalamkari.in/?product=DBWD216,https://lh3.googleusercontent.com/d/16tCoSQora7aXiLpeC3hiSmopvbR7oS7C=w1200,in_stock,1100 INR,Dhanalakshmi Kalamkari,new,Apparel & Accessories > Clothing > Traditional & Ceremonial Clothing > Sarees
DBWD217,Hand-Painted Srikalahasti Pen Kalamkari Bangalore Silk black&white Dupattas Saree (DBWD217),"Authentic 100% hand-painted Srikalahasti Pen Kalamkari pure silk saree (Code: DBWD217). Handcrafted with bamboo pens and natural organic vegetable mineral dyes in Srikalahasti, Andhra Pradesh. Fabric: Bangalore Silk black&white Dupattas. Direct from Dhanalakshmi Kalamkari master artisans.",https://www.dhanalakshmikalamkari.in/?product=DBWD217,https://lh3.googleusercontent.com/d/1mvb3BHeeQzQYeNAl1ceyqPfR8MzsZL3N=w1200,in_stock,1100 INR,Dhanalakshmi Kalamkari,new,Apparel & Accessories > Clothing > Traditional & Ceremonial Clothing > Sarees
DBWD218,Hand-Painted Srikalahasti Pen Kalamkari Bangalore Silk black&white Dupattas Saree (DBWD218),"Authentic 100% hand-painted Srikalahasti Pen Kalamkari pure silk saree (Code: DBWD218). Handcrafted with bamboo pens and natural organic vegetable mineral dyes in Srikalahasti, Andhra Pradesh. Fabric: Bangalore Silk black&white Dupattas. Direct from Dhanalakshmi Kalamkari master artisans.",https://www.dhanalakshmikalamkari.in/?product=DBWD218,https://lh3.googleusercontent.com/d/1YaYbpZcvhMBjoOlEl40lqUeBXvO_0VWv=w1200,in_stock,1100 INR,Dhanalakshmi Kalamkari,new,Apparel & Accessories > Clothing > Traditional & Ceremonial Clothing > Sarees
DBWD219,Hand-Painted Srikalahasti Pen Kalamkari Bangalore Silk black&white Dupattas Saree (DBWD219),"Authentic 100% hand-painted Srikalahasti Pen Kalamkari pure silk saree (Code: DBWD219). Handcrafted with bamboo pens and natural organic vegetable mineral dyes in Srikalahasti, Andhra Pradesh. Fabric: Bangalore Silk black&white Dupattas. Direct from Dhanalakshmi Kalamkari master artisans.",https://www.dhanalakshmikalamkari.in/?product=DBWD219,https://lh3.googleusercontent.com/d/1aqiTRYBhU-ba_NSaGx-ttlcBr1jXv019=w1200,in_stock,1100 INR,Dhanalakshmi Kalamkari,new,Apparel & Accessories > Clothing > Traditional & Ceremonial Clothing > Sarees
DBWD221,Hand-Painted Srikalahasti Pen Kalamkari Bangalore Silk black&white Dupattas Saree (DBWD221),"Authentic 100% hand-painted Srikalahasti Pen Kalamkari pure silk saree (Code: DBWD221). Handcrafted with bamboo pens and natural organic vegetable mineral dyes in Srikalahasti, Andhra Pradesh. Fabric: Bangalore Silk black&white Dupattas. Direct from Dhanalakshmi Kalamkari master artisans.",https://www.dhanalakshmikalamkari.in/?product=DBWD221,https://lh3.googleusercontent.com/d/1krO-91KuH-iDkDYmJnm-wY_fFc-xHHHy=w1200,in_stock,1100 INR,Dhanalakshmi Kalamkari,new,Apparel & Accessories > Clothing > Traditional & Ceremonial Clothing > Sarees
DBWD223,Hand-Painted Srikalahasti Pen Kalamkari Bangalore Silk black&white Dupattas Saree (DBWD223),"Authentic 100% hand-painted Srikalahasti Pen Kalamkari pure silk saree (Code: DBWD223). Handcrafted with bamboo pens and natural organic vegetable mineral dyes in Srikalahasti, Andhra Pradesh. Fabric: Bangalore Silk black&white Dupattas. Direct from Dhanalakshmi Kalamkari master artisans.",https://www.dhanalakshmikalamkari.in/?product=DBWD223,https://lh3.googleusercontent.com/d/1DtoQWmbUNvSlXBN7Kf0rrwGLxBk8HMQM=w1200,in_stock,1100 INR,Dhanalakshmi Kalamkari,new,Apparel & Accessories > Clothing > Traditional & Ceremonial Clothing > Sarees
DBWD224,Hand-Painted Srikalahasti Pen Kalamkari Bangalore Silk black&white Dupattas Saree (DBWD224),"Authentic 100% hand-painted Srikalahasti Pen Kalamkari pure silk saree (Code: DBWD224). Handcrafted with bamboo pens and natural organic vegetable mineral dyes in Srikalahasti, Andhra Pradesh. Fabric: Bangalore Silk black&white Dupattas. Direct from Dhanalakshmi Kalamkari master artisans.",https://www.dhanalakshmikalamkari.in/?product=DBWD224,https://lh3.googleusercontent.com/d/1cn_zqRg03OPmcZJWDyxL5fWD7w_sK-D2=w1200,in_stock,1100 INR,Dhanalakshmi Kalamkari,new,Apparel & Accessories > Clothing > Traditional & Ceremonial Clothing > Sarees
DBWD225,Hand-Painted Srikalahasti Pen Kalamkari Bangalore Silk black&white Dupattas Saree (DBWD225),"Authentic 100% hand-painted Srikalahasti Pen Kalamkari pure silk saree (Code: DBWD225). Handcrafted with bamboo pens and natural organic vegetable mineral dyes in Srikalahasti, Andhra Pradesh. Fabric: Bangalore Silk black&white Dupattas. Direct from Dhanalakshmi Kalamkari master artisans.",https://www.dhanalakshmikalamkari.in/?product=DBWD225,https://lh3.googleusercontent.com/d/1z2TlpYHZaQ43-OSPlHgwuI24w8irgwaE=w1200,in_stock,1100 INR,Dhanalakshmi Kalamkari,new,Apparel & Accessories > Clothing > Traditional & Ceremonial Clothing > Sarees
DBWD226,Hand-Painted Srikalahasti Pen Kalamkari Bangalore Silk black&white Dupattas Saree (DBWD226),"Authentic 100% hand-painted Srikalahasti Pen Kalamkari pure silk saree (Code: DBWD226). Handcrafted with bamboo pens and natural organic vegetable mineral dyes in Srikalahasti, Andhra Pradesh. Fabric: Bangalore Silk black&white Dupattas. Direct from Dhanalakshmi Kalamkari master artisans.",https://www.dhanalakshmikalamkari.in/?product=DBWD226,https://lh3.googleusercontent.com/d/1QsEzobrVohikG02MhE0Pqbf5XTvIETPU=w1200,in_stock,1100 INR,Dhanalakshmi Kalamkari,new,Apparel & Accessories > Clothing > Traditional & Ceremonial Clothing > Sarees
DBWD227,Hand-Painted Srikalahasti Pen Kalamkari Bangalore Silk black&white Dupattas Saree (DBWD227),"Authentic 100% hand-painted Srikalahasti Pen Kalamkari pure silk saree (Code: DBWD227). Handcrafted with bamboo pens and natural organic vegetable mineral dyes in Srikalahasti, Andhra Pradesh. Fabric: Bangalore Silk black&white Dupattas. Direct from Dhanalakshmi Kalamkari master artisans.",https://www.dhanalakshmikalamkari.in/?product=DBWD227,https://lh3.googleusercontent.com/d/1RyC6viTfQWADzbI7kCJks7hXuzdpOX8z=w1200,in_stock,1100 INR,Dhanalakshmi Kalamkari,new,Apparel & Accessories > Clothing > Traditional & Ceremonial Clothing > Sarees
DBWD228,Hand-Painted Srikalahasti Pen Kalamkari Bangalore Silk black&white Dupattas Saree (DBWD228),"Authentic 100% hand-painted Srikalahasti Pen Kalamkari pure silk saree (Code: DBWD228). Handcrafted with bamboo pens and natural organic vegetable mineral dyes in Srikalahasti, Andhra Pradesh. Fabric: Bangalore Silk black&white Dupattas. Direct from Dhanalakshmi Kalamkari master artisans.",https://www.dhanalakshmikalamkari.in/?product=DBWD228,https://lh3.googleusercontent.com/d/1aFkV62kQXkwtbhqsUu42F9yDlEuQUzKK=w1200,in_stock,1100 INR,Dhanalakshmi Kalamkari,new,Apparel & Accessories > Clothing > Traditional & Ceremonial Clothing > Sarees
DBWD229,Hand-Painted Srikalahasti Pen Kalamkari Bangalore Silk black&white Dupattas Saree (DBWD229),"Authentic 100% hand-painted Srikalahasti Pen Kalamkari pure silk saree (Code: DBWD229). Handcrafted with bamboo pens and natural organic vegetable mineral dyes in Srikalahasti, Andhra Pradesh. Fabric: Bangalore Silk black&white Dupattas. Direct from Dhanalakshmi Kalamkari master artisans.",https://www.dhanalakshmikalamkari.in/?product=DBWD229,https://lh3.googleusercontent.com/d/1ctz15F27IZ4Jc164Ruc_agio-2KPGbi2=w1200,in_stock,1100 INR,Dhanalakshmi Kalamkari,new,Apparel & Accessories > Clothing > Traditional & Ceremonial Clothing > Sarees
DBWD230,Hand-Painted Srikalahasti Pen Kalamkari Bangalore Silk black&white Dupattas Saree (DBWD230),"Authentic 100% hand-painted Srikalahasti Pen Kalamkari pure silk saree (Code: DBWD230). Handcrafted with bamboo pens and natural organic vegetable mineral dyes in Srikalahasti, Andhra Pradesh. Fabric: Bangalore Silk black&white Dupattas. Direct from Dhanalakshmi Kalamkari master artisans.",https://www.dhanalakshmikalamkari.in/?product=DBWD230,https://lh3.googleusercontent.com/d/1wquzmB3F9xI6bvVV6LESrAeUI5gJhaNm=w1200,in_stock,1100 INR,Dhanalakshmi Kalamkari,new,Apparel & Accessories > Clothing > Traditional & Ceremonial Clothing > Sarees
DCHE078,Hand-Painted Srikalahasti Pen Kalamkari Chendheri duppatas Saree (DCHE078),"Authentic 100% hand-painted Srikalahasti Pen Kalamkari pure silk saree (Code: DCHE078). Handcrafted with bamboo pens and natural organic vegetable mineral dyes in Srikalahasti, Andhra Pradesh. Fabric: Chendheri duppatas. Direct from Dhanalakshmi Kalamkari master artisans.",https://www.dhanalakshmikalamkari.in/?product=DCHE078,https://lh3.googleusercontent.com/d/1ZvJJ1XtEy5aEQUAa_NMNfWXSRnE20euc=w1200,in_stock,2500 INR,Dhanalakshmi Kalamkari,new,Apparel & Accessories > Clothing > Traditional & Ceremonial Clothing > Sarees
DBSBW049,Hand-Painted Srikalahasti Pen Kalamkari Bangalore Silk Black&White Sarees Saree (DBSBW049),"Authentic 100% hand-painted Srikalahasti Pen Kalamkari pure silk saree (Code: DBSBW049). Handcrafted with bamboo pens and natural organic vegetable mineral dyes in Srikalahasti, Andhra Pradesh. Fabric: Bangalore Silk Black&White Sarees. Direct from Dhanalakshmi Kalamkari master artisans.",https://www.dhanalakshmikalamkari.in/?product=DBSBW049,https://lh3.googleusercontent.com/d/1tnj0mbqDP1XGzOdEZ1dYiVfRoPp9CpU5=w1200,in_stock,5500 INR,Dhanalakshmi Kalamkari,new,Apparel & Accessories > Clothing > Traditional & Ceremonial Clothing > Sarees
DBSBW037,Hand-Painted Srikalahasti Pen Kalamkari Bangalore Silk Black&White Sarees Saree (DBSBW037),"Authentic 100% hand-painted Srikalahasti Pen Kalamkari pure silk saree (Code: DBSBW037). Handcrafted with bamboo pens and natural organic vegetable mineral dyes in Srikalahasti, Andhra Pradesh. Fabric: Bangalore Silk Black&White Sarees. Direct from Dhanalakshmi Kalamkari master artisans.",https://www.dhanalakshmikalamkari.in/?product=DBSBW037,https://lh3.googleusercontent.com/d/1_Xh2bxEa5ziQLHCNoKImlx087i1YK5rg=w1200,in_stock,5500 INR,Dhanalakshmi Kalamkari,new,Apparel & Accessories > Clothing > Traditional & Ceremonial Clothing > Sarees
DBSBW038,Hand-Painted Srikalahasti Pen Kalamkari Bangalore Silk Black&White Sarees Saree (DBSBW038),"Authentic 100% hand-painted Srikalahasti Pen Kalamkari pure silk saree (Code: DBSBW038). Handcrafted with bamboo pens and natural organic vegetable mineral dyes in Srikalahasti, Andhra Pradesh. Fabric: Bangalore Silk Black&White Sarees. Direct from Dhanalakshmi Kalamkari master artisans.",https://www.dhanalakshmikalamkari.in/?product=DBSBW038,https://lh3.googleusercontent.com/d/1LY9P6X6ylguKCWXOCA7EhVRlycw80RNH=w1200,in_stock,5500 INR,Dhanalakshmi Kalamkari,new,Apparel & Accessories > Clothing > Traditional & Ceremonial Clothing > Sarees
DBSBW039,Hand-Painted Srikalahasti Pen Kalamkari Bangalore Silk Black&White Sarees Saree (DBSBW039),"Authentic 100% hand-painted Srikalahasti Pen Kalamkari pure silk saree (Code: DBSBW039). Handcrafted with bamboo pens and natural organic vegetable mineral dyes in Srikalahasti, Andhra Pradesh. Fabric: Bangalore Silk Black&White Sarees. Direct from Dhanalakshmi Kalamkari master artisans.",https://www.dhanalakshmikalamkari.in/?product=DBSBW039,https://lh3.googleusercontent.com/d/1JyqPKXaXahltx9VXQk6n4ivkA0T5lA4P=w1200,in_stock,5500 INR,Dhanalakshmi Kalamkari,new,Apparel & Accessories > Clothing > Traditional & Ceremonial Clothing > Sarees
DBSBW041,Hand-Painted Srikalahasti Pen Kalamkari Bangalore Silk Black&White Sarees Saree (DBSBW041),"Authentic 100% hand-painted Srikalahasti Pen Kalamkari pure silk saree (Code: DBSBW041). Handcrafted with bamboo pens and natural organic vegetable mineral dyes in Srikalahasti, Andhra Pradesh. Fabric: Bangalore Silk Black&White Sarees. Direct from Dhanalakshmi Kalamkari master artisans.",https://www.dhanalakshmikalamkari.in/?product=DBSBW041,https://lh3.googleusercontent.com/d/1ZEhFnr0BPLNSy75C4x6T23Bp9FUSMJNT=w1200,in_stock,5500 INR,Dhanalakshmi Kalamkari,new,Apparel & Accessories > Clothing > Traditional & Ceremonial Clothing > Sarees
DBSBW042,Hand-Painted Srikalahasti Pen Kalamkari Bangalore Silk Black&White Sarees Saree (DBSBW042),"Authentic 100% hand-painted Srikalahasti Pen Kalamkari pure silk saree (Code: DBSBW042). Handcrafted with bamboo pens and natural organic vegetable mineral dyes in Srikalahasti, Andhra Pradesh. Fabric: Bangalore Silk Black&White Sarees. Direct from Dhanalakshmi Kalamkari master artisans.",https://www.dhanalakshmikalamkari.in/?product=DBSBW042,https://lh3.googleusercontent.com/d/111HpnJ0tTLLzImqcAUz22AQ2zJKyG6CG=w1200,in_stock,5500 INR,Dhanalakshmi Kalamkari,new,Apparel & Accessories > Clothing > Traditional & Ceremonial Clothing > Sarees
DBSBW043,Hand-Painted Srikalahasti Pen Kalamkari Bangalore Silk Black&White Sarees Saree (DBSBW043),"Authentic 100% hand-painted Srikalahasti Pen Kalamkari pure silk saree (Code: DBSBW043). Handcrafted with bamboo pens and natural organic vegetable mineral dyes in Srikalahasti, Andhra Pradesh. Fabric: Bangalore Silk Black&White Sarees. Direct from Dhanalakshmi Kalamkari master artisans.",https://www.dhanalakshmikalamkari.in/?product=DBSBW043,https://lh3.googleusercontent.com/d/1DtwlQQmC39f4ggOpqST-qmcnIl9-XmhS=w1200,in_stock,5500 INR,Dhanalakshmi Kalamkari,new,Apparel & Accessories > Clothing > Traditional & Ceremonial Clothing > Sarees
DBSBW044,Hand-Painted Srikalahasti Pen Kalamkari Bangalore Silk Black&White Sarees Saree (DBSBW044),"Authentic 100% hand-painted Srikalahasti Pen Kalamkari pure silk saree (Code: DBSBW044). Handcrafted with bamboo pens and natural organic vegetable mineral dyes in Srikalahasti, Andhra Pradesh. Fabric: Bangalore Silk Black&White Sarees. Direct from Dhanalakshmi Kalamkari master artisans.",https://www.dhanalakshmikalamkari.in/?product=DBSBW044,https://lh3.googleusercontent.com/d/1hugVGia3ct_7jwIv_R1TxiHaZUPl5GSl=w1200,in_stock,5500 INR,Dhanalakshmi Kalamkari,new,Apparel & Accessories > Clothing > Traditional & Ceremonial Clothing > Sarees
DBSBW045,Hand-Painted Srikalahasti Pen Kalamkari Bangalore Silk Black&White Sarees Saree (DBSBW045),"Authentic 100% hand-painted Srikalahasti Pen Kalamkari pure silk saree (Code: DBSBW045). Handcrafted with bamboo pens and natural organic vegetable mineral dyes in Srikalahasti, Andhra Pradesh. Fabric: Bangalore Silk Black&White Sarees. Direct from Dhanalakshmi Kalamkari master artisans.",https://www.dhanalakshmikalamkari.in/?product=DBSBW045,https://lh3.googleusercontent.com/d/1GXZAGEGcZhhEIMeqo-fkacCBxhg1OdIh=w1200,in_stock,5500 INR,Dhanalakshmi Kalamkari,new,Apparel & Accessories > Clothing > Traditional & Ceremonial Clothing > Sarees
DBSBW046,Hand-Painted Srikalahasti Pen Kalamkari Bangalore Silk Black&White Sarees Saree (DBSBW046),"Authentic 100% hand-painted Srikalahasti Pen Kalamkari pure silk saree (Code: DBSBW046). Handcrafted with bamboo pens and natural organic vegetable mineral dyes in Srikalahasti, Andhra Pradesh. Fabric: Bangalore Silk Black&White Sarees. Direct from Dhanalakshmi Kalamkari master artisans.",https://www.dhanalakshmikalamkari.in/?product=DBSBW046,https://lh3.googleusercontent.com/d/1SWlw9fwwwbL7Js9lCJ3tMK_l_fiIQ1GL=w1200,in_stock,5500 INR,Dhanalakshmi Kalamkari,new,Apparel & Accessories > Clothing > Traditional & Ceremonial Clothing > Sarees
DBSBW048,Hand-Painted Srikalahasti Pen Kalamkari Bangalore Silk Black&White Sarees Saree (DBSBW048),"Authentic 100% hand-painted Srikalahasti Pen Kalamkari pure silk saree (Code: DBSBW048). Handcrafted with bamboo pens and natural organic vegetable mineral dyes in Srikalahasti, Andhra Pradesh. Fabric: Bangalore Silk Black&White Sarees. Direct from Dhanalakshmi Kalamkari master artisans.",https://www.dhanalakshmikalamkari.in/?product=DBSBW048,https://lh3.googleusercontent.com/d/1wDD7Zr54pKfoecoershCz3LSdf4q5rgE=w1200,in_stock,5500 INR,Dhanalakshmi Kalamkari,new,Apparel & Accessories > Clothing > Traditional & Ceremonial Clothing > Sarees
DMGS161,Hand-Painted Srikalahasti Pen Kalamkari Mangalgiri Silk Sarees Saree (DMGS161),"Authentic 100% hand-painted Srikalahasti Pen Kalamkari pure silk saree (Code: DMGS161). Handcrafted with bamboo pens and natural organic vegetable mineral dyes in Srikalahasti, Andhra Pradesh. Fabric: Mangalgiri Silk Sarees. Direct from Dhanalakshmi Kalamkari master artisans.",https://www.dhanalakshmikalamkari.in/?product=DMGS161,https://lh3.googleusercontent.com/d/1ZI1-GTmhJm9r8EOyTupA4BQMhMlgbl05=w1200,in_stock,6500 INR,Dhanalakshmi Kalamkari,new,Apparel & Accessories > Clothing > Traditional & Ceremonial Clothing > Sarees
DMGS162,Hand-Painted Srikalahasti Pen Kalamkari Mangalgiri Silk Sarees Saree (DMGS162),"Authentic 100% hand-painted Srikalahasti Pen Kalamkari pure silk saree (Code: DMGS162). Handcrafted with bamboo pens and natural organic vegetable mineral dyes in Srikalahasti, Andhra Pradesh. Fabric: Mangalgiri Silk Sarees. Direct from Dhanalakshmi Kalamkari master artisans.",https://www.dhanalakshmikalamkari.in/?product=DMGS162,https://lh3.googleusercontent.com/d/1Th3RJpTVvF_9MTtY8qcfaFJUSy6mQuEL=w1200,in_stock,6500 INR,Dhanalakshmi Kalamkari,new,Apparel & Accessories > Clothing > Traditional & Ceremonial Clothing > Sarees
DMGS163,Hand-Painted Srikalahasti Pen Kalamkari Mangalgiri Silk Sarees Saree (DMGS163),"Authentic 100% hand-painted Srikalahasti Pen Kalamkari pure silk saree (Code: DMGS163). Handcrafted with bamboo pens and natural organic vegetable mineral dyes in Srikalahasti, Andhra Pradesh. Fabric: Mangalgiri Silk Sarees. Direct from Dhanalakshmi Kalamkari master artisans.",https://www.dhanalakshmikalamkari.in/?product=DMGS163,https://lh3.googleusercontent.com/d/1TAequ_k25w2U9MZLTfOBZvQRB0h8PHPx=w1200,in_stock,6500 INR,Dhanalakshmi Kalamkari,new,Apparel & Accessories > Clothing > Traditional & Ceremonial Clothing > Sarees
DMGS164,Hand-Painted Srikalahasti Pen Kalamkari Mangalgiri Silk Sarees Saree (DMGS164),"Authentic 100% hand-painted Srikalahasti Pen Kalamkari pure silk saree (Code: DMGS164). Handcrafted with bamboo pens and natural organic vegetable mineral dyes in Srikalahasti, Andhra Pradesh. Fabric: Mangalgiri Silk Sarees. Direct from Dhanalakshmi Kalamkari master artisans.",https://www.dhanalakshmikalamkari.in/?product=DMGS164,https://lh3.googleusercontent.com/d/18wW8VwAQALZdxjmxTDx-WbPeSRUdST5G=w1200,in_stock,6500 INR,Dhanalakshmi Kalamkari,new,Apparel & Accessories > Clothing > Traditional & Ceremonial Clothing > Sarees
DMGS154,Hand-Painted Srikalahasti Pen Kalamkari Mangalgiri Silk Sarees Saree (DMGS154),"Authentic 100% hand-painted Srikalahasti Pen Kalamkari pure silk saree (Code: DMGS154). Handcrafted with bamboo pens and natural organic vegetable mineral dyes in Srikalahasti, Andhra Pradesh. Fabric: Mangalgiri Silk Sarees. Direct from Dhanalakshmi Kalamkari master artisans.",https://www.dhanalakshmikalamkari.in/?product=DMGS154,https://lh3.googleusercontent.com/d/1LF5tuJKhTJDoG81wr7wcPJ1ruOVk4rFL=w1200,in_stock,6500 INR,Dhanalakshmi Kalamkari,new,Apparel & Accessories > Clothing > Traditional & Ceremonial Clothing > Sarees
DMGS155,Hand-Painted Srikalahasti Pen Kalamkari Mangalgiri Silk Sarees Saree (DMGS155),"Authentic 100% hand-painted Srikalahasti Pen Kalamkari pure silk saree (Code: DMGS155). Handcrafted with bamboo pens and natural organic vegetable mineral dyes in Srikalahasti, Andhra Pradesh. Fabric: Mangalgiri Silk Sarees. Direct from Dhanalakshmi Kalamkari master artisans.",https://www.dhanalakshmikalamkari.in/?product=DMGS155,https://lh3.googleusercontent.com/d/1p1dD9Kn3_Bt7OzGcG48B_f6RVoq7_DtF=w1200,in_stock,6500 INR,Dhanalakshmi Kalamkari,new,Apparel & Accessories > Clothing > Traditional & Ceremonial Clothing > Sarees
DMGS157,Hand-Painted Srikalahasti Pen Kalamkari Mangalgiri Silk Sarees Saree (DMGS157),"Authentic 100% hand-painted Srikalahasti Pen Kalamkari pure silk saree (Code: DMGS157). Handcrafted with bamboo pens and natural organic vegetable mineral dyes in Srikalahasti, Andhra Pradesh. Fabric: Mangalgiri Silk Sarees. Direct from Dhanalakshmi Kalamkari master artisans.",https://www.dhanalakshmikalamkari.in/?product=DMGS157,https://lh3.googleusercontent.com/d/1xj4l2lho_iBGeS77meg6RfC1GnAmD7EO=w1200,in_stock,6500 INR,Dhanalakshmi Kalamkari,new,Apparel & Accessories > Clothing > Traditional & Ceremonial Clothing > Sarees
DMGS158,Hand-Painted Srikalahasti Pen Kalamkari Mangalgiri Silk Sarees Saree (DMGS158),"Authentic 100% hand-painted Srikalahasti Pen Kalamkari pure silk saree (Code: DMGS158). Handcrafted with bamboo pens and natural organic vegetable mineral dyes in Srikalahasti, Andhra Pradesh. Fabric: Mangalgiri Silk Sarees. Direct from Dhanalakshmi Kalamkari master artisans.",https://www.dhanalakshmikalamkari.in/?product=DMGS158,https://lh3.googleusercontent.com/d/1x30W6Xr24QLbzupq6soO_60JeTzhpioI=w1200,in_stock,6500 INR,Dhanalakshmi Kalamkari,new,Apparel & Accessories > Clothing > Traditional & Ceremonial Clothing > Sarees
DMGS159,Hand-Painted Srikalahasti Pen Kalamkari Mangalgiri Silk Sarees Saree (DMGS159),"Authentic 100% hand-painted Srikalahasti Pen Kalamkari pure silk saree (Code: DMGS159). Handcrafted with bamboo pens and natural organic vegetable mineral dyes in Srikalahasti, Andhra Pradesh. Fabric: Mangalgiri Silk Sarees. Direct from Dhanalakshmi Kalamkari master artisans.",https://www.dhanalakshmikalamkari.in/?product=DMGS159,https://lh3.googleusercontent.com/d/1QQlGgCrTqf8mNACeDosaZoMoGa765iLv=w1200,in_stock,6500 INR,Dhanalakshmi Kalamkari,new,Apparel & Accessories > Clothing > Traditional & Ceremonial Clothing > Sarees
DMGS160,Hand-Painted Srikalahasti Pen Kalamkari Mangalgiri Silk Sarees Saree (DMGS160),"Authentic 100% hand-painted Srikalahasti Pen Kalamkari pure silk saree (Code: DMGS160). Handcrafted with bamboo pens and natural organic vegetable mineral dyes in Srikalahasti, Andhra Pradesh. Fabric: Mangalgiri Silk Sarees. Direct from Dhanalakshmi Kalamkari master artisans.",https://www.dhanalakshmikalamkari.in/?product=DMGS160,https://lh3.googleusercontent.com/d/1Gcx74CgxD85Eha6NJgtN3hc5KcUoIqjx=w1200,in_stock,6500 INR,Dhanalakshmi Kalamkari,new,Apparel & Accessories > Clothing > Traditional & Ceremonial Clothing > Sarees
DMGS111,Hand-Painted Srikalahasti Pen Kalamkari Mangalgiri Silk Sarees Saree (DMGS111),"Authentic 100% hand-painted Srikalahasti Pen Kalamkari pure silk saree (Code: DMGS111). Handcrafted with bamboo pens and natural organic vegetable mineral dyes in Srikalahasti, Andhra Pradesh. Fabric: Mangalgiri Silk Sarees. Direct from Dhanalakshmi Kalamkari master artisans.",https://www.dhanalakshmikalamkari.in/?product=DMGS111,https://lh3.googleusercontent.com/d/16A9jZwY5_rMC-4MUxEgXwEuU-3cjwuh9=w1200,in_stock,6500 INR,Dhanalakshmi Kalamkari,new,Apparel & Accessories > Clothing > Traditional & Ceremonial Clothing > Sarees
DMGS112,Hand-Painted Srikalahasti Pen Kalamkari Mangalgiri Silk Sarees Saree (DMGS112),"Authentic 100% hand-painted Srikalahasti Pen Kalamkari pure silk saree (Code: DMGS112). Handcrafted with bamboo pens and natural organic vegetable mineral dyes in Srikalahasti, Andhra Pradesh. Fabric: Mangalgiri Silk Sarees. Direct from Dhanalakshmi Kalamkari master artisans.",https://www.dhanalakshmikalamkari.in/?product=DMGS112,https://lh3.googleusercontent.com/d/1-DMUsuLMBI6afwY3MVK8iG4tliPbz-yC=w1200,in_stock,6500 INR,Dhanalakshmi Kalamkari,new,Apparel & Accessories > Clothing > Traditional & Ceremonial Clothing > Sarees
DMGS113,Hand-Painted Srikalahasti Pen Kalamkari Mangalgiri Silk Sarees Saree (DMGS113),"Authentic 100% hand-painted Srikalahasti Pen Kalamkari pure silk saree (Code: DMGS113). Handcrafted with bamboo pens and natural organic vegetable mineral dyes in Srikalahasti, Andhra Pradesh. Fabric: Mangalgiri Silk Sarees. Direct from Dhanalakshmi Kalamkari master artisans.",https://www.dhanalakshmikalamkari.in/?product=DMGS113,https://lh3.googleusercontent.com/d/1McNSljSFD5hr1CZYkUXFhZMwxG-ikysO=w1200,in_stock,6500 INR,Dhanalakshmi Kalamkari,new,Apparel & Accessories > Clothing > Traditional & Ceremonial Clothing > Sarees
DMGS114,Hand-Painted Srikalahasti Pen Kalamkari Mangalgiri Silk Sarees Saree (DMGS114),"Authentic 100% hand-painted Srikalahasti Pen Kalamkari pure silk saree (Code: DMGS114). Handcrafted with bamboo pens and natural organic vegetable mineral dyes in Srikalahasti, Andhra Pradesh. Fabric: Mangalgiri Silk Sarees. Direct from Dhanalakshmi Kalamkari master artisans.",https://www.dhanalakshmikalamkari.in/?product=DMGS114,https://lh3.googleusercontent.com/d/1TkzQxvlf4ElnvDGlSV-dPxFwrR-yyC-L=w1200,in_stock,6500 INR,Dhanalakshmi Kalamkari,new,Apparel & Accessories > Clothing > Traditional & Ceremonial Clothing > Sarees
DMGS115,Hand-Painted Srikalahasti Pen Kalamkari Mangalgiri Silk Sarees Saree (DMGS115),"Authentic 100% hand-painted Srikalahasti Pen Kalamkari pure silk saree (Code: DMGS115). Handcrafted with bamboo pens and natural organic vegetable mineral dyes in Srikalahasti, Andhra Pradesh. Fabric: Mangalgiri Silk Sarees. Direct from Dhanalakshmi Kalamkari master artisans.",https://www.dhanalakshmikalamkari.in/?product=DMGS115,https://lh3.googleusercontent.com/d/1EQ25F5NxnM4VvKRYG939cB3EXDwdm41s=w1200,in_stock,6500 INR,Dhanalakshmi Kalamkari,new,Apparel & Accessories > Clothing > Traditional & Ceremonial Clothing > Sarees
DMGS116,Hand-Painted Srikalahasti Pen Kalamkari Mangalgiri Silk Sarees Saree (DMGS116),"Authentic 100% hand-painted Srikalahasti Pen Kalamkari pure silk saree (Code: DMGS116). Handcrafted with bamboo pens and natural organic vegetable mineral dyes in Srikalahasti, Andhra Pradesh. Fabric: Mangalgiri Silk Sarees. Direct from Dhanalakshmi Kalamkari master artisans.",https://www.dhanalakshmikalamkari.in/?product=DMGS116,https://lh3.googleusercontent.com/d/1rUE4Gd65ZDpXjAvthiQHor4zkCwYHO1O=w1200,in_stock,6500 INR,Dhanalakshmi Kalamkari,new,Apparel & Accessories > Clothing > Traditional & Ceremonial Clothing > Sarees
DMGS117,Hand-Painted Srikalahasti Pen Kalamkari Mangalgiri Silk Sarees Saree (DMGS117),"Authentic 100% hand-painted Srikalahasti Pen Kalamkari pure silk saree (Code: DMGS117). Handcrafted with bamboo pens and natural organic vegetable mineral dyes in Srikalahasti, Andhra Pradesh. Fabric: Mangalgiri Silk Sarees. Direct from Dhanalakshmi Kalamkari master artisans.",https://www.dhanalakshmikalamkari.in/?product=DMGS117,https://lh3.googleusercontent.com/d/1SYjAlMZTwklkd3ZCMH6b7Ji5W1Fbg7CX=w1200,in_stock,6500 INR,Dhanalakshmi Kalamkari,new,Apparel & Accessories > Clothing > Traditional & Ceremonial Clothing > Sarees
DMGS119,Hand-Painted Srikalahasti Pen Kalamkari Mangalgiri Silk Sarees Saree (DMGS119),"Authentic 100% hand-painted Srikalahasti Pen Kalamkari pure silk saree (Code: DMGS119). Handcrafted with bamboo pens and natural organic vegetable mineral dyes in Srikalahasti, Andhra Pradesh. Fabric: Mangalgiri Silk Sarees. Direct from Dhanalakshmi Kalamkari master artisans.",https://www.dhanalakshmikalamkari.in/?product=DMGS119,https://lh3.googleusercontent.com/d/1p5XUzapsgljSL6wGdvYFn51U-jYx1cAk=w1200,in_stock,6500 INR,Dhanalakshmi Kalamkari,new,Apparel & Accessories > Clothing > Traditional & Ceremonial Clothing > Sarees
DMGS121,Hand-Painted Srikalahasti Pen Kalamkari Mangalgiri Silk Sarees Saree (DMGS121),"Authentic 100% hand-painted Srikalahasti Pen Kalamkari pure silk saree (Code: DMGS121). Handcrafted with bamboo pens and natural organic vegetable mineral dyes in Srikalahasti, Andhra Pradesh. Fabric: Mangalgiri Silk Sarees. Direct from Dhanalakshmi Kalamkari master artisans.",https://www.dhanalakshmikalamkari.in/?product=DMGS121,https://lh3.googleusercontent.com/d/1FiAPGmBBOFND40OL0l-InxTtpGstWW69=w1200,in_stock,6500 INR,Dhanalakshmi Kalamkari,new,Apparel & Accessories > Clothing > Traditional & Ceremonial Clothing > Sarees
DMGS122,Hand-Painted Srikalahasti Pen Kalamkari Mangalgiri Silk Sarees Saree (DMGS122),"Authentic 100% hand-painted Srikalahasti Pen Kalamkari pure silk saree (Code: DMGS122). Handcrafted with bamboo pens and natural organic vegetable mineral dyes in Srikalahasti, Andhra Pradesh. Fabric: Mangalgiri Silk Sarees. Direct from Dhanalakshmi Kalamkari master artisans.",https://www.dhanalakshmikalamkari.in/?product=DMGS122,https://lh3.googleusercontent.com/d/1asi5CHDq4Vp1rFzWo_ZP-nUQDNMPN94T=w1200,in_stock,6500 INR,Dhanalakshmi Kalamkari,new,Apparel & Accessories > Clothing > Traditional & Ceremonial Clothing > Sarees
DMGS123,Hand-Painted Srikalahasti Pen Kalamkari Mangalgiri Silk Sarees Saree (DMGS123),"Authentic 100% hand-painted Srikalahasti Pen Kalamkari pure silk saree (Code: DMGS123). Handcrafted with bamboo pens and natural organic vegetable mineral dyes in Srikalahasti, Andhra Pradesh. Fabric: Mangalgiri Silk Sarees. Direct from Dhanalakshmi Kalamkari master artisans.",https://www.dhanalakshmikalamkari.in/?product=DMGS123,https://lh3.googleusercontent.com/d/17pGjQuBnR5lEbur7YBlhJOKGEhsJrKiK=w1200,in_stock,6500 INR,Dhanalakshmi Kalamkari,new,Apparel & Accessories > Clothing > Traditional & Ceremonial Clothing > Sarees
DMGS126,Hand-Painted Srikalahasti Pen Kalamkari Mangalgiri Silk Sarees Saree (DMGS126),"Authentic 100% hand-painted Srikalahasti Pen Kalamkari pure silk saree (Code: DMGS126). Handcrafted with bamboo pens and natural organic vegetable mineral dyes in Srikalahasti, Andhra Pradesh. Fabric: Mangalgiri Silk Sarees. Direct from Dhanalakshmi Kalamkari master artisans.",https://www.dhanalakshmikalamkari.in/?product=DMGS126,https://lh3.googleusercontent.com/d/1DBPpsrSyEJD-megjpvZOCm5AlgB6Y_bl=w1200,in_stock,6500 INR,Dhanalakshmi Kalamkari,new,Apparel & Accessories > Clothing > Traditional & Ceremonial Clothing > Sarees
DMGS130,Hand-Painted Srikalahasti Pen Kalamkari Mangalgiri Silk Sarees Saree (DMGS130),"Authentic 100% hand-painted Srikalahasti Pen Kalamkari pure silk saree (Code: DMGS130). Handcrafted with bamboo pens and natural organic vegetable mineral dyes in Srikalahasti, Andhra Pradesh. Fabric: Mangalgiri Silk Sarees. Direct from Dhanalakshmi Kalamkari master artisans.",https://www.dhanalakshmikalamkari.in/?product=DMGS130,https://lh3.googleusercontent.com/d/15xgI8TVoYX40FTZyG2Lx2zcuYxMEWSSa=w1200,in_stock,6500 INR,Dhanalakshmi Kalamkari,new,Apparel & Accessories > Clothing > Traditional & Ceremonial Clothing > Sarees
DMGS131,Hand-Painted Srikalahasti Pen Kalamkari Mangalgiri Silk Sarees Saree (DMGS131),"Authentic 100% hand-painted Srikalahasti Pen Kalamkari pure silk saree (Code: DMGS131). Handcrafted with bamboo pens and natural organic vegetable mineral dyes in Srikalahasti, Andhra Pradesh. Fabric: Mangalgiri Silk Sarees. Direct from Dhanalakshmi Kalamkari master artisans.",https://www.dhanalakshmikalamkari.in/?product=DMGS131,https://lh3.googleusercontent.com/d/1nxCl9AFTiY6GVGWxqUnDRvEeRswYZaLi=w1200,in_stock,6500 INR,Dhanalakshmi Kalamkari,new,Apparel & Accessories > Clothing > Traditional & Ceremonial Clothing > Sarees
DMGS133,Hand-Painted Srikalahasti Pen Kalamkari Mangalgiri Silk Sarees Saree (DMGS133),"Authentic 100% hand-painted Srikalahasti Pen Kalamkari pure silk saree (Code: DMGS133). Handcrafted with bamboo pens and natural organic vegetable mineral dyes in Srikalahasti, Andhra Pradesh. Fabric: Mangalgiri Silk Sarees. Direct from Dhanalakshmi Kalamkari master artisans.",https://www.dhanalakshmikalamkari.in/?product=DMGS133,https://lh3.googleusercontent.com/d/1VwNeJvTObTUJstOdSngf2Ri1gZxk6sBq=w1200,in_stock,6500 INR,Dhanalakshmi Kalamkari,new,Apparel & Accessories > Clothing > Traditional & Ceremonial Clothing > Sarees
DMGS134,Hand-Painted Srikalahasti Pen Kalamkari Mangalgiri Silk Sarees Saree (DMGS134),"Authentic 100% hand-painted Srikalahasti Pen Kalamkari pure silk saree (Code: DMGS134). Handcrafted with bamboo pens and natural organic vegetable mineral dyes in Srikalahasti, Andhra Pradesh. Fabric: Mangalgiri Silk Sarees. Direct from Dhanalakshmi Kalamkari master artisans.",https://www.dhanalakshmikalamkari.in/?product=DMGS134,https://lh3.googleusercontent.com/d/1Z6EiavFHqJkvpSvDh3iXo1BLEP2Z0k0O=w1200,in_stock,6500 INR,Dhanalakshmi Kalamkari,new,Apparel & Accessories > Clothing > Traditional & Ceremonial Clothing > Sarees
DMGS135,Hand-Painted Srikalahasti Pen Kalamkari Mangalgiri Silk Sarees Saree (DMGS135),"Authentic 100% hand-painted Srikalahasti Pen Kalamkari pure silk saree (Code: DMGS135). Handcrafted with bamboo pens and natural organic vegetable mineral dyes in Srikalahasti, Andhra Pradesh. Fabric: Mangalgiri Silk Sarees. Direct from Dhanalakshmi Kalamkari master artisans.",https://www.dhanalakshmikalamkari.in/?product=DMGS135,https://lh3.googleusercontent.com/d/1DH3XkBzDQPI8yeaRgTAa6BBL0TcPWYkf=w1200,in_stock,6500 INR,Dhanalakshmi Kalamkari,new,Apparel & Accessories > Clothing > Traditional & Ceremonial Clothing > Sarees
DMGS137,Hand-Painted Srikalahasti Pen Kalamkari Mangalgiri Silk Sarees Saree (DMGS137),"Authentic 100% hand-painted Srikalahasti Pen Kalamkari pure silk saree (Code: DMGS137). Handcrafted with bamboo pens and natural organic vegetable mineral dyes in Srikalahasti, Andhra Pradesh. Fabric: Mangalgiri Silk Sarees. Direct from Dhanalakshmi Kalamkari master artisans.",https://www.dhanalakshmikalamkari.in/?product=DMGS137,https://lh3.googleusercontent.com/d/1kEAMxgRl5mlW0XOFICgeWynz-mHn6PJx=w1200,in_stock,6500 INR,Dhanalakshmi Kalamkari,new,Apparel & Accessories > Clothing > Traditional & Ceremonial Clothing > Sarees
DMGS138,Hand-Painted Srikalahasti Pen Kalamkari Mangalgiri Silk Sarees Saree (DMGS138),"Authentic 100% hand-painted Srikalahasti Pen Kalamkari pure silk saree (Code: DMGS138). Handcrafted with bamboo pens and natural organic vegetable mineral dyes in Srikalahasti, Andhra Pradesh. Fabric: Mangalgiri Silk Sarees. Direct from Dhanalakshmi Kalamkari master artisans.",https://www.dhanalakshmikalamkari.in/?product=DMGS138,https://lh3.googleusercontent.com/d/1fOV5ttb-g5I2RCoD7L7hMEFbI49OiUUw=w1200,in_stock,6500 INR,Dhanalakshmi Kalamkari,new,Apparel & Accessories > Clothing > Traditional & Ceremonial Clothing > Sarees
DMGS139,Hand-Painted Srikalahasti Pen Kalamkari Mangalgiri Silk Sarees Saree (DMGS139),"Authentic 100% hand-painted Srikalahasti Pen Kalamkari pure silk saree (Code: DMGS139). Handcrafted with bamboo pens and natural organic vegetable mineral dyes in Srikalahasti, Andhra Pradesh. Fabric: Mangalgiri Silk Sarees. Direct from Dhanalakshmi Kalamkari master artisans.",https://www.dhanalakshmikalamkari.in/?product=DMGS139,https://lh3.googleusercontent.com/d/1m0AM_A9fTTuOWsfb3XjYfwX9Y4wQLqA2=w1200,in_stock,6500 INR,Dhanalakshmi Kalamkari,new,Apparel & Accessories > Clothing > Traditional & Ceremonial Clothing > Sarees
DMGS140,Hand-Painted Srikalahasti Pen Kalamkari Mangalgiri Silk Sarees Saree (DMGS140),"Authentic 100% hand-painted Srikalahasti Pen Kalamkari pure silk saree (Code: DMGS140). Handcrafted with bamboo pens and natural organic vegetable mineral dyes in Srikalahasti, Andhra Pradesh. Fabric: Mangalgiri Silk Sarees. Direct from Dhanalakshmi Kalamkari master artisans.",https://www.dhanalakshmikalamkari.in/?product=DMGS140,https://lh3.googleusercontent.com/d/1Dsi5ai9Ia4Xgiu7qI2alporJDR1HDSRS=w1200,in_stock,6500 INR,Dhanalakshmi Kalamkari,new,Apparel & Accessories > Clothing > Traditional & Ceremonial Clothing > Sarees
DMGS142,Hand-Painted Srikalahasti Pen Kalamkari Mangalgiri Silk Sarees Saree (DMGS142),"Authentic 100% hand-painted Srikalahasti Pen Kalamkari pure silk saree (Code: DMGS142). Handcrafted with bamboo pens and natural organic vegetable mineral dyes in Srikalahasti, Andhra Pradesh. Fabric: Mangalgiri Silk Sarees. Direct from Dhanalakshmi Kalamkari master artisans.",https://www.dhanalakshmikalamkari.in/?product=DMGS142,https://lh3.googleusercontent.com/d/1bCG-K6pqkRcl-NxckfFcq8RoCQA3a5fA=w1200,in_stock,6500 INR,Dhanalakshmi Kalamkari,new,Apparel & Accessories > Clothing > Traditional & Ceremonial Clothing > Sarees
DMGS144,Hand-Painted Srikalahasti Pen Kalamkari Mangalgiri Silk Sarees Saree (DMGS144),"Authentic 100% hand-painted Srikalahasti Pen Kalamkari pure silk saree (Code: DMGS144). Handcrafted with bamboo pens and natural organic vegetable mineral dyes in Srikalahasti, Andhra Pradesh. Fabric: Mangalgiri Silk Sarees. Direct from Dhanalakshmi Kalamkari master artisans.",https://www.dhanalakshmikalamkari.in/?product=DMGS144,https://lh3.googleusercontent.com/d/1TsBZBGIeSoLVPdZzpK7sF52oFKEb5pwu=w1200,in_stock,6500 INR,Dhanalakshmi Kalamkari,new,Apparel & Accessories > Clothing > Traditional & Ceremonial Clothing > Sarees
DMGS145,Hand-Painted Srikalahasti Pen Kalamkari Mangalgiri Silk Sarees Saree (DMGS145),"Authentic 100% hand-painted Srikalahasti Pen Kalamkari pure silk saree (Code: DMGS145). Handcrafted with bamboo pens and natural organic vegetable mineral dyes in Srikalahasti, Andhra Pradesh. Fabric: Mangalgiri Silk Sarees. Direct from Dhanalakshmi Kalamkari master artisans.",https://www.dhanalakshmikalamkari.in/?product=DMGS145,https://lh3.googleusercontent.com/d/11OjIwJ9FZVr6PKZzmLYIqsp-suXfT5ek=w1200,in_stock,6500 INR,Dhanalakshmi Kalamkari,new,Apparel & Accessories > Clothing > Traditional & Ceremonial Clothing > Sarees
DMGS147,Hand-Painted Srikalahasti Pen Kalamkari Mangalgiri Silk Sarees Saree (DMGS147),"Authentic 100% hand-painted Srikalahasti Pen Kalamkari pure silk saree (Code: DMGS147). Handcrafted with bamboo pens and natural organic vegetable mineral dyes in Srikalahasti, Andhra Pradesh. Fabric: Mangalgiri Silk Sarees. Direct from Dhanalakshmi Kalamkari master artisans.",https://www.dhanalakshmikalamkari.in/?product=DMGS147,https://lh3.googleusercontent.com/d/1KvCt-vCoINMSlUtqOAcjJgrvUds9gTiN=w1200,in_stock,6500 INR,Dhanalakshmi Kalamkari,new,Apparel & Accessories > Clothing > Traditional & Ceremonial Clothing > Sarees
DMGS150,Hand-Painted Srikalahasti Pen Kalamkari Mangalgiri Silk Sarees Saree (DMGS150),"Authentic 100% hand-painted Srikalahasti Pen Kalamkari pure silk saree (Code: DMGS150). Handcrafted with bamboo pens and natural organic vegetable mineral dyes in Srikalahasti, Andhra Pradesh. Fabric: Mangalgiri Silk Sarees. Direct from Dhanalakshmi Kalamkari master artisans.",https://www.dhanalakshmikalamkari.in/?product=DMGS150,https://lh3.googleusercontent.com/d/1fmfPyyDFzGwxPEniJ7Tp8R5AVSVZkkNB=w1200,in_stock,6500 INR,Dhanalakshmi Kalamkari,new,Apparel & Accessories > Clothing > Traditional & Ceremonial Clothing > Sarees
DMGS151,Hand-Painted Srikalahasti Pen Kalamkari Mangalgiri Silk Sarees Saree (DMGS151),"Authentic 100% hand-painted Srikalahasti Pen Kalamkari pure silk saree (Code: DMGS151). Handcrafted with bamboo pens and natural organic vegetable mineral dyes in Srikalahasti, Andhra Pradesh. Fabric: Mangalgiri Silk Sarees. Direct from Dhanalakshmi Kalamkari master artisans.",https://www.dhanalakshmikalamkari.in/?product=DMGS151,https://lh3.googleusercontent.com/d/11I3YJ3MzonpLevwyAaVqgKb_ihn_auZw=w1200,in_stock,6500 INR,Dhanalakshmi Kalamkari,new,Apparel & Accessories > Clothing > Traditional & Ceremonial Clothing > Sarees
DMGS152,Hand-Painted Srikalahasti Pen Kalamkari Mangalgiri Silk Sarees Saree (DMGS152),"Authentic 100% hand-painted Srikalahasti Pen Kalamkari pure silk saree (Code: DMGS152). Handcrafted with bamboo pens and natural organic vegetable mineral dyes in Srikalahasti, Andhra Pradesh. Fabric: Mangalgiri Silk Sarees. Direct from Dhanalakshmi Kalamkari master artisans.",https://www.dhanalakshmikalamkari.in/?product=DMGS152,https://lh3.googleusercontent.com/d/1IcQHBUUQZRUa4RYZ2UnoAHD31aBwI0kJ=w1200,in_stock,6500 INR,Dhanalakshmi Kalamkari,new,Apparel & Accessories > Clothing > Traditional & Ceremonial Clothing > Sarees
DMGS153,Hand-Painted Srikalahasti Pen Kalamkari Mangalgiri Silk Sarees Saree (DMGS153),"Authentic 100% hand-painted Srikalahasti Pen Kalamkari pure silk saree (Code: DMGS153). Handcrafted with bamboo pens and natural organic vegetable mineral dyes in Srikalahasti, Andhra Pradesh. Fabric: Mangalgiri Silk Sarees. Direct from Dhanalakshmi Kalamkari master artisans.",https://www.dhanalakshmikalamkari.in/?product=DMGS153,https://lh3.googleusercontent.com/d/1F_9F5tFFJ8t0VzopPD544a8EYDjOo9ZE=w1200,in_stock,6500 INR,Dhanalakshmi Kalamkari,new,Apparel & Accessories > Clothing > Traditional & Ceremonial Clothing > Sarees
DPKS205,Hand-Painted Srikalahasti Pen Kalamkari Pure Kanchipuram Silk Sarees Saree (DPKS205),"Authentic 100% hand-painted Srikalahasti Pen Kalamkari pure silk saree (Code: DPKS205). Handcrafted with bamboo pens and natural organic vegetable mineral dyes in Srikalahasti, Andhra Pradesh. Fabric: Pure Kanchipuram Silk Sarees. Direct from Dhanalakshmi Kalamkari master artisans.",https://www.dhanalakshmikalamkari.in/?product=DPKS205,https://lh3.googleusercontent.com/d/1PffflsjJfzyx6SpcGlXK_Kpwql9ctoW5=w1200,in_stock,18800 INR,Dhanalakshmi Kalamkari,new,Apparel & Accessories > Clothing > Traditional & Ceremonial Clothing > Sarees
DPKS206,Hand-Painted Srikalahasti Pen Kalamkari Pure Kanchipuram Silk Sarees Saree (DPKS206),"Authentic 100% hand-painted Srikalahasti Pen Kalamkari pure silk saree (Code: DPKS206). Handcrafted with bamboo pens and natural organic vegetable mineral dyes in Srikalahasti, Andhra Pradesh. Fabric: Pure Kanchipuram Silk Sarees. Direct from Dhanalakshmi Kalamkari master artisans.",https://www.dhanalakshmikalamkari.in/?product=DPKS206,https://lh3.googleusercontent.com/d/1SaBIOSNrDpOfUOwRdoGEZ93BwmKatHSG=w1200,in_stock,18800 INR,Dhanalakshmi Kalamkari,new,Apparel & Accessories > Clothing > Traditional & Ceremonial Clothing > Sarees
DPKS207,Hand-Painted Srikalahasti Pen Kalamkari Pure Kanchipuram Silk Sarees Saree (DPKS207),"Authentic 100% hand-painted Srikalahasti Pen Kalamkari pure silk saree (Code: DPKS207). Handcrafted with bamboo pens and natural organic vegetable mineral dyes in Srikalahasti, Andhra Pradesh. Fabric: Pure Kanchipuram Silk Sarees. Direct from Dhanalakshmi Kalamkari master artisans.",https://www.dhanalakshmikalamkari.in/?product=DPKS207,https://lh3.googleusercontent.com/d/1j_vNL8iw-F652IvgdvtsrmeiUX5WnBn9=w1200,in_stock,18800 INR,Dhanalakshmi Kalamkari,new,Apparel & Accessories > Clothing > Traditional & Ceremonial Clothing > Sarees
DPKS303,Hand-Painted Srikalahasti Pen Kalamkari Pure Kanchipuram Silk Sarees Saree (DPKS303),"Authentic 100% hand-painted Srikalahasti Pen Kalamkari pure silk saree (Code: DPKS303). Handcrafted with bamboo pens and natural organic vegetable mineral dyes in Srikalahasti, Andhra Pradesh. Fabric: Pure Kanchipuram Silk Sarees. Direct from Dhanalakshmi Kalamkari master artisans.",https://www.dhanalakshmikalamkari.in/?product=DPKS303,https://lh3.googleusercontent.com/d/1BfUZz3KjPBErE2nOH6FHzSCncWsWYGvh=w1200,in_stock,26500 INR,Dhanalakshmi Kalamkari,new,Apparel & Accessories > Clothing > Traditional & Ceremonial Clothing > Sarees
DPKS304,Hand-Painted Srikalahasti Pen Kalamkari Pure Kanchipuram Silk Sarees Saree (DPKS304),"Authentic 100% hand-painted Srikalahasti Pen Kalamkari pure silk saree (Code: DPKS304). Handcrafted with bamboo pens and natural organic vegetable mineral dyes in Srikalahasti, Andhra Pradesh. Fabric: Pure Kanchipuram Silk Sarees. Direct from Dhanalakshmi Kalamkari master artisans.",https://www.dhanalakshmikalamkari.in/?product=DPKS304,https://lh3.googleusercontent.com/d/18VN8CRd3bS-NUiUBBLDDTnquQA8YJwt1=w1200,in_stock,26500 INR,Dhanalakshmi Kalamkari,new,Apparel & Accessories > Clothing > Traditional & Ceremonial Clothing > Sarees
DPKS305,Hand-Painted Srikalahasti Pen Kalamkari Pure Kanchipuram Silk Sarees Saree (DPKS305),"Authentic 100% hand-painted Srikalahasti Pen Kalamkari pure silk saree (Code: DPKS305). Handcrafted with bamboo pens and natural organic vegetable mineral dyes in Srikalahasti, Andhra Pradesh. Fabric: Pure Kanchipuram Silk Sarees. Direct from Dhanalakshmi Kalamkari master artisans.",https://www.dhanalakshmikalamkari.in/?product=DPKS305,https://lh3.googleusercontent.com/d/1iahrWnCium_ZGAPBj1ImqVnRv8_xBGBU=w1200,in_stock,26500 INR,Dhanalakshmi Kalamkari,new,Apparel & Accessories > Clothing > Traditional & Ceremonial Clothing > Sarees
DPKS306,Hand-Painted Srikalahasti Pen Kalamkari Pure Kanchipuram Silk Sarees Saree (DPKS306),"Authentic 100% hand-painted Srikalahasti Pen Kalamkari pure silk saree (Code: DPKS306). Handcrafted with bamboo pens and natural organic vegetable mineral dyes in Srikalahasti, Andhra Pradesh. Fabric: Pure Kanchipuram Silk Sarees. Direct from Dhanalakshmi Kalamkari master artisans.",https://www.dhanalakshmikalamkari.in/?product=DPKS306,https://lh3.googleusercontent.com/d/1Rriftxwyvcc3n8Q4LthfgSc_hkI91n8r=w1200,in_stock,26500 INR,Dhanalakshmi Kalamkari,new,Apparel & Accessories > Clothing > Traditional & Ceremonial Clothing > Sarees
DPKS307,Hand-Painted Srikalahasti Pen Kalamkari Pure Kanchipuram Silk Sarees Saree (DPKS307),"Authentic 100% hand-painted Srikalahasti Pen Kalamkari pure silk saree (Code: DPKS307). Handcrafted with bamboo pens and natural organic vegetable mineral dyes in Srikalahasti, Andhra Pradesh. Fabric: Pure Kanchipuram Silk Sarees. Direct from Dhanalakshmi Kalamkari master artisans.",https://www.dhanalakshmikalamkari.in/?product=DPKS307,https://lh3.googleusercontent.com/d/1qqZ_lyAzjHUshujx1tm7PbrzliIySgMX=w1200,in_stock,26500 INR,Dhanalakshmi Kalamkari,new,Apparel & Accessories > Clothing > Traditional & Ceremonial Clothing > Sarees
DPKS308,Hand-Painted Srikalahasti Pen Kalamkari Pure Kanchipuram Silk Sarees Saree (DPKS308),"Authentic 100% hand-painted Srikalahasti Pen Kalamkari pure silk saree (Code: DPKS308). Handcrafted with bamboo pens and natural organic vegetable mineral dyes in Srikalahasti, Andhra Pradesh. Fabric: Pure Kanchipuram Silk Sarees. Direct from Dhanalakshmi Kalamkari master artisans.",https://www.dhanalakshmikalamkari.in/?product=DPKS308,https://lh3.googleusercontent.com/d/1qyZL_XU6QuF9E4gJzy69UKWQy4u90M-V=w1200,in_stock,26500 INR,Dhanalakshmi Kalamkari,new,Apparel & Accessories > Clothing > Traditional & Ceremonial Clothing > Sarees
DPKS309,Hand-Painted Srikalahasti Pen Kalamkari Pure Kanchipuram Silk Sarees Saree (DPKS309),"Authentic 100% hand-painted Srikalahasti Pen Kalamkari pure silk saree (Code: DPKS309). Handcrafted with bamboo pens and natural organic vegetable mineral dyes in Srikalahasti, Andhra Pradesh. Fabric: Pure Kanchipuram Silk Sarees. Direct from Dhanalakshmi Kalamkari master artisans.",https://www.dhanalakshmikalamkari.in/?product=DPKS309,https://lh3.googleusercontent.com/d/1rGuBchxAYaEBc9V_OGT_GfJozEph3Ni1=w1200,in_stock,26500 INR,Dhanalakshmi Kalamkari,new,Apparel & Accessories > Clothing > Traditional & Ceremonial Clothing > Sarees
DPKS310,Hand-Painted Srikalahasti Pen Kalamkari Pure Kanchipuram Silk Sarees Saree (DPKS310),"Authentic 100% hand-painted Srikalahasti Pen Kalamkari pure silk saree (Code: DPKS310). Handcrafted with bamboo pens and natural organic vegetable mineral dyes in Srikalahasti, Andhra Pradesh. Fabric: Pure Kanchipuram Silk Sarees. Direct from Dhanalakshmi Kalamkari master artisans.",https://www.dhanalakshmikalamkari.in/?product=DPKS310,https://lh3.googleusercontent.com/d/1wEazGtcWkL_Zh5qcabBBqh5YGAR87H9y=w1200,in_stock,26500 INR,Dhanalakshmi Kalamkari,new,Apparel & Accessories > Clothing > Traditional & Ceremonial Clothing > Sarees
DPKS311,Hand-Painted Srikalahasti Pen Kalamkari Pure Kanchipuram Silk Sarees Saree (DPKS311),"Authentic 100% hand-painted Srikalahasti Pen Kalamkari pure silk saree (Code: DPKS311). Handcrafted with bamboo pens and natural organic vegetable mineral dyes in Srikalahasti, Andhra Pradesh. Fabric: Pure Kanchipuram Silk Sarees. Direct from Dhanalakshmi Kalamkari master artisans.",https://www.dhanalakshmikalamkari.in/?product=DPKS311,https://lh3.googleusercontent.com/d/1QdarRIIWw0kXZBbrlUgkskTWI9bngEKl=w1200,in_stock,26500 INR,Dhanalakshmi Kalamkari,new,Apparel & Accessories > Clothing > Traditional & Ceremonial Clothing > Sarees
DPKS208,Hand-Painted Srikalahasti Pen Kalamkari Pure Kanchipuram Silk Sarees Saree (DPKS208),"Authentic 100% hand-painted Srikalahasti Pen Kalamkari pure silk saree (Code: DPKS208). Handcrafted with bamboo pens and natural organic vegetable mineral dyes in Srikalahasti, Andhra Pradesh. Fabric: Pure Kanchipuram Silk Sarees. Direct from Dhanalakshmi Kalamkari master artisans.",https://www.dhanalakshmikalamkari.in/?product=DPKS208,https://lh3.googleusercontent.com/d/1q06J1nMLuY_fVqN8F--pDPxEP1y8NROB=w1200,in_stock,26500 INR,Dhanalakshmi Kalamkari,new,Apparel & Accessories > Clothing > Traditional & Ceremonial Clothing > Sarees
DPKS209,Hand-Painted Srikalahasti Pen Kalamkari Pure Kanchipuram Silk Sarees Saree (DPKS209),"Authentic 100% hand-painted Srikalahasti Pen Kalamkari pure silk saree (Code: DPKS209). Handcrafted with bamboo pens and natural organic vegetable mineral dyes in Srikalahasti, Andhra Pradesh. Fabric: Pure Kanchipuram Silk Sarees. Direct from Dhanalakshmi Kalamkari master artisans.",https://www.dhanalakshmikalamkari.in/?product=DPKS209,https://lh3.googleusercontent.com/d/1gdUIaacPOx65ZxFy_0CXlKpNlFwRFsrt=w1200,in_stock,26500 INR,Dhanalakshmi Kalamkari,new,Apparel & Accessories > Clothing > Traditional & Ceremonial Clothing > Sarees
DPKS210,Hand-Painted Srikalahasti Pen Kalamkari Pure Kanchipuram Silk Sarees Saree (DPKS210),"Authentic 100% hand-painted Srikalahasti Pen Kalamkari pure silk saree (Code: DPKS210). Handcrafted with bamboo pens and natural organic vegetable mineral dyes in Srikalahasti, Andhra Pradesh. Fabric: Pure Kanchipuram Silk Sarees. Direct from Dhanalakshmi Kalamkari master artisans.",https://www.dhanalakshmikalamkari.in/?product=DPKS210,https://lh3.googleusercontent.com/d/1eAgyQTj73LIgTHdIwtf28KV0zbeoEzdF=w1200,in_stock,26500 INR,Dhanalakshmi Kalamkari,new,Apparel & Accessories > Clothing > Traditional & Ceremonial Clothing > Sarees
DPKS211,Hand-Painted Srikalahasti Pen Kalamkari Pure Kanchipuram Silk Sarees Saree (DPKS211),"Authentic 100% hand-painted Srikalahasti Pen Kalamkari pure silk saree (Code: DPKS211). Handcrafted with bamboo pens and natural organic vegetable mineral dyes in Srikalahasti, Andhra Pradesh. Fabric: Pure Kanchipuram Silk Sarees. Direct from Dhanalakshmi Kalamkari master artisans.",https://www.dhanalakshmikalamkari.in/?product=DPKS211,https://lh3.googleusercontent.com/d/14vo3NgNbv-X9JDvptQAmVBIci-kgtxh1=w1200,in_stock,26500 INR,Dhanalakshmi Kalamkari,new,Apparel & Accessories > Clothing > Traditional & Ceremonial Clothing > Sarees
DPKS212,Hand-Painted Srikalahasti Pen Kalamkari Pure Kanchipuram Silk Sarees Saree (DPKS212),"Authentic 100% hand-painted Srikalahasti Pen Kalamkari pure silk saree (Code: DPKS212). Handcrafted with bamboo pens and natural organic vegetable mineral dyes in Srikalahasti, Andhra Pradesh. Fabric: Pure Kanchipuram Silk Sarees. Direct from Dhanalakshmi Kalamkari master artisans.",https://www.dhanalakshmikalamkari.in/?product=DPKS212,https://lh3.googleusercontent.com/d/1fvNReEYqgk7V0Wn3hi1jr4Abn2PweXHq=w1200,in_stock,26500 INR,Dhanalakshmi Kalamkari,new,Apparel & Accessories > Clothing > Traditional & Ceremonial Clothing > Sarees
DPKS213,Hand-Painted Srikalahasti Pen Kalamkari Pure Kanchipuram Silk Sarees Saree (DPKS213),"Authentic 100% hand-painted Srikalahasti Pen Kalamkari pure silk saree (Code: DPKS213). Handcrafted with bamboo pens and natural organic vegetable mineral dyes in Srikalahasti, Andhra Pradesh. Fabric: Pure Kanchipuram Silk Sarees. Direct from Dhanalakshmi Kalamkari master artisans.",https://www.dhanalakshmikalamkari.in/?product=DPKS213,https://lh3.googleusercontent.com/d/1sYF_LTDNGRofsMuGwQ9N7aVNCmXYmTca=w1200,in_stock,26500 INR,Dhanalakshmi Kalamkari,new,Apparel & Accessories > Clothing > Traditional & Ceremonial Clothing > Sarees
DPKS214,Hand-Painted Srikalahasti Pen Kalamkari Pure Kanchipuram Silk Sarees Saree (DPKS214),"Authentic 100% hand-painted Srikalahasti Pen Kalamkari pure silk saree (Code: DPKS214). Handcrafted with bamboo pens and natural organic vegetable mineral dyes in Srikalahasti, Andhra Pradesh. Fabric: Pure Kanchipuram Silk Sarees. Direct from Dhanalakshmi Kalamkari master artisans.",https://www.dhanalakshmikalamkari.in/?product=DPKS214,https://lh3.googleusercontent.com/d/1Vadt2NSLgffx_o-fHKPnMCBq9oQ8hTWh=w1200,in_stock,26500 INR,Dhanalakshmi Kalamkari,new,Apparel & Accessories > Clothing > Traditional & Ceremonial Clothing > Sarees
DPKS215,Hand-Painted Srikalahasti Pen Kalamkari Pure Kanchipuram Silk Sarees Saree (DPKS215),"Authentic 100% hand-painted Srikalahasti Pen Kalamkari pure silk saree (Code: DPKS215). Handcrafted with bamboo pens and natural organic vegetable mineral dyes in Srikalahasti, Andhra Pradesh. Fabric: Pure Kanchipuram Silk Sarees. Direct from Dhanalakshmi Kalamkari master artisans.",https://www.dhanalakshmikalamkari.in/?product=DPKS215,https://lh3.googleusercontent.com/d/1hIRbY9ncqG7DtiFT3_aNGelPT89CVGuX=w1200,in_stock,26500 INR,Dhanalakshmi Kalamkari,new,Apparel & Accessories > Clothing > Traditional & Ceremonial Clothing > Sarees
DPKS216,Hand-Painted Srikalahasti Pen Kalamkari Pure Kanchipuram Silk Sarees Saree (DPKS216),"Authentic 100% hand-painted Srikalahasti Pen Kalamkari pure silk saree (Code: DPKS216). Handcrafted with bamboo pens and natural organic vegetable mineral dyes in Srikalahasti, Andhra Pradesh. Fabric: Pure Kanchipuram Silk Sarees. Direct from Dhanalakshmi Kalamkari master artisans.",https://www.dhanalakshmikalamkari.in/?product=DPKS216,https://lh3.googleusercontent.com/d/1AP_MAj-BDdhdmU6uLf-8_k4513MFcUzY=w1200,in_stock,26500 INR,Dhanalakshmi Kalamkari,new,Apparel & Accessories > Clothing > Traditional & Ceremonial Clothing > Sarees
DPKS217,Hand-Painted Srikalahasti Pen Kalamkari Pure Kanchipuram Silk Sarees Saree (DPKS217),"Authentic 100% hand-painted Srikalahasti Pen Kalamkari pure silk saree (Code: DPKS217). Handcrafted with bamboo pens and natural organic vegetable mineral dyes in Srikalahasti, Andhra Pradesh. Fabric: Pure Kanchipuram Silk Sarees. Direct from Dhanalakshmi Kalamkari master artisans.",https://www.dhanalakshmikalamkari.in/?product=DPKS217,https://lh3.googleusercontent.com/d/1h2EyunZhwcRUtdc85u-BCKax_f7wA31i=w1200,in_stock,26500 INR,Dhanalakshmi Kalamkari,new,Apparel & Accessories > Clothing > Traditional & Ceremonial Clothing > Sarees
DPKS218,Hand-Painted Srikalahasti Pen Kalamkari Pure Kanchipuram Silk Sarees Saree (DPKS218),"Authentic 100% hand-painted Srikalahasti Pen Kalamkari pure silk saree (Code: DPKS218). Handcrafted with bamboo pens and natural organic vegetable mineral dyes in Srikalahasti, Andhra Pradesh. Fabric: Pure Kanchipuram Silk Sarees. Direct from Dhanalakshmi Kalamkari master artisans.",https://www.dhanalakshmikalamkari.in/?product=DPKS218,https://lh3.googleusercontent.com/d/1Rvn-389QJ8JZfCba9iywsJ9UmWX6ScZ1=w1200,in_stock,26500 INR,Dhanalakshmi Kalamkari,new,Apparel & Accessories > Clothing > Traditional & Ceremonial Clothing > Sarees
DPKS219,Hand-Painted Srikalahasti Pen Kalamkari Pure Kanchipuram Silk Sarees Saree (DPKS219),"Authentic 100% hand-painted Srikalahasti Pen Kalamkari pure silk saree (Code: DPKS219). Handcrafted with bamboo pens and natural organic vegetable mineral dyes in Srikalahasti, Andhra Pradesh. Fabric: Pure Kanchipuram Silk Sarees. Direct from Dhanalakshmi Kalamkari master artisans.",https://www.dhanalakshmikalamkari.in/?product=DPKS219,https://lh3.googleusercontent.com/d/1ST0W0xdCGq_rwwosGXiIITJp7Smzd6d0=w1200,in_stock,26500 INR,Dhanalakshmi Kalamkari,new,Apparel & Accessories > Clothing > Traditional & Ceremonial Clothing > Sarees
DPKS223,Hand-Painted Srikalahasti Pen Kalamkari Pure Kanchipuram Silk Sarees Saree (DPKS223),"Authentic 100% hand-painted Srikalahasti Pen Kalamkari pure silk saree (Code: DPKS223). Handcrafted with bamboo pens and natural organic vegetable mineral dyes in Srikalahasti, Andhra Pradesh. Fabric: Pure Kanchipuram Silk Sarees. Direct from Dhanalakshmi Kalamkari master artisans.",https://www.dhanalakshmikalamkari.in/?product=DPKS223,https://lh3.googleusercontent.com/d/1WInvXOvAkEUE42mNLqB8qv7BiqZgT36w=w1200,in_stock,26500 INR,Dhanalakshmi Kalamkari,new,Apparel & Accessories > Clothing > Traditional & Ceremonial Clothing > Sarees
DPKS224,Hand-Painted Srikalahasti Pen Kalamkari Pure Kanchipuram Silk Sarees Saree (DPKS224),"Authentic 100% hand-painted Srikalahasti Pen Kalamkari pure silk saree (Code: DPKS224). Handcrafted with bamboo pens and natural organic vegetable mineral dyes in Srikalahasti, Andhra Pradesh. Fabric: Pure Kanchipuram Silk Sarees. Direct from Dhanalakshmi Kalamkari master artisans.",https://www.dhanalakshmikalamkari.in/?product=DPKS224,https://lh3.googleusercontent.com/d/1G0vQZPTe9OnXWRPJYNCqhZanUz95nwN7=w1200,in_stock,26500 INR,Dhanalakshmi Kalamkari,new,Apparel & Accessories > Clothing > Traditional & Ceremonial Clothing > Sarees
DPKS225,Hand-Painted Srikalahasti Pen Kalamkari Pure Kanchipuram Silk Sarees Saree (DPKS225),"Authentic 100% hand-painted Srikalahasti Pen Kalamkari pure silk saree (Code: DPKS225). Handcrafted with bamboo pens and natural organic vegetable mineral dyes in Srikalahasti, Andhra Pradesh. Fabric: Pure Kanchipuram Silk Sarees. Direct from Dhanalakshmi Kalamkari master artisans.",https://www.dhanalakshmikalamkari.in/?product=DPKS225,https://lh3.googleusercontent.com/d/1X29a9CniGPge88zuCx5xSpwXhTpGZ7Fb=w1200,in_stock,26500 INR,Dhanalakshmi Kalamkari,new,Apparel & Accessories > Clothing > Traditional & Ceremonial Clothing > Sarees
DPKS226,Hand-Painted Srikalahasti Pen Kalamkari Pure Kanchipuram Silk Sarees Saree (DPKS226),"Authentic 100% hand-painted Srikalahasti Pen Kalamkari pure silk saree (Code: DPKS226). Handcrafted with bamboo pens and natural organic vegetable mineral dyes in Srikalahasti, Andhra Pradesh. Fabric: Pure Kanchipuram Silk Sarees. Direct from Dhanalakshmi Kalamkari master artisans.",https://www.dhanalakshmikalamkari.in/?product=DPKS226,https://lh3.googleusercontent.com/d/1DKfnHFTEb3qga22iV_wTBGsA_T39KuvB=w1200,in_stock,26500 INR,Dhanalakshmi Kalamkari,new,Apparel & Accessories > Clothing > Traditional & Ceremonial Clothing > Sarees
DPKS228,Hand-Painted Srikalahasti Pen Kalamkari Pure Kanchipuram Silk Sarees Saree (DPKS228),"Authentic 100% hand-painted Srikalahasti Pen Kalamkari pure silk saree (Code: DPKS228). Handcrafted with bamboo pens and natural organic vegetable mineral dyes in Srikalahasti, Andhra Pradesh. Fabric: Pure Kanchipuram Silk Sarees. Direct from Dhanalakshmi Kalamkari master artisans.",https://www.dhanalakshmikalamkari.in/?product=DPKS228,https://lh3.googleusercontent.com/d/14p8FDFlzFfU1h_RKudSS13YlKSXotlhU=w1200,in_stock,26500 INR,Dhanalakshmi Kalamkari,new,Apparel & Accessories > Clothing > Traditional & Ceremonial Clothing > Sarees
DPKS229,Hand-Painted Srikalahasti Pen Kalamkari Pure Kanchipuram Silk Sarees Saree (DPKS229),"Authentic 100% hand-painted Srikalahasti Pen Kalamkari pure silk saree (Code: DPKS229). Handcrafted with bamboo pens and natural organic vegetable mineral dyes in Srikalahasti, Andhra Pradesh. Fabric: Pure Kanchipuram Silk Sarees. Direct from Dhanalakshmi Kalamkari master artisans.",https://www.dhanalakshmikalamkari.in/?product=DPKS229,https://lh3.googleusercontent.com/d/1YCo961Qpr4ErhXWNGuqB1fU55_kJ1Rsm=w1200,in_stock,26500 INR,Dhanalakshmi Kalamkari,new,Apparel & Accessories > Clothing > Traditional & Ceremonial Clothing > Sarees
DPKS230,Hand-Painted Srikalahasti Pen Kalamkari Pure Kanchipuram Silk Sarees Saree (DPKS230),"Authentic 100% hand-painted Srikalahasti Pen Kalamkari pure silk saree (Code: DPKS230). Handcrafted with bamboo pens and natural organic vegetable mineral dyes in Srikalahasti, Andhra Pradesh. Fabric: Pure Kanchipuram Silk Sarees. Direct from Dhanalakshmi Kalamkari master artisans.",https://www.dhanalakshmikalamkari.in/?product=DPKS230,https://lh3.googleusercontent.com/d/1Mns_aA3u-9daZzE75_yuEA7U4I1ub4JH=w1200,in_stock,26500 INR,Dhanalakshmi Kalamkari,new,Apparel & Accessories > Clothing > Traditional & Ceremonial Clothing > Sarees
DPKS231,Hand-Painted Srikalahasti Pen Kalamkari Pure Kanchipuram Silk Sarees Saree (DPKS231),"Authentic 100% hand-painted Srikalahasti Pen Kalamkari pure silk saree (Code: DPKS231). Handcrafted with bamboo pens and natural organic vegetable mineral dyes in Srikalahasti, Andhra Pradesh. Fabric: Pure Kanchipuram Silk Sarees. Direct from Dhanalakshmi Kalamkari master artisans.",https://www.dhanalakshmikalamkari.in/?product=DPKS231,https://lh3.googleusercontent.com/d/10VO8NfyAO1ZFOHj4ymUWz0droOkPLrKx=w1200,in_stock,26500 INR,Dhanalakshmi Kalamkari,new,Apparel & Accessories > Clothing > Traditional & Ceremonial Clothing > Sarees
DPKS232,Hand-Painted Srikalahasti Pen Kalamkari Pure Kanchipuram Silk Sarees Saree (DPKS232),"Authentic 100% hand-painted Srikalahasti Pen Kalamkari pure silk saree (Code: DPKS232). Handcrafted with bamboo pens and natural organic vegetable mineral dyes in Srikalahasti, Andhra Pradesh. Fabric: Pure Kanchipuram Silk Sarees. Direct from Dhanalakshmi Kalamkari master artisans.",https://www.dhanalakshmikalamkari.in/?product=DPKS232,https://lh3.googleusercontent.com/d/1TDIrmosuC8XCN3jKjRos3eRJQC3WWspf=w1200,in_stock,26500 INR,Dhanalakshmi Kalamkari,new,Apparel & Accessories > Clothing > Traditional & Ceremonial Clothing > Sarees
DPKS233,Hand-Painted Srikalahasti Pen Kalamkari Pure Kanchipuram Silk Sarees Saree (DPKS233),"Authentic 100% hand-painted Srikalahasti Pen Kalamkari pure silk saree (Code: DPKS233). Handcrafted with bamboo pens and natural organic vegetable mineral dyes in Srikalahasti, Andhra Pradesh. Fabric: Pure Kanchipuram Silk Sarees. Direct from Dhanalakshmi Kalamkari master artisans.",https://www.dhanalakshmikalamkari.in/?product=DPKS233,https://lh3.googleusercontent.com/d/1U-wRGg4nJLO-k70FP1jEUn-V7K0uKeAj=w1200,in_stock,26500 INR,Dhanalakshmi Kalamkari,new,Apparel & Accessories > Clothing > Traditional & Ceremonial Clothing > Sarees
DPKS234,Hand-Painted Srikalahasti Pen Kalamkari Pure Kanchipuram Silk Sarees Saree (DPKS234),"Authentic 100% hand-painted Srikalahasti Pen Kalamkari pure silk saree (Code: DPKS234). Handcrafted with bamboo pens and natural organic vegetable mineral dyes in Srikalahasti, Andhra Pradesh. Fabric: Pure Kanchipuram Silk Sarees. Direct from Dhanalakshmi Kalamkari master artisans.",https://www.dhanalakshmikalamkari.in/?product=DPKS234,https://lh3.googleusercontent.com/d/1XFBbsQHsU797WTLH4XFZn7plvT8ZGzKL=w1200,in_stock,26500 INR,Dhanalakshmi Kalamkari,new,Apparel & Accessories > Clothing > Traditional & Ceremonial Clothing > Sarees
DPKS236,Hand-Painted Srikalahasti Pen Kalamkari Pure Kanchipuram Silk Sarees Saree (DPKS236),"Authentic 100% hand-painted Srikalahasti Pen Kalamkari pure silk saree (Code: DPKS236). Handcrafted with bamboo pens and natural organic vegetable mineral dyes in Srikalahasti, Andhra Pradesh. Fabric: Pure Kanchipuram Silk Sarees. Direct from Dhanalakshmi Kalamkari master artisans.",https://www.dhanalakshmikalamkari.in/?product=DPKS236,https://lh3.googleusercontent.com/d/1rHvXsJ1CubrXytg_JluTLfGyWENBhPPb=w1200,in_stock,26500 INR,Dhanalakshmi Kalamkari,new,Apparel & Accessories > Clothing > Traditional & Ceremonial Clothing > Sarees
DPKS237,Hand-Painted Srikalahasti Pen Kalamkari Pure Kanchipuram Silk Sarees Saree (DPKS237),"Authentic 100% hand-painted Srikalahasti Pen Kalamkari pure silk saree (Code: DPKS237). Handcrafted with bamboo pens and natural organic vegetable mineral dyes in Srikalahasti, Andhra Pradesh. Fabric: Pure Kanchipuram Silk Sarees. Direct from Dhanalakshmi Kalamkari master artisans.",https://www.dhanalakshmikalamkari.in/?product=DPKS237,https://lh3.googleusercontent.com/d/1_CHcpecDV5V3qJxIgQYJwcOhO05fMf8A=w1200,in_stock,26500 INR,Dhanalakshmi Kalamkari,new,Apparel & Accessories > Clothing > Traditional & Ceremonial Clothing > Sarees
DPKS240,Hand-Painted Srikalahasti Pen Kalamkari Pure Kanchipuram Silk Sarees Saree (DPKS240),"Authentic 100% hand-painted Srikalahasti Pen Kalamkari pure silk saree (Code: DPKS240). Handcrafted with bamboo pens and natural organic vegetable mineral dyes in Srikalahasti, Andhra Pradesh. Fabric: Pure Kanchipuram Silk Sarees. Direct from Dhanalakshmi Kalamkari master artisans.",https://www.dhanalakshmikalamkari.in/?product=DPKS240,https://lh3.googleusercontent.com/d/1BamsOomBSdLa6osdRd551nNp6hOhsQt-=w1200,in_stock,26500 INR,Dhanalakshmi Kalamkari,new,Apparel & Accessories > Clothing > Traditional & Ceremonial Clothing > Sarees
DPKS242,Hand-Painted Srikalahasti Pen Kalamkari Pure Kanchipuram Silk Sarees Saree (DPKS242),"Authentic 100% hand-painted Srikalahasti Pen Kalamkari pure silk saree (Code: DPKS242). Handcrafted with bamboo pens and natural organic vegetable mineral dyes in Srikalahasti, Andhra Pradesh. Fabric: Pure Kanchipuram Silk Sarees. Direct from Dhanalakshmi Kalamkari master artisans.",https://www.dhanalakshmikalamkari.in/?product=DPKS242,https://lh3.googleusercontent.com/d/1tzRUB7DbXXtW5g2eXSkttCy9g5GvIwiP=w1200,in_stock,26500 INR,Dhanalakshmi Kalamkari,new,Apparel & Accessories > Clothing > Traditional & Ceremonial Clothing > Sarees
DPKS244,Hand-Painted Srikalahasti Pen Kalamkari Pure Kanchipuram Silk Sarees Saree (DPKS244),"Authentic 100% hand-painted Srikalahasti Pen Kalamkari pure silk saree (Code: DPKS244). Handcrafted with bamboo pens and natural organic vegetable mineral dyes in Srikalahasti, Andhra Pradesh. Fabric: Pure Kanchipuram Silk Sarees. Direct from Dhanalakshmi Kalamkari master artisans.",https://www.dhanalakshmikalamkari.in/?product=DPKS244,https://lh3.googleusercontent.com/d/16W7Ce13YK_pIpyg6GHezLpWGOGE9KzYi=w1200,in_stock,26500 INR,Dhanalakshmi Kalamkari,new,Apparel & Accessories > Clothing > Traditional & Ceremonial Clothing > Sarees
DPKS245,Hand-Painted Srikalahasti Pen Kalamkari Pure Kanchipuram Silk Sarees Saree (DPKS245),"Authentic 100% hand-painted Srikalahasti Pen Kalamkari pure silk saree (Code: DPKS245). Handcrafted with bamboo pens and natural organic vegetable mineral dyes in Srikalahasti, Andhra Pradesh. Fabric: Pure Kanchipuram Silk Sarees. Direct from Dhanalakshmi Kalamkari master artisans.",https://www.dhanalakshmikalamkari.in/?product=DPKS245,https://lh3.googleusercontent.com/d/1Dd23AXp2O1TdAuUMOhz0R18jNi9skY-p=w1200,in_stock,26500 INR,Dhanalakshmi Kalamkari,new,Apparel & Accessories > Clothing > Traditional & Ceremonial Clothing > Sarees
DPKS246,Hand-Painted Srikalahasti Pen Kalamkari Pure Kanchipuram Silk Sarees Saree (DPKS246),"Authentic 100% hand-painted Srikalahasti Pen Kalamkari pure silk saree (Code: DPKS246). Handcrafted with bamboo pens and natural organic vegetable mineral dyes in Srikalahasti, Andhra Pradesh. Fabric: Pure Kanchipuram Silk Sarees. Direct from Dhanalakshmi Kalamkari master artisans.",https://www.dhanalakshmikalamkari.in/?product=DPKS246,https://lh3.googleusercontent.com/d/1a3W9__8rlQAVHSvgsjHEhelEvyCmkQ0x=w1200,in_stock,26500 INR,Dhanalakshmi Kalamkari,new,Apparel & Accessories > Clothing > Traditional & Ceremonial Clothing > Sarees
DPKS247,Hand-Painted Srikalahasti Pen Kalamkari Pure Kanchipuram Silk Sarees Saree (DPKS247),"Authentic 100% hand-painted Srikalahasti Pen Kalamkari pure silk saree (Code: DPKS247). Handcrafted with bamboo pens and natural organic vegetable mineral dyes in Srikalahasti, Andhra Pradesh. Fabric: Pure Kanchipuram Silk Sarees. Direct from Dhanalakshmi Kalamkari master artisans.",https://www.dhanalakshmikalamkari.in/?product=DPKS247,https://lh3.googleusercontent.com/d/1kvA5-wJafvWEmteaUBPPQ6Qrps6mtMpQ=w1200,in_stock,26500 INR,Dhanalakshmi Kalamkari,new,Apparel & Accessories > Clothing > Traditional & Ceremonial Clothing > Sarees
DPKS249,Hand-Painted Srikalahasti Pen Kalamkari Pure Kanchipuram Silk Sarees Saree (DPKS249),"Authentic 100% hand-painted Srikalahasti Pen Kalamkari pure silk saree (Code: DPKS249). Handcrafted with bamboo pens and natural organic vegetable mineral dyes in Srikalahasti, Andhra Pradesh. Fabric: Pure Kanchipuram Silk Sarees. Direct from Dhanalakshmi Kalamkari master artisans.",https://www.dhanalakshmikalamkari.in/?product=DPKS249,https://lh3.googleusercontent.com/d/1pF_9DnaUB77Wnpr4BIptD_LVTk6dgvh9=w1200,in_stock,26500 INR,Dhanalakshmi Kalamkari,new,Apparel & Accessories > Clothing > Traditional & Ceremonial Clothing > Sarees
DPKS250,Hand-Painted Srikalahasti Pen Kalamkari Pure Kanchipuram Silk Sarees Saree (DPKS250),"Authentic 100% hand-painted Srikalahasti Pen Kalamkari pure silk saree (Code: DPKS250). Handcrafted with bamboo pens and natural organic vegetable mineral dyes in Srikalahasti, Andhra Pradesh. Fabric: Pure Kanchipuram Silk Sarees. Direct from Dhanalakshmi Kalamkari master artisans.",https://www.dhanalakshmikalamkari.in/?product=DPKS250,https://lh3.googleusercontent.com/d/1s_12AgVnTWoOolLB15DWHqWR-UuNP7IC=w1200,in_stock,26500 INR,Dhanalakshmi Kalamkari,new,Apparel & Accessories > Clothing > Traditional & Ceremonial Clothing > Sarees
DPKS251,Hand-Painted Srikalahasti Pen Kalamkari Pure Kanchipuram Silk Sarees Saree (DPKS251),"Authentic 100% hand-painted Srikalahasti Pen Kalamkari pure silk saree (Code: DPKS251). Handcrafted with bamboo pens and natural organic vegetable mineral dyes in Srikalahasti, Andhra Pradesh. Fabric: Pure Kanchipuram Silk Sarees. Direct from Dhanalakshmi Kalamkari master artisans.",https://www.dhanalakshmikalamkari.in/?product=DPKS251,https://lh3.googleusercontent.com/d/1Jy7FBVcqjuxouVxGYvjBQDoY4wotKR4s=w1200,in_stock,26500 INR,Dhanalakshmi Kalamkari,new,Apparel & Accessories > Clothing > Traditional & Ceremonial Clothing > Sarees
DPKS253,Hand-Painted Srikalahasti Pen Kalamkari Pure Kanchipuram Silk Sarees Saree (DPKS253),"Authentic 100% hand-painted Srikalahasti Pen Kalamkari pure silk saree (Code: DPKS253). Handcrafted with bamboo pens and natural organic vegetable mineral dyes in Srikalahasti, Andhra Pradesh. Fabric: Pure Kanchipuram Silk Sarees. Direct from Dhanalakshmi Kalamkari master artisans.",https://www.dhanalakshmikalamkari.in/?product=DPKS253,https://lh3.googleusercontent.com/d/1Uk1bzGFpgOAYr6n9EV8sSAspjaCVF00T=w1200,in_stock,26500 INR,Dhanalakshmi Kalamkari,new,Apparel & Accessories > Clothing > Traditional & Ceremonial Clothing > Sarees
DPKS254,Hand-Painted Srikalahasti Pen Kalamkari Pure Kanchipuram Silk Sarees Saree (DPKS254),"Authentic 100% hand-painted Srikalahasti Pen Kalamkari pure silk saree (Code: DPKS254). Handcrafted with bamboo pens and natural organic vegetable mineral dyes in Srikalahasti, Andhra Pradesh. Fabric: Pure Kanchipuram Silk Sarees. Direct from Dhanalakshmi Kalamkari master artisans.",https://www.dhanalakshmikalamkari.in/?product=DPKS254,https://lh3.googleusercontent.com/d/1Uyx23aBii98BJgM2118gBTTl76xJ0uva=w1200,in_stock,26500 INR,Dhanalakshmi Kalamkari,new,Apparel & Accessories > Clothing > Traditional & Ceremonial Clothing > Sarees
DPKS255,Hand-Painted Srikalahasti Pen Kalamkari Pure Kanchipuram Silk Sarees Saree (DPKS255),"Authentic 100% hand-painted Srikalahasti Pen Kalamkari pure silk saree (Code: DPKS255). Handcrafted with bamboo pens and natural organic vegetable mineral dyes in Srikalahasti, Andhra Pradesh. Fabric: Pure Kanchipuram Silk Sarees. Direct from Dhanalakshmi Kalamkari master artisans.",https://www.dhanalakshmikalamkari.in/?product=DPKS255,https://lh3.googleusercontent.com/d/1HcF2_yaZen4UiTMGcTD6HsW79CDxdhQE=w1200,in_stock,26500 INR,Dhanalakshmi Kalamkari,new,Apparel & Accessories > Clothing > Traditional & Ceremonial Clothing > Sarees
DPKS256,Hand-Painted Srikalahasti Pen Kalamkari Pure Kanchipuram Silk Sarees Saree (DPKS256),"Authentic 100% hand-painted Srikalahasti Pen Kalamkari pure silk saree (Code: DPKS256). Handcrafted with bamboo pens and natural organic vegetable mineral dyes in Srikalahasti, Andhra Pradesh. Fabric: Pure Kanchipuram Silk Sarees. Direct from Dhanalakshmi Kalamkari master artisans.",https://www.dhanalakshmikalamkari.in/?product=DPKS256,https://lh3.googleusercontent.com/d/149HSrt3lQ50SwoWy7B3GcfGguoKovZWr=w1200,in_stock,26500 INR,Dhanalakshmi Kalamkari,new,Apparel & Accessories > Clothing > Traditional & Ceremonial Clothing > Sarees
DPKS257,Hand-Painted Srikalahasti Pen Kalamkari Pure Kanchipuram Silk Sarees Saree (DPKS257),"Authentic 100% hand-painted Srikalahasti Pen Kalamkari pure silk saree (Code: DPKS257). Handcrafted with bamboo pens and natural organic vegetable mineral dyes in Srikalahasti, Andhra Pradesh. Fabric: Pure Kanchipuram Silk Sarees. Direct from Dhanalakshmi Kalamkari master artisans.",https://www.dhanalakshmikalamkari.in/?product=DPKS257,https://lh3.googleusercontent.com/d/1oEE0-dPk-7cXu6ECR36zav_BzYAzZ6Mt=w1200,in_stock,26500 INR,Dhanalakshmi Kalamkari,new,Apparel & Accessories > Clothing > Traditional & Ceremonial Clothing > Sarees
DPKS258,Hand-Painted Srikalahasti Pen Kalamkari Pure Kanchipuram Silk Sarees Saree (DPKS258),"Authentic 100% hand-painted Srikalahasti Pen Kalamkari pure silk saree (Code: DPKS258). Handcrafted with bamboo pens and natural organic vegetable mineral dyes in Srikalahasti, Andhra Pradesh. Fabric: Pure Kanchipuram Silk Sarees. Direct from Dhanalakshmi Kalamkari master artisans.",https://www.dhanalakshmikalamkari.in/?product=DPKS258,https://lh3.googleusercontent.com/d/1tWnni4BtsVMUuIEZWOpXAcZ8c2dHFEqM=w1200,in_stock,26500 INR,Dhanalakshmi Kalamkari,new,Apparel & Accessories > Clothing > Traditional & Ceremonial Clothing > Sarees
DPKS259,Hand-Painted Srikalahasti Pen Kalamkari Pure Kanchipuram Silk Sarees Saree (DPKS259),"Authentic 100% hand-painted Srikalahasti Pen Kalamkari pure silk saree (Code: DPKS259). Handcrafted with bamboo pens and natural organic vegetable mineral dyes in Srikalahasti, Andhra Pradesh. Fabric: Pure Kanchipuram Silk Sarees. Direct from Dhanalakshmi Kalamkari master artisans.",https://www.dhanalakshmikalamkari.in/?product=DPKS259,https://lh3.googleusercontent.com/d/1YTPr1T6nFyAUySiV1LnQqmHesaDnWv8g=w1200,in_stock,26500 INR,Dhanalakshmi Kalamkari,new,Apparel & Accessories > Clothing > Traditional & Ceremonial Clothing > Sarees
DPKS260,Hand-Painted Srikalahasti Pen Kalamkari Pure Kanchipuram Silk Sarees Saree (DPKS260),"Authentic 100% hand-painted Srikalahasti Pen Kalamkari pure silk saree (Code: DPKS260). Handcrafted with bamboo pens and natural organic vegetable mineral dyes in Srikalahasti, Andhra Pradesh. Fabric: Pure Kanchipuram Silk Sarees. Direct from Dhanalakshmi Kalamkari master artisans.",https://www.dhanalakshmikalamkari.in/?product=DPKS260,https://lh3.googleusercontent.com/d/1tEFTAXPCeR0E2iMFkZe5xWwUSpukiJDf=w1200,in_stock,26500 INR,Dhanalakshmi Kalamkari,new,Apparel & Accessories > Clothing > Traditional & Ceremonial Clothing > Sarees
DPKS261,Hand-Painted Srikalahasti Pen Kalamkari Pure Kanchipuram Silk Sarees Saree (DPKS261),"Authentic 100% hand-painted Srikalahasti Pen Kalamkari pure silk saree (Code: DPKS261). Handcrafted with bamboo pens and natural organic vegetable mineral dyes in Srikalahasti, Andhra Pradesh. Fabric: Pure Kanchipuram Silk Sarees. Direct from Dhanalakshmi Kalamkari master artisans.",https://www.dhanalakshmikalamkari.in/?product=DPKS261,https://lh3.googleusercontent.com/d/1zN6EsWSla9nSBIZN_5whLQnVaSNO2Z2L=w1200,in_stock,26500 INR,Dhanalakshmi Kalamkari,new,Apparel & Accessories > Clothing > Traditional & Ceremonial Clothing > Sarees
DPKS262,Hand-Painted Srikalahasti Pen Kalamkari Pure Kanchipuram Silk Sarees Saree (DPKS262),"Authentic 100% hand-painted Srikalahasti Pen Kalamkari pure silk saree (Code: DPKS262). Handcrafted with bamboo pens and natural organic vegetable mineral dyes in Srikalahasti, Andhra Pradesh. Fabric: Pure Kanchipuram Silk Sarees. Direct from Dhanalakshmi Kalamkari master artisans.",https://www.dhanalakshmikalamkari.in/?product=DPKS262,https://lh3.googleusercontent.com/d/12bBat-_UhAOTwXE2X6bkysbyMgJs7OW3=w1200,in_stock,26500 INR,Dhanalakshmi Kalamkari,new,Apparel & Accessories > Clothing > Traditional & Ceremonial Clothing > Sarees
DPKS263,Hand-Painted Srikalahasti Pen Kalamkari Pure Kanchipuram Silk Sarees Saree (DPKS263),"Authentic 100% hand-painted Srikalahasti Pen Kalamkari pure silk saree (Code: DPKS263). Handcrafted with bamboo pens and natural organic vegetable mineral dyes in Srikalahasti, Andhra Pradesh. Fabric: Pure Kanchipuram Silk Sarees. Direct from Dhanalakshmi Kalamkari master artisans.",https://www.dhanalakshmikalamkari.in/?product=DPKS263,https://lh3.googleusercontent.com/d/151PEowhhsMW8IJtSKTPWaCpSc0yBKyIP=w1200,in_stock,26500 INR,Dhanalakshmi Kalamkari,new,Apparel & Accessories > Clothing > Traditional & Ceremonial Clothing > Sarees
DPKS265,Hand-Painted Srikalahasti Pen Kalamkari Pure Kanchipuram Silk Sarees Saree (DPKS265),"Authentic 100% hand-painted Srikalahasti Pen Kalamkari pure silk saree (Code: DPKS265). Handcrafted with bamboo pens and natural organic vegetable mineral dyes in Srikalahasti, Andhra Pradesh. Fabric: Pure Kanchipuram Silk Sarees. Direct from Dhanalakshmi Kalamkari master artisans.",https://www.dhanalakshmikalamkari.in/?product=DPKS265,https://lh3.googleusercontent.com/d/1RLHEhTdhlb4zzRDew6HM1ms7GreHOj0a=w1200,in_stock,26500 INR,Dhanalakshmi Kalamkari,new,Apparel & Accessories > Clothing > Traditional & Ceremonial Clothing > Sarees
DPKS266,Hand-Painted Srikalahasti Pen Kalamkari Pure Kanchipuram Silk Sarees Saree (DPKS266),"Authentic 100% hand-painted Srikalahasti Pen Kalamkari pure silk saree (Code: DPKS266). Handcrafted with bamboo pens and natural organic vegetable mineral dyes in Srikalahasti, Andhra Pradesh. Fabric: Pure Kanchipuram Silk Sarees. Direct from Dhanalakshmi Kalamkari master artisans.",https://www.dhanalakshmikalamkari.in/?product=DPKS266,https://lh3.googleusercontent.com/d/1lRCGYSwsEC8DFs8OMX1FHYEtURJn7xAW=w1200,in_stock,26500 INR,Dhanalakshmi Kalamkari,new,Apparel & Accessories > Clothing > Traditional & Ceremonial Clothing > Sarees
DPKS267,Hand-Painted Srikalahasti Pen Kalamkari Pure Kanchipuram Silk Sarees Saree (DPKS267),"Authentic 100% hand-painted Srikalahasti Pen Kalamkari pure silk saree (Code: DPKS267). Handcrafted with bamboo pens and natural organic vegetable mineral dyes in Srikalahasti, Andhra Pradesh. Fabric: Pure Kanchipuram Silk Sarees. Direct from Dhanalakshmi Kalamkari master artisans.",https://www.dhanalakshmikalamkari.in/?product=DPKS267,https://lh3.googleusercontent.com/d/1D2ivDh1elYBPt5Ko3j38T1v-ck7tfb1U=w1200,in_stock,26500 INR,Dhanalakshmi Kalamkari,new,Apparel & Accessories > Clothing > Traditional & Ceremonial Clothing > Sarees
DPKS268,Hand-Painted Srikalahasti Pen Kalamkari Pure Kanchipuram Silk Sarees Saree (DPKS268),"Authentic 100% hand-painted Srikalahasti Pen Kalamkari pure silk saree (Code: DPKS268). Handcrafted with bamboo pens and natural organic vegetable mineral dyes in Srikalahasti, Andhra Pradesh. Fabric: Pure Kanchipuram Silk Sarees. Direct from Dhanalakshmi Kalamkari master artisans.",https://www.dhanalakshmikalamkari.in/?product=DPKS268,https://lh3.googleusercontent.com/d/1D31vBseQxmaxPUBnoO5k6FtCVCKKNuFe=w1200,in_stock,26500 INR,Dhanalakshmi Kalamkari,new,Apparel & Accessories > Clothing > Traditional & Ceremonial Clothing > Sarees
DPKS269,Hand-Painted Srikalahasti Pen Kalamkari Pure Kanchipuram Silk Sarees Saree (DPKS269),"Authentic 100% hand-painted Srikalahasti Pen Kalamkari pure silk saree (Code: DPKS269). Handcrafted with bamboo pens and natural organic vegetable mineral dyes in Srikalahasti, Andhra Pradesh. Fabric: Pure Kanchipuram Silk Sarees. Direct from Dhanalakshmi Kalamkari master artisans.",https://www.dhanalakshmikalamkari.in/?product=DPKS269,https://lh3.googleusercontent.com/d/1Q47G2FjToWbAsYheHTt0YXxagWeqQt5e=w1200,in_stock,26500 INR,Dhanalakshmi Kalamkari,new,Apparel & Accessories > Clothing > Traditional & Ceremonial Clothing > Sarees
DPKS270,Hand-Painted Srikalahasti Pen Kalamkari Pure Kanchipuram Silk Sarees Saree (DPKS270),"Authentic 100% hand-painted Srikalahasti Pen Kalamkari pure silk saree (Code: DPKS270). Handcrafted with bamboo pens and natural organic vegetable mineral dyes in Srikalahasti, Andhra Pradesh. Fabric: Pure Kanchipuram Silk Sarees. Direct from Dhanalakshmi Kalamkari master artisans.",https://www.dhanalakshmikalamkari.in/?product=DPKS270,https://lh3.googleusercontent.com/d/1hiE48fJlEUie7qdnJz4y93LI3WPE9AHW=w1200,in_stock,26500 INR,Dhanalakshmi Kalamkari,new,Apparel & Accessories > Clothing > Traditional & Ceremonial Clothing > Sarees
DPKS271,Hand-Painted Srikalahasti Pen Kalamkari Pure Kanchipuram Silk Sarees Saree (DPKS271),"Authentic 100% hand-painted Srikalahasti Pen Kalamkari pure silk saree (Code: DPKS271). Handcrafted with bamboo pens and natural organic vegetable mineral dyes in Srikalahasti, Andhra Pradesh. Fabric: Pure Kanchipuram Silk Sarees. Direct from Dhanalakshmi Kalamkari master artisans.",https://www.dhanalakshmikalamkari.in/?product=DPKS271,https://lh3.googleusercontent.com/d/1nKb3ST6Lyejt3T0pblIC2njAOSUjtXD8=w1200,in_stock,26500 INR,Dhanalakshmi Kalamkari,new,Apparel & Accessories > Clothing > Traditional & Ceremonial Clothing > Sarees
DPKS272,Hand-Painted Srikalahasti Pen Kalamkari Pure Kanchipuram Silk Sarees Saree (DPKS272),"Authentic 100% hand-painted Srikalahasti Pen Kalamkari pure silk saree (Code: DPKS272). Handcrafted with bamboo pens and natural organic vegetable mineral dyes in Srikalahasti, Andhra Pradesh. Fabric: Pure Kanchipuram Silk Sarees. Direct from Dhanalakshmi Kalamkari master artisans.",https://www.dhanalakshmikalamkari.in/?product=DPKS272,https://lh3.googleusercontent.com/d/1qdBR6ZlVgOKcKpuvYwY8kkWa-_-uPF-S=w1200,in_stock,26500 INR,Dhanalakshmi Kalamkari,new,Apparel & Accessories > Clothing > Traditional & Ceremonial Clothing > Sarees
DPKS273,Hand-Painted Srikalahasti Pen Kalamkari Pure Kanchipuram Silk Sarees Saree (DPKS273),"Authentic 100% hand-painted Srikalahasti Pen Kalamkari pure silk saree (Code: DPKS273). Handcrafted with bamboo pens and natural organic vegetable mineral dyes in Srikalahasti, Andhra Pradesh. Fabric: Pure Kanchipuram Silk Sarees. Direct from Dhanalakshmi Kalamkari master artisans.",https://www.dhanalakshmikalamkari.in/?product=DPKS273,https://lh3.googleusercontent.com/d/19_7CatCC8d89Wa-Gj8Si6QIHuBlPotUv=w1200,in_stock,26500 INR,Dhanalakshmi Kalamkari,new,Apparel & Accessories > Clothing > Traditional & Ceremonial Clothing > Sarees
DPKS274,Hand-Painted Srikalahasti Pen Kalamkari Pure Kanchipuram Silk Sarees Saree (DPKS274),"Authentic 100% hand-painted Srikalahasti Pen Kalamkari pure silk saree (Code: DPKS274). Handcrafted with bamboo pens and natural organic vegetable mineral dyes in Srikalahasti, Andhra Pradesh. Fabric: Pure Kanchipuram Silk Sarees. Direct from Dhanalakshmi Kalamkari master artisans.",https://www.dhanalakshmikalamkari.in/?product=DPKS274,https://lh3.googleusercontent.com/d/1KyHNWqVARNAbB0vloSVfkaN9MinkTIXF=w1200,in_stock,26500 INR,Dhanalakshmi Kalamkari,new,Apparel & Accessories > Clothing > Traditional & Ceremonial Clothing > Sarees
DPKS275,Hand-Painted Srikalahasti Pen Kalamkari Pure Kanchipuram Silk Sarees Saree (DPKS275),"Authentic 100% hand-painted Srikalahasti Pen Kalamkari pure silk saree (Code: DPKS275). Handcrafted with bamboo pens and natural organic vegetable mineral dyes in Srikalahasti, Andhra Pradesh. Fabric: Pure Kanchipuram Silk Sarees. Direct from Dhanalakshmi Kalamkari master artisans.",https://www.dhanalakshmikalamkari.in/?product=DPKS275,https://lh3.googleusercontent.com/d/1_8ZROnbccyd4AiGRCcm9-EiKfmG_5NYn=w1200,in_stock,26500 INR,Dhanalakshmi Kalamkari,new,Apparel & Accessories > Clothing > Traditional & Ceremonial Clothing > Sarees
DPKS277,Hand-Painted Srikalahasti Pen Kalamkari Pure Kanchipuram Silk Sarees Saree (DPKS277),"Authentic 100% hand-painted Srikalahasti Pen Kalamkari pure silk saree (Code: DPKS277). Handcrafted with bamboo pens and natural organic vegetable mineral dyes in Srikalahasti, Andhra Pradesh. Fabric: Pure Kanchipuram Silk Sarees. Direct from Dhanalakshmi Kalamkari master artisans.",https://www.dhanalakshmikalamkari.in/?product=DPKS277,https://lh3.googleusercontent.com/d/1OAdP8wKFfPxVNl1_ICcnl5PnD_sHUnS9=w1200,in_stock,26500 INR,Dhanalakshmi Kalamkari,new,Apparel & Accessories > Clothing > Traditional & Ceremonial Clothing > Sarees
DPKS278,Hand-Painted Srikalahasti Pen Kalamkari Pure Kanchipuram Silk Sarees Saree (DPKS278),"Authentic 100% hand-painted Srikalahasti Pen Kalamkari pure silk saree (Code: DPKS278). Handcrafted with bamboo pens and natural organic vegetable mineral dyes in Srikalahasti, Andhra Pradesh. Fabric: Pure Kanchipuram Silk Sarees. Direct from Dhanalakshmi Kalamkari master artisans.",https://www.dhanalakshmikalamkari.in/?product=DPKS278,https://lh3.googleusercontent.com/d/1CuTS_bOY-KyATN3-HqRB5cwGuUlX9XBO=w1200,in_stock,26500 INR,Dhanalakshmi Kalamkari,new,Apparel & Accessories > Clothing > Traditional & Ceremonial Clothing > Sarees
DPKS279,Hand-Painted Srikalahasti Pen Kalamkari Pure Kanchipuram Silk Sarees Saree (DPKS279),"Authentic 100% hand-painted Srikalahasti Pen Kalamkari pure silk saree (Code: DPKS279). Handcrafted with bamboo pens and natural organic vegetable mineral dyes in Srikalahasti, Andhra Pradesh. Fabric: Pure Kanchipuram Silk Sarees. Direct from Dhanalakshmi Kalamkari master artisans.",https://www.dhanalakshmikalamkari.in/?product=DPKS279,https://lh3.googleusercontent.com/d/1ncy9anIu-2Tf9YezJQxs2GJZPjWCTOFB=w1200,in_stock,26500 INR,Dhanalakshmi Kalamkari,new,Apparel & Accessories > Clothing > Traditional & Ceremonial Clothing > Sarees
DPKS312,Hand-Painted Srikalahasti Pen Kalamkari Pure Kanchipuram Silk Sarees Saree (DPKS312),"Authentic 100% hand-painted Srikalahasti Pen Kalamkari pure silk saree (Code: DPKS312). Handcrafted with bamboo pens and natural organic vegetable mineral dyes in Srikalahasti, Andhra Pradesh. Fabric: Pure Kanchipuram Silk Sarees. Direct from Dhanalakshmi Kalamkari master artisans.",https://www.dhanalakshmikalamkari.in/?product=DPKS312,https://lh3.googleusercontent.com/d/1v4z54EXJHAdXvl3iTnAQbcGX7-DJzT4S=w1200,in_stock,34500 INR,Dhanalakshmi Kalamkari,new,Apparel & Accessories > Clothing > Traditional & Ceremonial Clothing > Sarees
DPKS281,Hand-Painted Srikalahasti Pen Kalamkari Pure Kanchipuram Silk Sarees Saree (DPKS281),"Authentic 100% hand-painted Srikalahasti Pen Kalamkari pure silk saree (Code: DPKS281). Handcrafted with bamboo pens and natural organic vegetable mineral dyes in Srikalahasti, Andhra Pradesh. Fabric: Pure Kanchipuram Silk Sarees. Direct from Dhanalakshmi Kalamkari master artisans.",https://www.dhanalakshmikalamkari.in/?product=DPKS281,https://lh3.googleusercontent.com/d/1SbWX7WtTLBXcicWqMkUYOexxfs3FyiJf=w1200,in_stock,34500 INR,Dhanalakshmi Kalamkari,new,Apparel & Accessories > Clothing > Traditional & Ceremonial Clothing > Sarees
DPKS282,Hand-Painted Srikalahasti Pen Kalamkari Pure Kanchipuram Silk Sarees Saree (DPKS282),"Authentic 100% hand-painted Srikalahasti Pen Kalamkari pure silk saree (Code: DPKS282). Handcrafted with bamboo pens and natural organic vegetable mineral dyes in Srikalahasti, Andhra Pradesh. Fabric: Pure Kanchipuram Silk Sarees. Direct from Dhanalakshmi Kalamkari master artisans.",https://www.dhanalakshmikalamkari.in/?product=DPKS282,https://lh3.googleusercontent.com/d/1VpA6uJTCRnRjivBFW8yeSTDMsWiS9Ywn=w1200,in_stock,34500 INR,Dhanalakshmi Kalamkari,new,Apparel & Accessories > Clothing > Traditional & Ceremonial Clothing > Sarees
DPKS283,Hand-Painted Srikalahasti Pen Kalamkari Pure Kanchipuram Silk Sarees Saree (DPKS283),"Authentic 100% hand-painted Srikalahasti Pen Kalamkari pure silk saree (Code: DPKS283). Handcrafted with bamboo pens and natural organic vegetable mineral dyes in Srikalahasti, Andhra Pradesh. Fabric: Pure Kanchipuram Silk Sarees. Direct from Dhanalakshmi Kalamkari master artisans.",https://www.dhanalakshmikalamkari.in/?product=DPKS283,https://lh3.googleusercontent.com/d/19xRiVjMKtDxxrs3TetgRgBqHufUmUjAv=w1200,in_stock,34500 INR,Dhanalakshmi Kalamkari,new,Apparel & Accessories > Clothing > Traditional & Ceremonial Clothing > Sarees
DPKS284,Hand-Painted Srikalahasti Pen Kalamkari Pure Kanchipuram Silk Sarees Saree (DPKS284),"Authentic 100% hand-painted Srikalahasti Pen Kalamkari pure silk saree (Code: DPKS284). Handcrafted with bamboo pens and natural organic vegetable mineral dyes in Srikalahasti, Andhra Pradesh. Fabric: Pure Kanchipuram Silk Sarees. Direct from Dhanalakshmi Kalamkari master artisans.",https://www.dhanalakshmikalamkari.in/?product=DPKS284,https://lh3.googleusercontent.com/d/1UjVW-sgLnr6J-u2nkBQpEPr6zKUXteaX=w1200,in_stock,34500 INR,Dhanalakshmi Kalamkari,new,Apparel & Accessories > Clothing > Traditional & Ceremonial Clothing > Sarees
DPKS285,Hand-Painted Srikalahasti Pen Kalamkari Pure Kanchipuram Silk Sarees Saree (DPKS285),"Authentic 100% hand-painted Srikalahasti Pen Kalamkari pure silk saree (Code: DPKS285). Handcrafted with bamboo pens and natural organic vegetable mineral dyes in Srikalahasti, Andhra Pradesh. Fabric: Pure Kanchipuram Silk Sarees. Direct from Dhanalakshmi Kalamkari master artisans.",https://www.dhanalakshmikalamkari.in/?product=DPKS285,https://lh3.googleusercontent.com/d/1KoijCKH81YFGDbbjAS3KeBub8jNfqRii=w1200,in_stock,34500 INR,Dhanalakshmi Kalamkari,new,Apparel & Accessories > Clothing > Traditional & Ceremonial Clothing > Sarees
DPKS287,Hand-Painted Srikalahasti Pen Kalamkari Pure Kanchipuram Silk Sarees Saree (DPKS287),"Authentic 100% hand-painted Srikalahasti Pen Kalamkari pure silk saree (Code: DPKS287). Handcrafted with bamboo pens and natural organic vegetable mineral dyes in Srikalahasti, Andhra Pradesh. Fabric: Pure Kanchipuram Silk Sarees. Direct from Dhanalakshmi Kalamkari master artisans.",https://www.dhanalakshmikalamkari.in/?product=DPKS287,https://lh3.googleusercontent.com/d/1NAmBfyncJHwPegkPvBJcZnZmCmuGde_8=w1200,in_stock,34500 INR,Dhanalakshmi Kalamkari,new,Apparel & Accessories > Clothing > Traditional & Ceremonial Clothing > Sarees
DPKS288,Hand-Painted Srikalahasti Pen Kalamkari Pure Kanchipuram Silk Sarees Saree (DPKS288),"Authentic 100% hand-painted Srikalahasti Pen Kalamkari pure silk saree (Code: DPKS288). Handcrafted with bamboo pens and natural organic vegetable mineral dyes in Srikalahasti, Andhra Pradesh. Fabric: Pure Kanchipuram Silk Sarees. Direct from Dhanalakshmi Kalamkari master artisans.",https://www.dhanalakshmikalamkari.in/?product=DPKS288,https://lh3.googleusercontent.com/d/1QAf9NkBGZpJd6zFeAAnNq93-gsUd0Um3=w1200,in_stock,34500 INR,Dhanalakshmi Kalamkari,new,Apparel & Accessories > Clothing > Traditional & Ceremonial Clothing > Sarees
DPKS289,Hand-Painted Srikalahasti Pen Kalamkari Pure Kanchipuram Silk Sarees Saree (DPKS289),"Authentic 100% hand-painted Srikalahasti Pen Kalamkari pure silk saree (Code: DPKS289). Handcrafted with bamboo pens and natural organic vegetable mineral dyes in Srikalahasti, Andhra Pradesh. Fabric: Pure Kanchipuram Silk Sarees. Direct from Dhanalakshmi Kalamkari master artisans.",https://www.dhanalakshmikalamkari.in/?product=DPKS289,https://lh3.googleusercontent.com/d/1ngAGVvj5--yTTticZ0Tq7dMh6qfpphn_=w1200,in_stock,34500 INR,Dhanalakshmi Kalamkari,new,Apparel & Accessories > Clothing > Traditional & Ceremonial Clothing > Sarees
DPKS290,Hand-Painted Srikalahasti Pen Kalamkari Pure Kanchipuram Silk Sarees Saree (DPKS290),"Authentic 100% hand-painted Srikalahasti Pen Kalamkari pure silk saree (Code: DPKS290). Handcrafted with bamboo pens and natural organic vegetable mineral dyes in Srikalahasti, Andhra Pradesh. Fabric: Pure Kanchipuram Silk Sarees. Direct from Dhanalakshmi Kalamkari master artisans.",https://www.dhanalakshmikalamkari.in/?product=DPKS290,https://lh3.googleusercontent.com/d/1vXbfR9IawuaXcNmbz7uNlMkzxN7XPYLh=w1200,in_stock,34500 INR,Dhanalakshmi Kalamkari,new,Apparel & Accessories > Clothing > Traditional & Ceremonial Clothing > Sarees
DPKS292,Hand-Painted Srikalahasti Pen Kalamkari Pure Kanchipuram Silk Sarees Saree (DPKS292),"Authentic 100% hand-painted Srikalahasti Pen Kalamkari pure silk saree (Code: DPKS292). Handcrafted with bamboo pens and natural organic vegetable mineral dyes in Srikalahasti, Andhra Pradesh. Fabric: Pure Kanchipuram Silk Sarees. Direct from Dhanalakshmi Kalamkari master artisans.",https://www.dhanalakshmikalamkari.in/?product=DPKS292,https://lh3.googleusercontent.com/d/1oGZAttLTNrCdHQgSh8wwJx1hW80DtLj4=w1200,in_stock,34500 INR,Dhanalakshmi Kalamkari,new,Apparel & Accessories > Clothing > Traditional & Ceremonial Clothing > Sarees
DPKS293,Hand-Painted Srikalahasti Pen Kalamkari Pure Kanchipuram Silk Sarees Saree (DPKS293),"Authentic 100% hand-painted Srikalahasti Pen Kalamkari pure silk saree (Code: DPKS293). Handcrafted with bamboo pens and natural organic vegetable mineral dyes in Srikalahasti, Andhra Pradesh. Fabric: Pure Kanchipuram Silk Sarees. Direct from Dhanalakshmi Kalamkari master artisans.",https://www.dhanalakshmikalamkari.in/?product=DPKS293,https://lh3.googleusercontent.com/d/1s2yMVf0dSJ_VosTdDboN6pvddUVid4Du=w1200,in_stock,34500 INR,Dhanalakshmi Kalamkari,new,Apparel & Accessories > Clothing > Traditional & Ceremonial Clothing > Sarees
DPKS294,Hand-Painted Srikalahasti Pen Kalamkari Pure Kanchipuram Silk Sarees Saree (DPKS294),"Authentic 100% hand-painted Srikalahasti Pen Kalamkari pure silk saree (Code: DPKS294). Handcrafted with bamboo pens and natural organic vegetable mineral dyes in Srikalahasti, Andhra Pradesh. Fabric: Pure Kanchipuram Silk Sarees. Direct from Dhanalakshmi Kalamkari master artisans.",https://www.dhanalakshmikalamkari.in/?product=DPKS294,https://lh3.googleusercontent.com/d/1k71uPlU0j_Fc4kw92eCAt6dZfIhkqxCz=w1200,in_stock,34500 INR,Dhanalakshmi Kalamkari,new,Apparel & Accessories > Clothing > Traditional & Ceremonial Clothing > Sarees
DPKS295,Hand-Painted Srikalahasti Pen Kalamkari Pure Kanchipuram Silk Sarees Saree (DPKS295),"Authentic 100% hand-painted Srikalahasti Pen Kalamkari pure silk saree (Code: DPKS295). Handcrafted with bamboo pens and natural organic vegetable mineral dyes in Srikalahasti, Andhra Pradesh. Fabric: Pure Kanchipuram Silk Sarees. Direct from Dhanalakshmi Kalamkari master artisans.",https://www.dhanalakshmikalamkari.in/?product=DPKS295,https://lh3.googleusercontent.com/d/1qRfQYmL6UMwyPsPFq4UVM6gl9YJBa9ZD=w1200,in_stock,34500 INR,Dhanalakshmi Kalamkari,new,Apparel & Accessories > Clothing > Traditional & Ceremonial Clothing > Sarees
DPKS296,Hand-Painted Srikalahasti Pen Kalamkari Pure Kanchipuram Silk Sarees Saree (DPKS296),"Authentic 100% hand-painted Srikalahasti Pen Kalamkari pure silk saree (Code: DPKS296). Handcrafted with bamboo pens and natural organic vegetable mineral dyes in Srikalahasti, Andhra Pradesh. Fabric: Pure Kanchipuram Silk Sarees. Direct from Dhanalakshmi Kalamkari master artisans.",https://www.dhanalakshmikalamkari.in/?product=DPKS296,https://lh3.googleusercontent.com/d/1qbnnhbEgFOpNZ3PfRLFfltB7AeHsjFAf=w1200,in_stock,34500 INR,Dhanalakshmi Kalamkari,new,Apparel & Accessories > Clothing > Traditional & Ceremonial Clothing > Sarees
DPKS297,Hand-Painted Srikalahasti Pen Kalamkari Pure Kanchipuram Silk Sarees Saree (DPKS297),"Authentic 100% hand-painted Srikalahasti Pen Kalamkari pure silk saree (Code: DPKS297). Handcrafted with bamboo pens and natural organic vegetable mineral dyes in Srikalahasti, Andhra Pradesh. Fabric: Pure Kanchipuram Silk Sarees. Direct from Dhanalakshmi Kalamkari master artisans.",https://www.dhanalakshmikalamkari.in/?product=DPKS297,https://lh3.googleusercontent.com/d/1f2Lm9V1d5eSQ2i3LCa6ftTLr5mYsz5sT=w1200,in_stock,34500 INR,Dhanalakshmi Kalamkari,new,Apparel & Accessories > Clothing > Traditional & Ceremonial Clothing > Sarees
DPKS298,Hand-Painted Srikalahasti Pen Kalamkari Pure Kanchipuram Silk Sarees Saree (DPKS298),"Authentic 100% hand-painted Srikalahasti Pen Kalamkari pure silk saree (Code: DPKS298). Handcrafted with bamboo pens and natural organic vegetable mineral dyes in Srikalahasti, Andhra Pradesh. Fabric: Pure Kanchipuram Silk Sarees. Direct from Dhanalakshmi Kalamkari master artisans.",https://www.dhanalakshmikalamkari.in/?product=DPKS298,https://lh3.googleusercontent.com/d/1g5TE2mVoRJ-XJRtjEtD3qx-UMy2Nyxhr=w1200,in_stock,34500 INR,Dhanalakshmi Kalamkari,new,Apparel & Accessories > Clothing > Traditional & Ceremonial Clothing > Sarees
DPKS299,Hand-Painted Srikalahasti Pen Kalamkari Pure Kanchipuram Silk Sarees Saree (DPKS299),"Authentic 100% hand-painted Srikalahasti Pen Kalamkari pure silk saree (Code: DPKS299). Handcrafted with bamboo pens and natural organic vegetable mineral dyes in Srikalahasti, Andhra Pradesh. Fabric: Pure Kanchipuram Silk Sarees. Direct from Dhanalakshmi Kalamkari master artisans.",https://www.dhanalakshmikalamkari.in/?product=DPKS299,https://lh3.googleusercontent.com/d/1JvWzPG-XkZ2Rq_gX9eDCsVYh-dMTTYvB=w1200,in_stock,34500 INR,Dhanalakshmi Kalamkari,new,Apparel & Accessories > Clothing > Traditional & Ceremonial Clothing > Sarees
DPKS300,Hand-Painted Srikalahasti Pen Kalamkari Pure Kanchipuram Silk Sarees Saree (DPKS300),"Authentic 100% hand-painted Srikalahasti Pen Kalamkari pure silk saree (Code: DPKS300). Handcrafted with bamboo pens and natural organic vegetable mineral dyes in Srikalahasti, Andhra Pradesh. Fabric: Pure Kanchipuram Silk Sarees. Direct from Dhanalakshmi Kalamkari master artisans.",https://www.dhanalakshmikalamkari.in/?product=DPKS300,https://lh3.googleusercontent.com/d/1Yft3tve60yRYNpfdcg-o34SEeF0I1CnB=w1200,in_stock,34500 INR,Dhanalakshmi Kalamkari,new,Apparel & Accessories > Clothing > Traditional & Ceremonial Clothing > Sarees
DPKS301,Hand-Painted Srikalahasti Pen Kalamkari Pure Kanchipuram Silk Sarees Saree (DPKS301),"Authentic 100% hand-painted Srikalahasti Pen Kalamkari pure silk saree (Code: DPKS301). Handcrafted with bamboo pens and natural organic vegetable mineral dyes in Srikalahasti, Andhra Pradesh. Fabric: Pure Kanchipuram Silk Sarees. Direct from Dhanalakshmi Kalamkari master artisans.",https://www.dhanalakshmikalamkari.in/?product=DPKS301,https://lh3.googleusercontent.com/d/15FKzHquNfWWArhElMjjXEQHoN-mGi_Lk=w1200,in_stock,34500 INR,Dhanalakshmi Kalamkari,new,Apparel & Accessories > Clothing > Traditional & Ceremonial Clothing > Sarees
DPKS302,Hand-Painted Srikalahasti Pen Kalamkari Pure Kanchipuram Silk Sarees Saree (DPKS302),"Authentic 100% hand-painted Srikalahasti Pen Kalamkari pure silk saree (Code: DPKS302). Handcrafted with bamboo pens and natural organic vegetable mineral dyes in Srikalahasti, Andhra Pradesh. Fabric: Pure Kanchipuram Silk Sarees. Direct from Dhanalakshmi Kalamkari master artisans.",https://www.dhanalakshmikalamkari.in/?product=DPKS302,https://lh3.googleusercontent.com/d/1h2u1RJeVQnl8tTCxzCCQ0eTVLfCCLwJ-=w1200,in_stock,34500 INR,Dhanalakshmi Kalamkari,new,Apparel & Accessories > Clothing > Traditional & Ceremonial Clothing > Sarees
DPCS099,Hand-Painted Srikalahasti Pen Kalamkari Pure Crape Silk Sarees Saree (DPCS099),"Authentic 100% hand-painted Srikalahasti Pen Kalamkari pure silk saree (Code: DPCS099). Handcrafted with bamboo pens and natural organic vegetable mineral dyes in Srikalahasti, Andhra Pradesh. Fabric: Pure Crape Silk Sarees. Direct from Dhanalakshmi Kalamkari master artisans.",https://www.dhanalakshmikalamkari.in/?product=DPCS099,https://lh3.googleusercontent.com/d/1p7zv5-Gzs-WTbfBfH5v3r2PNrUYHJr0G=w1200,in_stock,26500 INR,Dhanalakshmi Kalamkari,new,Apparel & Accessories > Clothing > Traditional & Ceremonial Clothing > Sarees
DPCS100,Hand-Painted Srikalahasti Pen Kalamkari Pure Crape Silk Sarees Saree (DPCS100),"Authentic 100% hand-painted Srikalahasti Pen Kalamkari pure silk saree (Code: DPCS100). Handcrafted with bamboo pens and natural organic vegetable mineral dyes in Srikalahasti, Andhra Pradesh. Fabric: Pure Crape Silk Sarees. Direct from Dhanalakshmi Kalamkari master artisans.",https://www.dhanalakshmikalamkari.in/?product=DPCS100,https://lh3.googleusercontent.com/d/1uNzH8snv1P0gTXekXypMlVU7y-RCBQ6_=w1200,in_stock,26500 INR,Dhanalakshmi Kalamkari,new,Apparel & Accessories > Clothing > Traditional & Ceremonial Clothing > Sarees
DPCS101,Hand-Painted Srikalahasti Pen Kalamkari Pure Crape Silk Sarees Saree (DPCS101),"Authentic 100% hand-painted Srikalahasti Pen Kalamkari pure silk saree (Code: DPCS101). Handcrafted with bamboo pens and natural organic vegetable mineral dyes in Srikalahasti, Andhra Pradesh. Fabric: Pure Crape Silk Sarees. Direct from Dhanalakshmi Kalamkari master artisans.",https://www.dhanalakshmikalamkari.in/?product=DPCS101,https://lh3.googleusercontent.com/d/1w6fZkY6SsD81IXcvNBvI_BEa8GgKZTsE=w1200,in_stock,26500 INR,Dhanalakshmi Kalamkari,new,Apparel & Accessories > Clothing > Traditional & Ceremonial Clothing > Sarees
DPCS102,Hand-Painted Srikalahasti Pen Kalamkari Pure Crape Silk Sarees Saree (DPCS102),"Authentic 100% hand-painted Srikalahasti Pen Kalamkari pure silk saree (Code: DPCS102). Handcrafted with bamboo pens and natural organic vegetable mineral dyes in Srikalahasti, Andhra Pradesh. Fabric: Pure Crape Silk Sarees. Direct from Dhanalakshmi Kalamkari master artisans.",https://www.dhanalakshmikalamkari.in/?product=DPCS102,https://lh3.googleusercontent.com/d/1h7BELGz7h14dwhzvuDHIWh5Y5i22LS-i=w1200,in_stock,26500 INR,Dhanalakshmi Kalamkari,new,Apparel & Accessories > Clothing > Traditional & Ceremonial Clothing > Sarees
DPCS103,Hand-Painted Srikalahasti Pen Kalamkari Pure Crape Silk Sarees Saree (DPCS103),"Authentic 100% hand-painted Srikalahasti Pen Kalamkari pure silk saree (Code: DPCS103). Handcrafted with bamboo pens and natural organic vegetable mineral dyes in Srikalahasti, Andhra Pradesh. Fabric: Pure Crape Silk Sarees. Direct from Dhanalakshmi Kalamkari master artisans.",https://www.dhanalakshmikalamkari.in/?product=DPCS103,https://lh3.googleusercontent.com/d/1wbO3_xs50LZNinF-GrUYmXBJHuI92dud=w1200,in_stock,26500 INR,Dhanalakshmi Kalamkari,new,Apparel & Accessories > Clothing > Traditional & Ceremonial Clothing > Sarees
DPCS104,Hand-Painted Srikalahasti Pen Kalamkari Pure Crape Silk Sarees Saree (DPCS104),"Authentic 100% hand-painted Srikalahasti Pen Kalamkari pure silk saree (Code: DPCS104). Handcrafted with bamboo pens and natural organic vegetable mineral dyes in Srikalahasti, Andhra Pradesh. Fabric: Pure Crape Silk Sarees. Direct from Dhanalakshmi Kalamkari master artisans.",https://www.dhanalakshmikalamkari.in/?product=DPCS104,https://lh3.googleusercontent.com/d/1BPcSO9EZvB20wtYITwLfMO3MdYdOeTj4=w1200,in_stock,26500 INR,Dhanalakshmi Kalamkari,new,Apparel & Accessories > Clothing > Traditional & Ceremonial Clothing > Sarees
DPCS105,Hand-Painted Srikalahasti Pen Kalamkari Pure Crape Silk Sarees Saree (DPCS105),"Authentic 100% hand-painted Srikalahasti Pen Kalamkari pure silk saree (Code: DPCS105). Handcrafted with bamboo pens and natural organic vegetable mineral dyes in Srikalahasti, Andhra Pradesh. Fabric: Pure Crape Silk Sarees. Direct from Dhanalakshmi Kalamkari master artisans.",https://www.dhanalakshmikalamkari.in/?product=DPCS105,https://lh3.googleusercontent.com/d/1fMy-oS9WbMz0dADQB7Xjmj9h8S5mq3AU=w1200,in_stock,26500 INR,Dhanalakshmi Kalamkari,new,Apparel & Accessories > Clothing > Traditional & Ceremonial Clothing > Sarees
DPCS106,Hand-Painted Srikalahasti Pen Kalamkari Pure Crape Silk Sarees Saree (DPCS106),"Authentic 100% hand-painted Srikalahasti Pen Kalamkari pure silk saree (Code: DPCS106). Handcrafted with bamboo pens and natural organic vegetable mineral dyes in Srikalahasti, Andhra Pradesh. Fabric: Pure Crape Silk Sarees. Direct from Dhanalakshmi Kalamkari master artisans.",https://www.dhanalakshmikalamkari.in/?product=DPCS106,https://lh3.googleusercontent.com/d/1sb_m8nzaEx1lBwnFpCwc_VTeBGvssH41=w1200,in_stock,26500 INR,Dhanalakshmi Kalamkari,new,Apparel & Accessories > Clothing > Traditional & Ceremonial Clothing > Sarees
DPCS107,Hand-Painted Srikalahasti Pen Kalamkari Pure Crape Silk Sarees Saree (DPCS107),"Authentic 100% hand-painted Srikalahasti Pen Kalamkari pure silk saree (Code: DPCS107). Handcrafted with bamboo pens and natural organic vegetable mineral dyes in Srikalahasti, Andhra Pradesh. Fabric: Pure Crape Silk Sarees. Direct from Dhanalakshmi Kalamkari master artisans.",https://www.dhanalakshmikalamkari.in/?product=DPCS107,https://lh3.googleusercontent.com/d/1ngL_xmkWCUvJzffrZHGqdk7UMGuyQicG=w1200,in_stock,26500 INR,Dhanalakshmi Kalamkari,new,Apparel & Accessories > Clothing > Traditional & Ceremonial Clothing > Sarees
DPCS108,Hand-Painted Srikalahasti Pen Kalamkari Pure Crape Silk Sarees Saree (DPCS108),"Authentic 100% hand-painted Srikalahasti Pen Kalamkari pure silk saree (Code: DPCS108). Handcrafted with bamboo pens and natural organic vegetable mineral dyes in Srikalahasti, Andhra Pradesh. Fabric: Pure Crape Silk Sarees. Direct from Dhanalakshmi Kalamkari master artisans.",https://www.dhanalakshmikalamkari.in/?product=DPCS108,https://lh3.googleusercontent.com/d/19SKpeVlbyw8sE-xNXRCLLTgiVqWFrM5h=w1200,in_stock,26500 INR,Dhanalakshmi Kalamkari,new,Apparel & Accessories > Clothing > Traditional & Ceremonial Clothing > Sarees
DPCS109,Hand-Painted Srikalahasti Pen Kalamkari Pure Crape Silk Sarees Saree (DPCS109),"Authentic 100% hand-painted Srikalahasti Pen Kalamkari pure silk saree (Code: DPCS109). Handcrafted with bamboo pens and natural organic vegetable mineral dyes in Srikalahasti, Andhra Pradesh. Fabric: Pure Crape Silk Sarees. Direct from Dhanalakshmi Kalamkari master artisans.",https://www.dhanalakshmikalamkari.in/?product=DPCS109,https://lh3.googleusercontent.com/d/1KAZLCUqihdeb8QpUXSkrLX_WYog997BB=w1200,in_stock,26500 INR,Dhanalakshmi Kalamkari,new,Apparel & Accessories > Clothing > Traditional & Ceremonial Clothing > Sarees
DPCS110,Hand-Painted Srikalahasti Pen Kalamkari Pure Crape Silk Sarees Saree (DPCS110),"Authentic 100% hand-painted Srikalahasti Pen Kalamkari pure silk saree (Code: DPCS110). Handcrafted with bamboo pens and natural organic vegetable mineral dyes in Srikalahasti, Andhra Pradesh. Fabric: Pure Crape Silk Sarees. Direct from Dhanalakshmi Kalamkari master artisans.",https://www.dhanalakshmikalamkari.in/?product=DPCS110,https://lh3.googleusercontent.com/d/1nmw4R6boHPzSAwFx5OUst22XFrwwrIqv=w1200,in_stock,26500 INR,Dhanalakshmi Kalamkari,new,Apparel & Accessories > Clothing > Traditional & Ceremonial Clothing > Sarees
DPCS111,Hand-Painted Srikalahasti Pen Kalamkari Pure Crape Silk Sarees Saree (DPCS111),"Authentic 100% hand-painted Srikalahasti Pen Kalamkari pure silk saree (Code: DPCS111). Handcrafted with bamboo pens and natural organic vegetable mineral dyes in Srikalahasti, Andhra Pradesh. Fabric: Pure Crape Silk Sarees. Direct from Dhanalakshmi Kalamkari master artisans.",https://www.dhanalakshmikalamkari.in/?product=DPCS111,https://lh3.googleusercontent.com/d/1uWUYNcUQB9b--b4BhPJx_zJmG0YNC6E8=w1200,in_stock,26500 INR,Dhanalakshmi Kalamkari,new,Apparel & Accessories > Clothing > Traditional & Ceremonial Clothing > Sarees
DPCS112,Hand-Painted Srikalahasti Pen Kalamkari Pure Crape Silk Sarees Saree (DPCS112),"Authentic 100% hand-painted Srikalahasti Pen Kalamkari pure silk saree (Code: DPCS112). Handcrafted with bamboo pens and natural organic vegetable mineral dyes in Srikalahasti, Andhra Pradesh. Fabric: Pure Crape Silk Sarees. Direct from Dhanalakshmi Kalamkari master artisans.",https://www.dhanalakshmikalamkari.in/?product=DPCS112,https://lh3.googleusercontent.com/d/1zXoOKEmNIqCmm9Zc9YFmumedVC0W6TSs=w1200,in_stock,24500 INR,Dhanalakshmi Kalamkari,new,Apparel & Accessories > Clothing > Traditional & Ceremonial Clothing > Sarees
DPCS113,Hand-Painted Srikalahasti Pen Kalamkari Pure Crape Silk Sarees Saree (DPCS113),"Authentic 100% hand-painted Srikalahasti Pen Kalamkari pure silk saree (Code: DPCS113). Handcrafted with bamboo pens and natural organic vegetable mineral dyes in Srikalahasti, Andhra Pradesh. Fabric: Pure Crape Silk Sarees. Direct from Dhanalakshmi Kalamkari master artisans.",https://www.dhanalakshmikalamkari.in/?product=DPCS113,https://lh3.googleusercontent.com/d/1ruE51ISKUUqNCptjQsX_Bn3SChIrqzEg=w1200,in_stock,24500 INR,Dhanalakshmi Kalamkari,new,Apparel & Accessories > Clothing > Traditional & Ceremonial Clothing > Sarees
DPCS114,Hand-Painted Srikalahasti Pen Kalamkari Pure Crape Silk Sarees Saree (DPCS114),"Authentic 100% hand-painted Srikalahasti Pen Kalamkari pure silk saree (Code: DPCS114). Handcrafted with bamboo pens and natural organic vegetable mineral dyes in Srikalahasti, Andhra Pradesh. Fabric: Pure Crape Silk Sarees. Direct from Dhanalakshmi Kalamkari master artisans.",https://www.dhanalakshmikalamkari.in/?product=DPCS114,https://lh3.googleusercontent.com/d/1lFICURFXOV2z00KXO8bbpke0DjC2VcdC=w1200,in_stock,24500 INR,Dhanalakshmi Kalamkari,new,Apparel & Accessories > Clothing > Traditional & Ceremonial Clothing > Sarees
DPCS115,Hand-Painted Srikalahasti Pen Kalamkari Pure Crape Silk Sarees Saree (DPCS115),"Authentic 100% hand-painted Srikalahasti Pen Kalamkari pure silk saree (Code: DPCS115). Handcrafted with bamboo pens and natural organic vegetable mineral dyes in Srikalahasti, Andhra Pradesh. Fabric: Pure Crape Silk Sarees. Direct from Dhanalakshmi Kalamkari master artisans.",https://www.dhanalakshmikalamkari.in/?product=DPCS115,https://lh3.googleusercontent.com/d/19mTg22dL4gB6W8cG11tuAywiW87BXmRT=w1200,in_stock,24500 INR,Dhanalakshmi Kalamkari,new,Apparel & Accessories > Clothing > Traditional & Ceremonial Clothing > Sarees
DPCS116,Hand-Painted Srikalahasti Pen Kalamkari Pure Crape Silk Sarees Saree (DPCS116),"Authentic 100% hand-painted Srikalahasti Pen Kalamkari pure silk saree (Code: DPCS116). Handcrafted with bamboo pens and natural organic vegetable mineral dyes in Srikalahasti, Andhra Pradesh. Fabric: Pure Crape Silk Sarees. Direct from Dhanalakshmi Kalamkari master artisans.",https://www.dhanalakshmikalamkari.in/?product=DPCS116,https://lh3.googleusercontent.com/d/1JqTPOeFhbKeLFifd_49asWd1jY7A48p8=w1200,in_stock,24500 INR,Dhanalakshmi Kalamkari,new,Apparel & Accessories > Clothing > Traditional & Ceremonial Clothing > Sarees
DPCS117,Hand-Painted Srikalahasti Pen Kalamkari Pure Crape Silk Sarees Saree (DPCS117),"Authentic 100% hand-painted Srikalahasti Pen Kalamkari pure silk saree (Code: DPCS117). Handcrafted with bamboo pens and natural organic vegetable mineral dyes in Srikalahasti, Andhra Pradesh. Fabric: Pure Crape Silk Sarees. Direct from Dhanalakshmi Kalamkari master artisans.",https://www.dhanalakshmikalamkari.in/?product=DPCS117,https://lh3.googleusercontent.com/d/1FeHpO8NAKXzXCKrhsIN6J5tBivFR-4CN=w1200,in_stock,24500 INR,Dhanalakshmi Kalamkari,new,Apparel & Accessories > Clothing > Traditional & Ceremonial Clothing > Sarees
DPCS118,Hand-Painted Srikalahasti Pen Kalamkari Pure Crape Silk Sarees Saree (DPCS118),"Authentic 100% hand-painted Srikalahasti Pen Kalamkari pure silk saree (Code: DPCS118). Handcrafted with bamboo pens and natural organic vegetable mineral dyes in Srikalahasti, Andhra Pradesh. Fabric: Pure Crape Silk Sarees. Direct from Dhanalakshmi Kalamkari master artisans.",https://www.dhanalakshmikalamkari.in/?product=DPCS118,https://lh3.googleusercontent.com/d/11Nz4UK4Gzqa6QPQ1R19MCsu5kKJoa7SV=w1200,in_stock,24500 INR,Dhanalakshmi Kalamkari,new,Apparel & Accessories > Clothing > Traditional & Ceremonial Clothing > Sarees
DPCS119,Hand-Painted Srikalahasti Pen Kalamkari Pure Crape Silk Sarees Saree (DPCS119),"Authentic 100% hand-painted Srikalahasti Pen Kalamkari pure silk saree (Code: DPCS119). Handcrafted with bamboo pens and natural organic vegetable mineral dyes in Srikalahasti, Andhra Pradesh. Fabric: Pure Crape Silk Sarees. Direct from Dhanalakshmi Kalamkari master artisans.",https://www.dhanalakshmikalamkari.in/?product=DPCS119,https://lh3.googleusercontent.com/d/1GX4qjWI2tawTO_Ato8ZJFxY8VzEDkwVd=w1200,in_stock,24500 INR,Dhanalakshmi Kalamkari,new,Apparel & Accessories > Clothing > Traditional & Ceremonial Clothing > Sarees
DPCS120,Hand-Painted Srikalahasti Pen Kalamkari Pure Crape Silk Sarees Saree (DPCS120),"Authentic 100% hand-painted Srikalahasti Pen Kalamkari pure silk saree (Code: DPCS120). Handcrafted with bamboo pens and natural organic vegetable mineral dyes in Srikalahasti, Andhra Pradesh. Fabric: Pure Crape Silk Sarees. Direct from Dhanalakshmi Kalamkari master artisans.",https://www.dhanalakshmikalamkari.in/?product=DPCS120,https://lh3.googleusercontent.com/d/1q3x3xvntAPNaFkzHVtJlWQ1ruJ32IUSg=w1200,in_stock,24500 INR,Dhanalakshmi Kalamkari,new,Apparel & Accessories > Clothing > Traditional & Ceremonial Clothing > Sarees
DPCS121,Hand-Painted Srikalahasti Pen Kalamkari Pure Crape Silk Sarees Saree (DPCS121),"Authentic 100% hand-painted Srikalahasti Pen Kalamkari pure silk saree (Code: DPCS121). Handcrafted with bamboo pens and natural organic vegetable mineral dyes in Srikalahasti, Andhra Pradesh. Fabric: Pure Crape Silk Sarees. Direct from Dhanalakshmi Kalamkari master artisans.",https://www.dhanalakshmikalamkari.in/?product=DPCS121,https://lh3.googleusercontent.com/d/1sYwVT1G7X0P_D6F7GZaqy_Bt3u0ZI1A_=w1200,in_stock,24500 INR,Dhanalakshmi Kalamkari,new,Apparel & Accessories > Clothing > Traditional & Ceremonial Clothing > Sarees
DPCS122,Hand-Painted Srikalahasti Pen Kalamkari Pure Crape Silk Sarees Saree (DPCS122),"Authentic 100% hand-painted Srikalahasti Pen Kalamkari pure silk saree (Code: DPCS122). Handcrafted with bamboo pens and natural organic vegetable mineral dyes in Srikalahasti, Andhra Pradesh. Fabric: Pure Crape Silk Sarees. Direct from Dhanalakshmi Kalamkari master artisans.",https://www.dhanalakshmikalamkari.in/?product=DPCS122,https://lh3.googleusercontent.com/d/15dwGrI04-x6kxw9dxqNqta0JFD2isRzC=w1200,in_stock,24500 INR,Dhanalakshmi Kalamkari,new,Apparel & Accessories > Clothing > Traditional & Ceremonial Clothing > Sarees
DPCS123,Hand-Painted Srikalahasti Pen Kalamkari Pure Crape Silk Sarees Saree (DPCS123),"Authentic 100% hand-painted Srikalahasti Pen Kalamkari pure silk saree (Code: DPCS123). Handcrafted with bamboo pens and natural organic vegetable mineral dyes in Srikalahasti, Andhra Pradesh. Fabric: Pure Crape Silk Sarees. Direct from Dhanalakshmi Kalamkari master artisans.",https://www.dhanalakshmikalamkari.in/?product=DPCS123,https://lh3.googleusercontent.com/d/17qkhQBrrP8PuCbm7l_aUJ7NS6pcQLloS=w1200,in_stock,24500 INR,Dhanalakshmi Kalamkari,new,Apparel & Accessories > Clothing > Traditional & Ceremonial Clothing > Sarees
DPCS124,Hand-Painted Srikalahasti Pen Kalamkari Pure Crape Silk Sarees Saree (DPCS124),"Authentic 100% hand-painted Srikalahasti Pen Kalamkari pure silk saree (Code: DPCS124). Handcrafted with bamboo pens and natural organic vegetable mineral dyes in Srikalahasti, Andhra Pradesh. Fabric: Pure Crape Silk Sarees. Direct from Dhanalakshmi Kalamkari master artisans.",https://www.dhanalakshmikalamkari.in/?product=DPCS124,https://lh3.googleusercontent.com/d/1MhhM7IkWR2_e6mY0QDqEpTTGPPn4LdL-=w1200,in_stock,24500 INR,Dhanalakshmi Kalamkari,new,Apparel & Accessories > Clothing > Traditional & Ceremonial Clothing > Sarees
DPCS125,Hand-Painted Srikalahasti Pen Kalamkari Pure Crape Silk Sarees Saree (DPCS125),"Authentic 100% hand-painted Srikalahasti Pen Kalamkari pure silk saree (Code: DPCS125). Handcrafted with bamboo pens and natural organic vegetable mineral dyes in Srikalahasti, Andhra Pradesh. Fabric: Pure Crape Silk Sarees. Direct from Dhanalakshmi Kalamkari master artisans.",https://www.dhanalakshmikalamkari.in/?product=DPCS125,https://lh3.googleusercontent.com/d/1RjMWMJerpGzCvj6lCvd4glNs3DmYfa9z=w1200,in_stock,24500 INR,Dhanalakshmi Kalamkari,new,Apparel & Accessories > Clothing > Traditional & Ceremonial Clothing > Sarees
DPCS126,Hand-Painted Srikalahasti Pen Kalamkari Pure Crape Silk Sarees Saree (DPCS126),"Authentic 100% hand-painted Srikalahasti Pen Kalamkari pure silk saree (Code: DPCS126). Handcrafted with bamboo pens and natural organic vegetable mineral dyes in Srikalahasti, Andhra Pradesh. Fabric: Pure Crape Silk Sarees. Direct from Dhanalakshmi Kalamkari master artisans.",https://www.dhanalakshmikalamkari.in/?product=DPCS126,https://lh3.googleusercontent.com/d/1f8ipp7cyM1xyb112BZwn_lszNyOuWhDZ=w1200,in_stock,24500 INR,Dhanalakshmi Kalamkari,new,Apparel & Accessories > Clothing > Traditional & Ceremonial Clothing > Sarees
DPCS127,Hand-Painted Srikalahasti Pen Kalamkari Pure Crape Silk Sarees Saree (DPCS127),"Authentic 100% hand-painted Srikalahasti Pen Kalamkari pure silk saree (Code: DPCS127). Handcrafted with bamboo pens and natural organic vegetable mineral dyes in Srikalahasti, Andhra Pradesh. Fabric: Pure Crape Silk Sarees. Direct from Dhanalakshmi Kalamkari master artisans.",https://www.dhanalakshmikalamkari.in/?product=DPCS127,https://lh3.googleusercontent.com/d/1JYPAuHzZ-y0MsBpmtRFy8XUKG3cyoLaO=w1200,in_stock,24500 INR,Dhanalakshmi Kalamkari,new,Apparel & Accessories > Clothing > Traditional & Ceremonial Clothing > Sarees
DPCS128,Hand-Painted Srikalahasti Pen Kalamkari Pure Crape Silk Sarees Saree (DPCS128),"Authentic 100% hand-painted Srikalahasti Pen Kalamkari pure silk saree (Code: DPCS128). Handcrafted with bamboo pens and natural organic vegetable mineral dyes in Srikalahasti, Andhra Pradesh. Fabric: Pure Crape Silk Sarees. Direct from Dhanalakshmi Kalamkari master artisans.",https://www.dhanalakshmikalamkari.in/?product=DPCS128,https://lh3.googleusercontent.com/d/1rb6AJVvzEJ3ZtsI8krGJzMFp1qUUDNus=w1200,in_stock,24500 INR,Dhanalakshmi Kalamkari,new,Apparel & Accessories > Clothing > Traditional & Ceremonial Clothing > Sarees
DPCS129,Hand-Painted Srikalahasti Pen Kalamkari Pure Crape Silk Sarees Saree (DPCS129),"Authentic 100% hand-painted Srikalahasti Pen Kalamkari pure silk saree (Code: DPCS129). Handcrafted with bamboo pens and natural organic vegetable mineral dyes in Srikalahasti, Andhra Pradesh. Fabric: Pure Crape Silk Sarees. Direct from Dhanalakshmi Kalamkari master artisans.",https://www.dhanalakshmikalamkari.in/?product=DPCS129,https://lh3.googleusercontent.com/d/1t300SdA9jK4ntlx4BaWS5y5PAYPUw-Oa=w1200,in_stock,14500 INR,Dhanalakshmi Kalamkari,new,Apparel & Accessories > Clothing > Traditional & Ceremonial Clothing > Sarees
DPCS130,Hand-Painted Srikalahasti Pen Kalamkari Pure Crape Silk Sarees Saree (DPCS130),"Authentic 100% hand-painted Srikalahasti Pen Kalamkari pure silk saree (Code: DPCS130). Handcrafted with bamboo pens and natural organic vegetable mineral dyes in Srikalahasti, Andhra Pradesh. Fabric: Pure Crape Silk Sarees. Direct from Dhanalakshmi Kalamkari master artisans.",https://www.dhanalakshmikalamkari.in/?product=DPCS130,https://lh3.googleusercontent.com/d/191ROVWXiQQPhKuJI8ZBOn4SvfRWR3iri=w1200,in_stock,14500 INR,Dhanalakshmi Kalamkari,new,Apparel & Accessories > Clothing > Traditional & Ceremonial Clothing > Sarees
DPCS131,Hand-Painted Srikalahasti Pen Kalamkari Pure Crape Silk Sarees Saree (DPCS131),"Authentic 100% hand-painted Srikalahasti Pen Kalamkari pure silk saree (Code: DPCS131). Handcrafted with bamboo pens and natural organic vegetable mineral dyes in Srikalahasti, Andhra Pradesh. Fabric: Pure Crape Silk Sarees. Direct from Dhanalakshmi Kalamkari master artisans.",https://www.dhanalakshmikalamkari.in/?product=DPCS131,https://lh3.googleusercontent.com/d/1uPraNvVVez3pLhCw_vEH0xmhrcAUvOnI=w1200,in_stock,14500 INR,Dhanalakshmi Kalamkari,new,Apparel & Accessories > Clothing > Traditional & Ceremonial Clothing > Sarees
DPCS132,Hand-Painted Srikalahasti Pen Kalamkari Pure Crape Silk Sarees Saree (DPCS132),"Authentic 100% hand-painted Srikalahasti Pen Kalamkari pure silk saree (Code: DPCS132). Handcrafted with bamboo pens and natural organic vegetable mineral dyes in Srikalahasti, Andhra Pradesh. Fabric: Pure Crape Silk Sarees. Direct from Dhanalakshmi Kalamkari master artisans.",https://www.dhanalakshmikalamkari.in/?product=DPCS132,https://lh3.googleusercontent.com/d/1nII3TrMCwdhCVSvYVXpTUhgK43Q1Tjas=w1200,in_stock,14500 INR,Dhanalakshmi Kalamkari,new,Apparel & Accessories > Clothing > Traditional & Ceremonial Clothing > Sarees
DPCS133,Hand-Painted Srikalahasti Pen Kalamkari Pure Crape Silk Sarees Saree (DPCS133),"Authentic 100% hand-painted Srikalahasti Pen Kalamkari pure silk saree (Code: DPCS133). Handcrafted with bamboo pens and natural organic vegetable mineral dyes in Srikalahasti, Andhra Pradesh. Fabric: Pure Crape Silk Sarees. Direct from Dhanalakshmi Kalamkari master artisans.",https://www.dhanalakshmikalamkari.in/?product=DPCS133,https://lh3.googleusercontent.com/d/16cVg0FrLhnNEhoZTZiIv883GJVZZiJr2=w1200,in_stock,13500 INR,Dhanalakshmi Kalamkari,new,Apparel & Accessories > Clothing > Traditional & Ceremonial Clothing > Sarees
DPCS134,Hand-Painted Srikalahasti Pen Kalamkari Pure Crape Silk Sarees Saree (DPCS134),"Authentic 100% hand-painted Srikalahasti Pen Kalamkari pure silk saree (Code: DPCS134). Handcrafted with bamboo pens and natural organic vegetable mineral dyes in Srikalahasti, Andhra Pradesh. Fabric: Pure Crape Silk Sarees. Direct from Dhanalakshmi Kalamkari master artisans.",https://www.dhanalakshmikalamkari.in/?product=DPCS134,https://lh3.googleusercontent.com/d/1bUcA-C7RfyYSnmClhKC4bdbFrbdXe5Oa=w1200,in_stock,13500 INR,Dhanalakshmi Kalamkari,new,Apparel & Accessories > Clothing > Traditional & Ceremonial Clothing > Sarees
DPCS135,Hand-Painted Srikalahasti Pen Kalamkari Pure Crape Silk Sarees Saree (DPCS135),"Authentic 100% hand-painted Srikalahasti Pen Kalamkari pure silk saree (Code: DPCS135). Handcrafted with bamboo pens and natural organic vegetable mineral dyes in Srikalahasti, Andhra Pradesh. Fabric: Pure Crape Silk Sarees. Direct from Dhanalakshmi Kalamkari master artisans.",https://www.dhanalakshmikalamkari.in/?product=DPCS135,https://lh3.googleusercontent.com/d/1poe4-a4NNYmHc-h_h08NDNC4gBdbMJFq=w1200,in_stock,13500 INR,Dhanalakshmi Kalamkari,new,Apparel & Accessories > Clothing > Traditional & Ceremonial Clothing > Sarees
DPCS136,Hand-Painted Srikalahasti Pen Kalamkari Pure Crape Silk Sarees Saree (DPCS136),"Authentic 100% hand-painted Srikalahasti Pen Kalamkari pure silk saree (Code: DPCS136). Handcrafted with bamboo pens and natural organic vegetable mineral dyes in Srikalahasti, Andhra Pradesh. Fabric: Pure Crape Silk Sarees. Direct from Dhanalakshmi Kalamkari master artisans.",https://www.dhanalakshmikalamkari.in/?product=DPCS136,https://lh3.googleusercontent.com/d/1yFnD1zaDu0nYWbDdwI6u_khqWuFgR0bk=w1200,in_stock,13500 INR,Dhanalakshmi Kalamkari,new,Apparel & Accessories > Clothing > Traditional & Ceremonial Clothing > Sarees
DPCS137,Hand-Painted Srikalahasti Pen Kalamkari Pure Crape Silk Sarees Saree (DPCS137),"Authentic 100% hand-painted Srikalahasti Pen Kalamkari pure silk saree (Code: DPCS137). Handcrafted with bamboo pens and natural organic vegetable mineral dyes in Srikalahasti, Andhra Pradesh. Fabric: Pure Crape Silk Sarees. Direct from Dhanalakshmi Kalamkari master artisans.",https://www.dhanalakshmikalamkari.in/?product=DPCS137,https://lh3.googleusercontent.com/d/18p4JRZ5GwrqNEoI3AESvzbGGB-Rsen4F=w1200,in_stock,13500 INR,Dhanalakshmi Kalamkari,new,Apparel & Accessories > Clothing > Traditional & Ceremonial Clothing > Sarees
DPCS138,Hand-Painted Srikalahasti Pen Kalamkari Pure Crape Silk Sarees Saree (DPCS138),"Authentic 100% hand-painted Srikalahasti Pen Kalamkari pure silk saree (Code: DPCS138). Handcrafted with bamboo pens and natural organic vegetable mineral dyes in Srikalahasti, Andhra Pradesh. Fabric: Pure Crape Silk Sarees. Direct from Dhanalakshmi Kalamkari master artisans.",https://www.dhanalakshmikalamkari.in/?product=DPCS138,https://lh3.googleusercontent.com/d/1PszbSfIMleqOcmO_LI3WSfNzccmVhzkR=w1200,in_stock,13500 INR,Dhanalakshmi Kalamkari,new,Apparel & Accessories > Clothing > Traditional & Ceremonial Clothing > Sarees
DMGC003,Hand-Painted Srikalahasti Pen Kalamkari Mangalagiri silk sarees colour Saree (DMGC003),"Authentic 100% hand-painted Srikalahasti Pen Kalamkari pure silk saree (Code: DMGC003). Handcrafted with bamboo pens and natural organic vegetable mineral dyes in Srikalahasti, Andhra Pradesh. Fabric: Mangalagiri silk sarees colour. Direct from Dhanalakshmi Kalamkari master artisans.",https://www.dhanalakshmikalamkari.in/?product=DMGC003,https://lh3.googleusercontent.com/d/1sC-Lagpc76KvyYPpMF0J6nbde6O67ItY=w1200,in_stock,8500 INR,Dhanalakshmi Kalamkari,new,Apparel & Accessories > Clothing > Traditional & Ceremonial Clothing > Sarees
DCSBW045,Hand-Painted Srikalahasti Pen Kalamkari Cotton sarees black and white Saree (DCSBW045),"Authentic 100% hand-painted Srikalahasti Pen Kalamkari pure silk saree (Code: DCSBW045). Handcrafted with bamboo pens and natural organic vegetable mineral dyes in Srikalahasti, Andhra Pradesh. Fabric: Cotton sarees black and white. Direct from Dhanalakshmi Kalamkari master artisans.",https://www.dhanalakshmikalamkari.in/?product=DCSBW045,https://lh3.googleusercontent.com/d/1jK2MxWS0T5623kxkqvqvOkpAl3D6NL4V=w1200,in_stock,3500 INR,Dhanalakshmi Kalamkari,new,Apparel & Accessories > Clothing > Traditional & Ceremonial Clothing > Sarees
DCSBW046,Hand-Painted Srikalahasti Pen Kalamkari Cotton sarees black and white Saree (DCSBW046),"Authentic 100% hand-painted Srikalahasti Pen Kalamkari pure silk saree (Code: DCSBW046). Handcrafted with bamboo pens and natural organic vegetable mineral dyes in Srikalahasti, Andhra Pradesh. Fabric: Cotton sarees black and white. Direct from Dhanalakshmi Kalamkari master artisans.",https://www.dhanalakshmikalamkari.in/?product=DCSBW046,https://lh3.googleusercontent.com/d/1MU6NmNdDXMkbcaBTrGBTfJS5S_6a4sN8=w1200,in_stock,3500 INR,Dhanalakshmi Kalamkari,new,Apparel & Accessories > Clothing > Traditional & Ceremonial Clothing > Sarees
DCSBW047,Hand-Painted Srikalahasti Pen Kalamkari Cotton sarees black and white Saree (DCSBW047),"Authentic 100% hand-painted Srikalahasti Pen Kalamkari pure silk saree (Code: DCSBW047). Handcrafted with bamboo pens and natural organic vegetable mineral dyes in Srikalahasti, Andhra Pradesh. Fabric: Cotton sarees black and white. Direct from Dhanalakshmi Kalamkari master artisans.",https://www.dhanalakshmikalamkari.in/?product=DCSBW047,https://lh3.googleusercontent.com/d/1gB6_p6zCt-5BFCbtlcpA1U2VU2odBhI6=w1200,in_stock,3500 INR,Dhanalakshmi Kalamkari,new,Apparel & Accessories > Clothing > Traditional & Ceremonial Clothing > Sarees
DCSBW049,Hand-Painted Srikalahasti Pen Kalamkari Cotton sarees black and white Saree (DCSBW049),"Authentic 100% hand-painted Srikalahasti Pen Kalamkari pure silk saree (Code: DCSBW049). Handcrafted with bamboo pens and natural organic vegetable mineral dyes in Srikalahasti, Andhra Pradesh. Fabric: Cotton sarees black and white. Direct from Dhanalakshmi Kalamkari master artisans.",https://www.dhanalakshmikalamkari.in/?product=DCSBW049,https://lh3.googleusercontent.com/d/16YLmiu3cypaZwqElN8wJGgdBwnthBMGg=w1200,in_stock,3500 INR,Dhanalakshmi Kalamkari,new,Apparel & Accessories > Clothing > Traditional & Ceremonial Clothing > Sarees
DCSBW050,Hand-Painted Srikalahasti Pen Kalamkari Cotton sarees black and white Saree (DCSBW050),"Authentic 100% hand-painted Srikalahasti Pen Kalamkari pure silk saree (Code: DCSBW050). Handcrafted with bamboo pens and natural organic vegetable mineral dyes in Srikalahasti, Andhra Pradesh. Fabric: Cotton sarees black and white. Direct from Dhanalakshmi Kalamkari master artisans.",https://www.dhanalakshmikalamkari.in/?product=DCSBW050,https://lh3.googleusercontent.com/d/1HAItJe-rG34lskQ-PC1KCxwMeYDehRuD=w1200,in_stock,3500 INR,Dhanalakshmi Kalamkari,new,Apparel & Accessories > Clothing > Traditional & Ceremonial Clothing > Sarees
DCSBW052,Hand-Painted Srikalahasti Pen Kalamkari Cotton sarees black and white Saree (DCSBW052),"Authentic 100% hand-painted Srikalahasti Pen Kalamkari pure silk saree (Code: DCSBW052). Handcrafted with bamboo pens and natural organic vegetable mineral dyes in Srikalahasti, Andhra Pradesh. Fabric: Cotton sarees black and white. Direct from Dhanalakshmi Kalamkari master artisans.",https://www.dhanalakshmikalamkari.in/?product=DCSBW052,https://lh3.googleusercontent.com/d/1RpaZCAzicjQKSO_DaJ-IdB3CMu88UwJ2=w1200,in_stock,3500 INR,Dhanalakshmi Kalamkari,new,Apparel & Accessories > Clothing > Traditional & Ceremonial Clothing > Sarees
DCSBW054,Hand-Painted Srikalahasti Pen Kalamkari Cotton sarees black and white Saree (DCSBW054),"Authentic 100% hand-painted Srikalahasti Pen Kalamkari pure silk saree (Code: DCSBW054). Handcrafted with bamboo pens and natural organic vegetable mineral dyes in Srikalahasti, Andhra Pradesh. Fabric: Cotton sarees black and white. Direct from Dhanalakshmi Kalamkari master artisans.",https://www.dhanalakshmikalamkari.in/?product=DCSBW054,https://lh3.googleusercontent.com/d/1fArOoDnVkcnmF0fKzsohN8C94TH4Ry2q=w1200,in_stock,3500 INR,Dhanalakshmi Kalamkari,new,Apparel & Accessories > Clothing > Traditional & Ceremonial Clothing > Sarees
DCSBW055,Hand-Painted Srikalahasti Pen Kalamkari Cotton sarees black and white Saree (DCSBW055),"Authentic 100% hand-painted Srikalahasti Pen Kalamkari pure silk saree (Code: DCSBW055). Handcrafted with bamboo pens and natural organic vegetable mineral dyes in Srikalahasti, Andhra Pradesh. Fabric: Cotton sarees black and white. Direct from Dhanalakshmi Kalamkari master artisans.",https://www.dhanalakshmikalamkari.in/?product=DCSBW055,https://lh3.googleusercontent.com/d/1jI5ZNpc5IhoHTzvewwIiXSoX6pmTx4Ep=w1200,in_stock,3500 INR,Dhanalakshmi Kalamkari,new,Apparel & Accessories > Clothing > Traditional & Ceremonial Clothing > Sarees
DCSBW057,Hand-Painted Srikalahasti Pen Kalamkari Cotton sarees black and white Saree (DCSBW057),"Authentic 100% hand-painted Srikalahasti Pen Kalamkari pure silk saree (Code: DCSBW057). Handcrafted with bamboo pens and natural organic vegetable mineral dyes in Srikalahasti, Andhra Pradesh. Fabric: Cotton sarees black and white. Direct from Dhanalakshmi Kalamkari master artisans.",https://www.dhanalakshmikalamkari.in/?product=DCSBW057,https://lh3.googleusercontent.com/d/1k8bcwPkwUPksrikc8DbE_Efrv-7N4CAd=w1200,in_stock,3500 INR,Dhanalakshmi Kalamkari,new,Apparel & Accessories > Clothing > Traditional & Ceremonial Clothing > Sarees
DCSBW059,Hand-Painted Srikalahasti Pen Kalamkari Cotton sarees black and white Saree (DCSBW059),"Authentic 100% hand-painted Srikalahasti Pen Kalamkari pure silk saree (Code: DCSBW059). Handcrafted with bamboo pens and natural organic vegetable mineral dyes in Srikalahasti, Andhra Pradesh. Fabric: Cotton sarees black and white. Direct from Dhanalakshmi Kalamkari master artisans.",https://www.dhanalakshmikalamkari.in/?product=DCSBW059,https://lh3.googleusercontent.com/d/1fzgCDaNkZdXrgYrvidc57PzCfwnvWAHV=w1200,in_stock,3500 INR,Dhanalakshmi Kalamkari,new,Apparel & Accessories > Clothing > Traditional & Ceremonial Clothing > Sarees
DCSBW060,Hand-Painted Srikalahasti Pen Kalamkari Cotton sarees black and white Saree (DCSBW060),"Authentic 100% hand-painted Srikalahasti Pen Kalamkari pure silk saree (Code: DCSBW060). Handcrafted with bamboo pens and natural organic vegetable mineral dyes in Srikalahasti, Andhra Pradesh. Fabric: Cotton sarees black and white. Direct from Dhanalakshmi Kalamkari master artisans.",https://www.dhanalakshmikalamkari.in/?product=DCSBW060,https://lh3.googleusercontent.com/d/1CcigIFAWT0jKWNVnCdXyFOK7JglybQJj=w1200,in_stock,3500 INR,Dhanalakshmi Kalamkari,new,Apparel & Accessories > Clothing > Traditional & Ceremonial Clothing > Sarees
DCSBW061,Hand-Painted Srikalahasti Pen Kalamkari Cotton sarees black and white Saree (DCSBW061),"Authentic 100% hand-painted Srikalahasti Pen Kalamkari pure silk saree (Code: DCSBW061). Handcrafted with bamboo pens and natural organic vegetable mineral dyes in Srikalahasti, Andhra Pradesh. Fabric: Cotton sarees black and white. Direct from Dhanalakshmi Kalamkari master artisans.",https://www.dhanalakshmikalamkari.in/?product=DCSBW061,https://lh3.googleusercontent.com/d/1FC_VfZAiy7b94FsYA68cezdDAbuwkZjv=w1200,in_stock,3500 INR,Dhanalakshmi Kalamkari,new,Apparel & Accessories > Clothing > Traditional & Ceremonial Clothing > Sarees
DCSBW062,Hand-Painted Srikalahasti Pen Kalamkari Cotton sarees black and white Saree (DCSBW062),"Authentic 100% hand-painted Srikalahasti Pen Kalamkari pure silk saree (Code: DCSBW062). Handcrafted with bamboo pens and natural organic vegetable mineral dyes in Srikalahasti, Andhra Pradesh. Fabric: Cotton sarees black and white. Direct from Dhanalakshmi Kalamkari master artisans.",https://www.dhanalakshmikalamkari.in/?product=DCSBW062,https://lh3.googleusercontent.com/d/1SkF7lcMeLMiGHTqJJ9tSq-KDMjcmy0kU=w1200,in_stock,3500 INR,Dhanalakshmi Kalamkari,new,Apparel & Accessories > Clothing > Traditional & Ceremonial Clothing > Sarees
DCSBW031,Hand-Painted Srikalahasti Pen Kalamkari Cotton sarees black and white Saree (DCSBW031),"Authentic 100% hand-painted Srikalahasti Pen Kalamkari pure silk saree (Code: DCSBW031). Handcrafted with bamboo pens and natural organic vegetable mineral dyes in Srikalahasti, Andhra Pradesh. Fabric: Cotton sarees black and white. Direct from Dhanalakshmi Kalamkari master artisans.",https://www.dhanalakshmikalamkari.in/?product=DCSBW031,https://lh3.googleusercontent.com/d/1sHPof7iqXF8Y3RW6b6Nb4YdXX6YEs58f=w1200,in_stock,3500 INR,Dhanalakshmi Kalamkari,new,Apparel & Accessories > Clothing > Traditional & Ceremonial Clothing > Sarees
DCSBW033,Hand-Painted Srikalahasti Pen Kalamkari Cotton sarees black and white Saree (DCSBW033),"Authentic 100% hand-painted Srikalahasti Pen Kalamkari pure silk saree (Code: DCSBW033). Handcrafted with bamboo pens and natural organic vegetable mineral dyes in Srikalahasti, Andhra Pradesh. Fabric: Cotton sarees black and white. Direct from Dhanalakshmi Kalamkari master artisans.",https://www.dhanalakshmikalamkari.in/?product=DCSBW033,https://lh3.googleusercontent.com/d/1dLg9dDLZgJMJj3-HArWnPzdM_QEXcV-s=w1200,in_stock,3500 INR,Dhanalakshmi Kalamkari,new,Apparel & Accessories > Clothing > Traditional & Ceremonial Clothing > Sarees
DCSBW035,Hand-Painted Srikalahasti Pen Kalamkari Cotton sarees black and white Saree (DCSBW035),"Authentic 100% hand-painted Srikalahasti Pen Kalamkari pure silk saree (Code: DCSBW035). Handcrafted with bamboo pens and natural organic vegetable mineral dyes in Srikalahasti, Andhra Pradesh. Fabric: Cotton sarees black and white. Direct from Dhanalakshmi Kalamkari master artisans.",https://www.dhanalakshmikalamkari.in/?product=DCSBW035,https://lh3.googleusercontent.com/d/1X78W7iKPjcKDbIbWiK3UI5kyFf4LTlrf=w1200,in_stock,3500 INR,Dhanalakshmi Kalamkari,new,Apparel & Accessories > Clothing > Traditional & Ceremonial Clothing > Sarees
DCSBW036,Hand-Painted Srikalahasti Pen Kalamkari Cotton sarees black and white Saree (DCSBW036),"Authentic 100% hand-painted Srikalahasti Pen Kalamkari pure silk saree (Code: DCSBW036). Handcrafted with bamboo pens and natural organic vegetable mineral dyes in Srikalahasti, Andhra Pradesh. Fabric: Cotton sarees black and white. Direct from Dhanalakshmi Kalamkari master artisans.",https://www.dhanalakshmikalamkari.in/?product=DCSBW036,https://lh3.googleusercontent.com/d/1qJHn8-UI0oG36p_T9UVv5ifihhu4ei2d=w1200,in_stock,3500 INR,Dhanalakshmi Kalamkari,new,Apparel & Accessories > Clothing > Traditional & Ceremonial Clothing > Sarees
DCSBW039,Hand-Painted Srikalahasti Pen Kalamkari Cotton sarees black and white Saree (DCSBW039),"Authentic 100% hand-painted Srikalahasti Pen Kalamkari pure silk saree (Code: DCSBW039). Handcrafted with bamboo pens and natural organic vegetable mineral dyes in Srikalahasti, Andhra Pradesh. Fabric: Cotton sarees black and white. Direct from Dhanalakshmi Kalamkari master artisans.",https://www.dhanalakshmikalamkari.in/?product=DCSBW039,https://lh3.googleusercontent.com/d/1FMk3v_lNi4CtTEjO6cEU1xuI0lIXYC45=w1200,in_stock,3500 INR,Dhanalakshmi Kalamkari,new,Apparel & Accessories > Clothing > Traditional & Ceremonial Clothing > Sarees
DPTD115,Hand-Painted Srikalahasti Pen Kalamkari Pure Tussar Silk duppatas Saree (DPTD115),"Authentic 100% hand-painted Srikalahasti Pen Kalamkari pure silk saree (Code: DPTD115). Handcrafted with bamboo pens and natural organic vegetable mineral dyes in Srikalahasti, Andhra Pradesh. Fabric: Pure Tussar Silk duppatas. Direct from Dhanalakshmi Kalamkari master artisans.",https://www.dhanalakshmikalamkari.in/?product=DPTD115,https://lh3.googleusercontent.com/d/1ALV7ZdqcQaiHLgs89OMCrbi6HpNm7IoX=w1200,in_stock,3800 INR,Dhanalakshmi Kalamkari,new,Apparel & Accessories > Clothing > Traditional & Ceremonial Clothing > Sarees
DPTD116,Hand-Painted Srikalahasti Pen Kalamkari Pure Tussar Silk duppatas Saree (DPTD116),"Authentic 100% hand-painted Srikalahasti Pen Kalamkari pure silk saree (Code: DPTD116). Handcrafted with bamboo pens and natural organic vegetable mineral dyes in Srikalahasti, Andhra Pradesh. Fabric: Pure Tussar Silk duppatas. Direct from Dhanalakshmi Kalamkari master artisans.",https://www.dhanalakshmikalamkari.in/?product=DPTD116,https://lh3.googleusercontent.com/d/1__w1s8SyiZCuvW0_LYcXTZFrrgRK5rU5=w1200,in_stock,3800 INR,Dhanalakshmi Kalamkari,new,Apparel & Accessories > Clothing > Traditional & Ceremonial Clothing > Sarees
DPTD117,Hand-Painted Srikalahasti Pen Kalamkari Pure Tussar Silk duppatas Saree (DPTD117),"Authentic 100% hand-painted Srikalahasti Pen Kalamkari pure silk saree (Code: DPTD117). Handcrafted with bamboo pens and natural organic vegetable mineral dyes in Srikalahasti, Andhra Pradesh. Fabric: Pure Tussar Silk duppatas. Direct from Dhanalakshmi Kalamkari master artisans.",https://www.dhanalakshmikalamkari.in/?product=DPTD117,https://lh3.googleusercontent.com/d/1_HHh35Z37qRldk6Lwr5pAl3-9gQ9Kazd=w1200,in_stock,3800 INR,Dhanalakshmi Kalamkari,new,Apparel & Accessories > Clothing > Traditional & Ceremonial Clothing > Sarees
DPTD118,Hand-Painted Srikalahasti Pen Kalamkari Pure Tussar Silk duppatas Saree (DPTD118),"Authentic 100% hand-painted Srikalahasti Pen Kalamkari pure silk saree (Code: DPTD118). Handcrafted with bamboo pens and natural organic vegetable mineral dyes in Srikalahasti, Andhra Pradesh. Fabric: Pure Tussar Silk duppatas. Direct from Dhanalakshmi Kalamkari master artisans.",https://www.dhanalakshmikalamkari.in/?product=DPTD118,https://lh3.googleusercontent.com/d/1BH6C7zr8d9PKuP0d-cWscwe6PN4VuVO6=w1200,in_stock,3800 INR,Dhanalakshmi Kalamkari,new,Apparel & Accessories > Clothing > Traditional & Ceremonial Clothing > Sarees
DPTD119,Hand-Painted Srikalahasti Pen Kalamkari Pure Tussar Silk duppatas Saree (DPTD119),"Authentic 100% hand-painted Srikalahasti Pen Kalamkari pure silk saree (Code: DPTD119). Handcrafted with bamboo pens and natural organic vegetable mineral dyes in Srikalahasti, Andhra Pradesh. Fabric: Pure Tussar Silk duppatas. Direct from Dhanalakshmi Kalamkari master artisans.",https://www.dhanalakshmikalamkari.in/?product=DPTD119,https://lh3.googleusercontent.com/d/1GhbRutzRb2jNgeT6wfJfawmdqG7DwV0Z=w1200,in_stock,3800 INR,Dhanalakshmi Kalamkari,new,Apparel & Accessories > Clothing > Traditional & Ceremonial Clothing > Sarees
DPTD120,Hand-Painted Srikalahasti Pen Kalamkari Pure Tussar Silk duppatas Saree (DPTD120),"Authentic 100% hand-painted Srikalahasti Pen Kalamkari pure silk saree (Code: DPTD120). Handcrafted with bamboo pens and natural organic vegetable mineral dyes in Srikalahasti, Andhra Pradesh. Fabric: Pure Tussar Silk duppatas. Direct from Dhanalakshmi Kalamkari master artisans.",https://www.dhanalakshmikalamkari.in/?product=DPTD120,https://lh3.googleusercontent.com/d/1oI371I06EW9aDw8pW4VIFlNe-e8NMJ9f=w1200,in_stock,3800 INR,Dhanalakshmi Kalamkari,new,Apparel & Accessories > Clothing > Traditional & Ceremonial Clothing > Sarees
DPTD121,Hand-Painted Srikalahasti Pen Kalamkari Pure Tussar Silk duppatas Saree (DPTD121),"Authentic 100% hand-painted Srikalahasti Pen Kalamkari pure silk saree (Code: DPTD121). Handcrafted with bamboo pens and natural organic vegetable mineral dyes in Srikalahasti, Andhra Pradesh. Fabric: Pure Tussar Silk duppatas. Direct from Dhanalakshmi Kalamkari master artisans.",https://www.dhanalakshmikalamkari.in/?product=DPTD121,https://lh3.googleusercontent.com/d/16vHAy1-t3hN37UtU7jc-5FikXSemaZ6q=w1200,in_stock,3800 INR,Dhanalakshmi Kalamkari,new,Apparel & Accessories > Clothing > Traditional & Ceremonial Clothing > Sarees
DPTD122,Hand-Painted Srikalahasti Pen Kalamkari Pure Tussar Silk duppatas Saree (DPTD122),"Authentic 100% hand-painted Srikalahasti Pen Kalamkari pure silk saree (Code: DPTD122). Handcrafted with bamboo pens and natural organic vegetable mineral dyes in Srikalahasti, Andhra Pradesh. Fabric: Pure Tussar Silk duppatas. Direct from Dhanalakshmi Kalamkari master artisans.",https://www.dhanalakshmikalamkari.in/?product=DPTD122,https://lh3.googleusercontent.com/d/1fyPRQH-68O54jFA0CjqN7UkWc6r3Xu34=w1200,in_stock,3800 INR,Dhanalakshmi Kalamkari,new,Apparel & Accessories > Clothing > Traditional & Ceremonial Clothing > Sarees
DPTD123,Hand-Painted Srikalahasti Pen Kalamkari Pure Tussar Silk duppatas Saree (DPTD123),"Authentic 100% hand-painted Srikalahasti Pen Kalamkari pure silk saree (Code: DPTD123). Handcrafted with bamboo pens and natural organic vegetable mineral dyes in Srikalahasti, Andhra Pradesh. Fabric: Pure Tussar Silk duppatas. Direct from Dhanalakshmi Kalamkari master artisans.",https://www.dhanalakshmikalamkari.in/?product=DPTD123,https://lh3.googleusercontent.com/d/1Sq069TJiS6XrJWbpUftcnZB5KB7Cao1E=w1200,in_stock,3800 INR,Dhanalakshmi Kalamkari,new,Apparel & Accessories > Clothing > Traditional & Ceremonial Clothing > Sarees
DPTD124,Hand-Painted Srikalahasti Pen Kalamkari Pure Tussar Silk duppatas Saree (DPTD124),"Authentic 100% hand-painted Srikalahasti Pen Kalamkari pure silk saree (Code: DPTD124). Handcrafted with bamboo pens and natural organic vegetable mineral dyes in Srikalahasti, Andhra Pradesh. Fabric: Pure Tussar Silk duppatas. Direct from Dhanalakshmi Kalamkari master artisans.",https://www.dhanalakshmikalamkari.in/?product=DPTD124,https://lh3.googleusercontent.com/d/1U8lHyabZ0rIbH21QzZ8_ofkQsSfNULXY=w1200,in_stock,3800 INR,Dhanalakshmi Kalamkari,new,Apparel & Accessories > Clothing > Traditional & Ceremonial Clothing > Sarees
DPTD125,Hand-Painted Srikalahasti Pen Kalamkari Pure Tussar Silk duppatas Saree (DPTD125),"Authentic 100% hand-painted Srikalahasti Pen Kalamkari pure silk saree (Code: DPTD125). Handcrafted with bamboo pens and natural organic vegetable mineral dyes in Srikalahasti, Andhra Pradesh. Fabric: Pure Tussar Silk duppatas. Direct from Dhanalakshmi Kalamkari master artisans.",https://www.dhanalakshmikalamkari.in/?product=DPTD125,https://lh3.googleusercontent.com/d/1jgbDh_xhjo5nBap372fEm6QDS9_Or_QP=w1200,in_stock,3800 INR,Dhanalakshmi Kalamkari,new,Apparel & Accessories > Clothing > Traditional & Ceremonial Clothing > Sarees
DPTD126,Hand-Painted Srikalahasti Pen Kalamkari Pure Tussar Silk duppatas Saree (DPTD126),"Authentic 100% hand-painted Srikalahasti Pen Kalamkari pure silk saree (Code: DPTD126). Handcrafted with bamboo pens and natural organic vegetable mineral dyes in Srikalahasti, Andhra Pradesh. Fabric: Pure Tussar Silk duppatas. Direct from Dhanalakshmi Kalamkari master artisans.",https://www.dhanalakshmikalamkari.in/?product=DPTD126,https://lh3.googleusercontent.com/d/1wSboEzb7RgZ2d30eyHnK_xcUQi24Byi0=w1200,in_stock,3800 INR,Dhanalakshmi Kalamkari,new,Apparel & Accessories > Clothing > Traditional & Ceremonial Clothing > Sarees
DPTD127,Hand-Painted Srikalahasti Pen Kalamkari Pure Tussar Silk duppatas Saree (DPTD127),"Authentic 100% hand-painted Srikalahasti Pen Kalamkari pure silk saree (Code: DPTD127). Handcrafted with bamboo pens and natural organic vegetable mineral dyes in Srikalahasti, Andhra Pradesh. Fabric: Pure Tussar Silk duppatas. Direct from Dhanalakshmi Kalamkari master artisans.",https://www.dhanalakshmikalamkari.in/?product=DPTD127,https://lh3.googleusercontent.com/d/1DE0bncBBgpzFOmtfie9DSlN_Tkds70cg=w1200,in_stock,3800 INR,Dhanalakshmi Kalamkari,new,Apparel & Accessories > Clothing > Traditional & Ceremonial Clothing > Sarees
DPTD128,Hand-Painted Srikalahasti Pen Kalamkari Pure Tussar Silk duppatas Saree (DPTD128),"Authentic 100% hand-painted Srikalahasti Pen Kalamkari pure silk saree (Code: DPTD128). Handcrafted with bamboo pens and natural organic vegetable mineral dyes in Srikalahasti, Andhra Pradesh. Fabric: Pure Tussar Silk duppatas. Direct from Dhanalakshmi Kalamkari master artisans.",https://www.dhanalakshmikalamkari.in/?product=DPTD128,https://lh3.googleusercontent.com/d/1JlaOzLxtnes9ZFEV-MilIIMKBr5vJn__=w1200,in_stock,3800 INR,Dhanalakshmi Kalamkari,new,Apparel & Accessories > Clothing > Traditional & Ceremonial Clothing > Sarees
DPTD129,Hand-Painted Srikalahasti Pen Kalamkari Pure Tussar Silk duppatas Saree (DPTD129),"Authentic 100% hand-painted Srikalahasti Pen Kalamkari pure silk saree (Code: DPTD129). Handcrafted with bamboo pens and natural organic vegetable mineral dyes in Srikalahasti, Andhra Pradesh. Fabric: Pure Tussar Silk duppatas. Direct from Dhanalakshmi Kalamkari master artisans.",https://www.dhanalakshmikalamkari.in/?product=DPTD129,https://lh3.googleusercontent.com/d/1RGsRMR6j8eENmUj19uKgcdQTKvr_HdJe=w1200,in_stock,3800 INR,Dhanalakshmi Kalamkari,new,Apparel & Accessories > Clothing > Traditional & Ceremonial Clothing > Sarees
DPTD130,Hand-Painted Srikalahasti Pen Kalamkari Pure Tussar Silk duppatas Saree (DPTD130),"Authentic 100% hand-painted Srikalahasti Pen Kalamkari pure silk saree (Code: DPTD130). Handcrafted with bamboo pens and natural organic vegetable mineral dyes in Srikalahasti, Andhra Pradesh. Fabric: Pure Tussar Silk duppatas. Direct from Dhanalakshmi Kalamkari master artisans.",https://www.dhanalakshmikalamkari.in/?product=DPTD130,https://lh3.googleusercontent.com/d/1nwgj0mH4xJszLFCTh9-lNSgwZukaYIpK=w1200,in_stock,3800 INR,Dhanalakshmi Kalamkari,new,Apparel & Accessories > Clothing > Traditional & Ceremonial Clothing > Sarees
DPTD131,Hand-Painted Srikalahasti Pen Kalamkari Pure Tussar Silk duppatas Saree (DPTD131),"Authentic 100% hand-painted Srikalahasti Pen Kalamkari pure silk saree (Code: DPTD131). Handcrafted with bamboo pens and natural organic vegetable mineral dyes in Srikalahasti, Andhra Pradesh. Fabric: Pure Tussar Silk duppatas. Direct from Dhanalakshmi Kalamkari master artisans.",https://www.dhanalakshmikalamkari.in/?product=DPTD131,https://lh3.googleusercontent.com/d/1z-CeGVxBhLV7uroYlfAfT7qnDx9UMnnV=w1200,in_stock,3800 INR,Dhanalakshmi Kalamkari,new,Apparel & Accessories > Clothing > Traditional & Ceremonial Clothing > Sarees
DPTD132,Hand-Painted Srikalahasti Pen Kalamkari Pure Tussar Silk duppatas Saree (DPTD132),"Authentic 100% hand-painted Srikalahasti Pen Kalamkari pure silk saree (Code: DPTD132). Handcrafted with bamboo pens and natural organic vegetable mineral dyes in Srikalahasti, Andhra Pradesh. Fabric: Pure Tussar Silk duppatas. Direct from Dhanalakshmi Kalamkari master artisans.",https://www.dhanalakshmikalamkari.in/?product=DPTD132,https://lh3.googleusercontent.com/d/11ZyTQpHjNtOG4V0ZLiDVZw3IlS02WfQ5=w1200,in_stock,3800 INR,Dhanalakshmi Kalamkari,new,Apparel & Accessories > Clothing > Traditional & Ceremonial Clothing > Sarees
DPTD133,Hand-Painted Srikalahasti Pen Kalamkari Pure Tussar Silk duppatas Saree (DPTD133),"Authentic 100% hand-painted Srikalahasti Pen Kalamkari pure silk saree (Code: DPTD133). Handcrafted with bamboo pens and natural organic vegetable mineral dyes in Srikalahasti, Andhra Pradesh. Fabric: Pure Tussar Silk duppatas. Direct from Dhanalakshmi Kalamkari master artisans.",https://www.dhanalakshmikalamkari.in/?product=DPTD133,https://lh3.googleusercontent.com/d/19bVQlyR3_2IGfUzipEQOTymilcaicB5R=w1200,in_stock,3800 INR,Dhanalakshmi Kalamkari,new,Apparel & Accessories > Clothing > Traditional & Ceremonial Clothing > Sarees
DPTD134,Hand-Painted Srikalahasti Pen Kalamkari Pure Tussar Silk duppatas Saree (DPTD134),"Authentic 100% hand-painted Srikalahasti Pen Kalamkari pure silk saree (Code: DPTD134). Handcrafted with bamboo pens and natural organic vegetable mineral dyes in Srikalahasti, Andhra Pradesh. Fabric: Pure Tussar Silk duppatas. Direct from Dhanalakshmi Kalamkari master artisans.",https://www.dhanalakshmikalamkari.in/?product=DPTD134,https://lh3.googleusercontent.com/d/1kYp2Q9IYOvNmthWnmfh7LxfGXI6PfsFG=w1200,in_stock,3800 INR,Dhanalakshmi Kalamkari,new,Apparel & Accessories > Clothing > Traditional & Ceremonial Clothing > Sarees
DPTD135,Hand-Painted Srikalahasti Pen Kalamkari Pure Tussar Silk duppatas Saree (DPTD135),"Authentic 100% hand-painted Srikalahasti Pen Kalamkari pure silk saree (Code: DPTD135). Handcrafted with bamboo pens and natural organic vegetable mineral dyes in Srikalahasti, Andhra Pradesh. Fabric: Pure Tussar Silk duppatas. Direct from Dhanalakshmi Kalamkari master artisans.",https://www.dhanalakshmikalamkari.in/?product=DPTD135,https://lh3.googleusercontent.com/d/1b9CAYjJOhxT0QkA4Y2YDdFCRqVoLGU_O=w1200,in_stock,3800 INR,Dhanalakshmi Kalamkari,new,Apparel & Accessories > Clothing > Traditional & Ceremonial Clothing > Sarees
DPTD136,Hand-Painted Srikalahasti Pen Kalamkari Pure Tussar Silk duppatas Saree (DPTD136),"Authentic 100% hand-painted Srikalahasti Pen Kalamkari pure silk saree (Code: DPTD136). Handcrafted with bamboo pens and natural organic vegetable mineral dyes in Srikalahasti, Andhra Pradesh. Fabric: Pure Tussar Silk duppatas. Direct from Dhanalakshmi Kalamkari master artisans.",https://www.dhanalakshmikalamkari.in/?product=DPTD136,https://lh3.googleusercontent.com/d/1ly-P2YZQibtgr8JlCQALr-KTvjSSz3Gu=w1200,in_stock,3800 INR,Dhanalakshmi Kalamkari,new,Apparel & Accessories > Clothing > Traditional & Ceremonial Clothing > Sarees
DPTD137,Hand-Painted Srikalahasti Pen Kalamkari Pure Tussar Silk duppatas Saree (DPTD137),"Authentic 100% hand-painted Srikalahasti Pen Kalamkari pure silk saree (Code: DPTD137). Handcrafted with bamboo pens and natural organic vegetable mineral dyes in Srikalahasti, Andhra Pradesh. Fabric: Pure Tussar Silk duppatas. Direct from Dhanalakshmi Kalamkari master artisans.",https://www.dhanalakshmikalamkari.in/?product=DPTD137,https://lh3.googleusercontent.com/d/1CW-ts3GzgGuyGD6672xWC1dmUiW9Alfp=w1200,in_stock,3800 INR,Dhanalakshmi Kalamkari,new,Apparel & Accessories > Clothing > Traditional & Ceremonial Clothing > Sarees
DPTD138,Hand-Painted Srikalahasti Pen Kalamkari Pure Tussar Silk duppatas Saree (DPTD138),"Authentic 100% hand-painted Srikalahasti Pen Kalamkari pure silk saree (Code: DPTD138). Handcrafted with bamboo pens and natural organic vegetable mineral dyes in Srikalahasti, Andhra Pradesh. Fabric: Pure Tussar Silk duppatas. Direct from Dhanalakshmi Kalamkari master artisans.",https://www.dhanalakshmikalamkari.in/?product=DPTD138,https://lh3.googleusercontent.com/d/1HAFoyxjgTj8mSWDO22UYZHuqaNxYpeMP=w1200,in_stock,3800 INR,Dhanalakshmi Kalamkari,new,Apparel & Accessories > Clothing > Traditional & Ceremonial Clothing > Sarees
DPTD139,Hand-Painted Srikalahasti Pen Kalamkari Pure Tussar Silk duppatas Saree (DPTD139),"Authentic 100% hand-painted Srikalahasti Pen Kalamkari pure silk saree (Code: DPTD139). Handcrafted with bamboo pens and natural organic vegetable mineral dyes in Srikalahasti, Andhra Pradesh. Fabric: Pure Tussar Silk duppatas. Direct from Dhanalakshmi Kalamkari master artisans.",https://www.dhanalakshmikalamkari.in/?product=DPTD139,https://lh3.googleusercontent.com/d/1dqtuBXmOEJhYfbXwO8grfv9uEu6X5lbP=w1200,in_stock,3800 INR,Dhanalakshmi Kalamkari,new,Apparel & Accessories > Clothing > Traditional & Ceremonial Clothing > Sarees
DPTD140,Hand-Painted Srikalahasti Pen Kalamkari Pure Tussar Silk duppatas Saree (DPTD140),"Authentic 100% hand-painted Srikalahasti Pen Kalamkari pure silk saree (Code: DPTD140). Handcrafted with bamboo pens and natural organic vegetable mineral dyes in Srikalahasti, Andhra Pradesh. Fabric: Pure Tussar Silk duppatas. Direct from Dhanalakshmi Kalamkari master artisans.",https://www.dhanalakshmikalamkari.in/?product=DPTD140,https://lh3.googleusercontent.com/d/1lSR5xMOybJHyl0DKCj9n3oMEmXefTDAe=w1200,in_stock,3800 INR,Dhanalakshmi Kalamkari,new,Apparel & Accessories > Clothing > Traditional & Ceremonial Clothing > Sarees
DPTD141,Hand-Painted Srikalahasti Pen Kalamkari Pure Tussar Silk duppatas Saree (DPTD141),"Authentic 100% hand-painted Srikalahasti Pen Kalamkari pure silk saree (Code: DPTD141). Handcrafted with bamboo pens and natural organic vegetable mineral dyes in Srikalahasti, Andhra Pradesh. Fabric: Pure Tussar Silk duppatas. Direct from Dhanalakshmi Kalamkari master artisans.",https://www.dhanalakshmikalamkari.in/?product=DPTD141,https://lh3.googleusercontent.com/d/1u-AF7dCxoaABBBNVhyrK4yubB6Ilu2Gc=w1200,in_stock,3800 INR,Dhanalakshmi Kalamkari,new,Apparel & Accessories > Clothing > Traditional & Ceremonial Clothing > Sarees
DPTD142,Hand-Painted Srikalahasti Pen Kalamkari Pure Tussar Silk duppatas Saree (DPTD142),"Authentic 100% hand-painted Srikalahasti Pen Kalamkari pure silk saree (Code: DPTD142). Handcrafted with bamboo pens and natural organic vegetable mineral dyes in Srikalahasti, Andhra Pradesh. Fabric: Pure Tussar Silk duppatas. Direct from Dhanalakshmi Kalamkari master artisans.",https://www.dhanalakshmikalamkari.in/?product=DPTD142,https://lh3.googleusercontent.com/d/1wSHPA4scOReEx-oWNHG5h8BWT7laV0WQ=w1200,in_stock,3800 INR,Dhanalakshmi Kalamkari,new,Apparel & Accessories > Clothing > Traditional & Ceremonial Clothing > Sarees
DPTD143,Hand-Painted Srikalahasti Pen Kalamkari Pure Tussar Silk duppatas Saree (DPTD143),"Authentic 100% hand-painted Srikalahasti Pen Kalamkari pure silk saree (Code: DPTD143). Handcrafted with bamboo pens and natural organic vegetable mineral dyes in Srikalahasti, Andhra Pradesh. Fabric: Pure Tussar Silk duppatas. Direct from Dhanalakshmi Kalamkari master artisans.",https://www.dhanalakshmikalamkari.in/?product=DPTD143,https://lh3.googleusercontent.com/d/1DnqLNvmIxqEN9kjac1DmJesTpzGmjWZm=w1200,in_stock,3800 INR,Dhanalakshmi Kalamkari,new,Apparel & Accessories > Clothing > Traditional & Ceremonial Clothing > Sarees
DPTD144,Hand-Painted Srikalahasti Pen Kalamkari Pure Tussar Silk duppatas Saree (DPTD144),"Authentic 100% hand-painted Srikalahasti Pen Kalamkari pure silk saree (Code: DPTD144). Handcrafted with bamboo pens and natural organic vegetable mineral dyes in Srikalahasti, Andhra Pradesh. Fabric: Pure Tussar Silk duppatas. Direct from Dhanalakshmi Kalamkari master artisans.",https://www.dhanalakshmikalamkari.in/?product=DPTD144,https://lh3.googleusercontent.com/d/1WY8lJq7S4JcSnzDtMEtJNV4F1f_3Kmao=w1200,in_stock,3800 INR,Dhanalakshmi Kalamkari,new,Apparel & Accessories > Clothing > Traditional & Ceremonial Clothing > Sarees
DPTD145,Hand-Painted Srikalahasti Pen Kalamkari Pure Tussar Silk duppatas Saree (DPTD145),"Authentic 100% hand-painted Srikalahasti Pen Kalamkari pure silk saree (Code: DPTD145). Handcrafted with bamboo pens and natural organic vegetable mineral dyes in Srikalahasti, Andhra Pradesh. Fabric: Pure Tussar Silk duppatas. Direct from Dhanalakshmi Kalamkari master artisans.",https://www.dhanalakshmikalamkari.in/?product=DPTD145,https://lh3.googleusercontent.com/d/1eOA-6T8etirNcO7J2gbJdfUIXwGlQfOg=w1200,in_stock,3800 INR,Dhanalakshmi Kalamkari,new,Apparel & Accessories > Clothing > Traditional & Ceremonial Clothing > Sarees
DPTD146,Hand-Painted Srikalahasti Pen Kalamkari Pure Tussar Silk duppatas Saree (DPTD146),"Authentic 100% hand-painted Srikalahasti Pen Kalamkari pure silk saree (Code: DPTD146). Handcrafted with bamboo pens and natural organic vegetable mineral dyes in Srikalahasti, Andhra Pradesh. Fabric: Pure Tussar Silk duppatas. Direct from Dhanalakshmi Kalamkari master artisans.",https://www.dhanalakshmikalamkari.in/?product=DPTD146,https://lh3.googleusercontent.com/d/1mMuW_6vhWG5ifQ3J7WM9nOmAUyxq9ZvR=w1200,in_stock,3800 INR,Dhanalakshmi Kalamkari,new,Apparel & Accessories > Clothing > Traditional & Ceremonial Clothing > Sarees
DPTD147,Hand-Painted Srikalahasti Pen Kalamkari Pure Tussar Silk duppatas Saree (DPTD147),"Authentic 100% hand-painted Srikalahasti Pen Kalamkari pure silk saree (Code: DPTD147). Handcrafted with bamboo pens and natural organic vegetable mineral dyes in Srikalahasti, Andhra Pradesh. Fabric: Pure Tussar Silk duppatas. Direct from Dhanalakshmi Kalamkari master artisans.",https://www.dhanalakshmikalamkari.in/?product=DPTD147,https://lh3.googleusercontent.com/d/1X0uUzhEXupWbJSBFOrSIXW1ROqWRZoyL=w1200,in_stock,3800 INR,Dhanalakshmi Kalamkari,new,Apparel & Accessories > Clothing > Traditional & Ceremonial Clothing > Sarees
DPTD148,Hand-Painted Srikalahasti Pen Kalamkari Pure Tussar Silk duppatas Saree (DPTD148),"Authentic 100% hand-painted Srikalahasti Pen Kalamkari pure silk saree (Code: DPTD148). Handcrafted with bamboo pens and natural organic vegetable mineral dyes in Srikalahasti, Andhra Pradesh. Fabric: Pure Tussar Silk duppatas. Direct from Dhanalakshmi Kalamkari master artisans.",https://www.dhanalakshmikalamkari.in/?product=DPTD148,https://lh3.googleusercontent.com/d/1iRwqxXs_rTIA2ROZA-o9kdQkpa9wEcDJ=w1200,in_stock,3800 INR,Dhanalakshmi Kalamkari,new,Apparel & Accessories > Clothing > Traditional & Ceremonial Clothing > Sarees
DPTD149,Hand-Painted Srikalahasti Pen Kalamkari Pure Tussar Silk duppatas Saree (DPTD149),"Authentic 100% hand-painted Srikalahasti Pen Kalamkari pure silk saree (Code: DPTD149). Handcrafted with bamboo pens and natural organic vegetable mineral dyes in Srikalahasti, Andhra Pradesh. Fabric: Pure Tussar Silk duppatas. Direct from Dhanalakshmi Kalamkari master artisans.",https://www.dhanalakshmikalamkari.in/?product=DPTD149,https://lh3.googleusercontent.com/d/1lkjHKzCqT9iHD8xRQuqFudl90UVE49HG=w1200,in_stock,3800 INR,Dhanalakshmi Kalamkari,new,Apparel & Accessories > Clothing > Traditional & Ceremonial Clothing > Sarees
DPTD150,Hand-Painted Srikalahasti Pen Kalamkari Pure Tussar Silk duppatas Saree (DPTD150),"Authentic 100% hand-painted Srikalahasti Pen Kalamkari pure silk saree (Code: DPTD150). Handcrafted with bamboo pens and natural organic vegetable mineral dyes in Srikalahasti, Andhra Pradesh. Fabric: Pure Tussar Silk duppatas. Direct from Dhanalakshmi Kalamkari master artisans.",https://www.dhanalakshmikalamkari.in/?product=DPTD150,https://lh3.googleusercontent.com/d/1pfr41aoRnxt2f4uNHz1x7vFzRyVscmL8=w1200,in_stock,3800 INR,Dhanalakshmi Kalamkari,new,Apparel & Accessories > Clothing > Traditional & Ceremonial Clothing > Sarees
DPTD151,Hand-Painted Srikalahasti Pen Kalamkari Pure Tussar Silk duppatas Saree (DPTD151),"Authentic 100% hand-painted Srikalahasti Pen Kalamkari pure silk saree (Code: DPTD151). Handcrafted with bamboo pens and natural organic vegetable mineral dyes in Srikalahasti, Andhra Pradesh. Fabric: Pure Tussar Silk duppatas. Direct from Dhanalakshmi Kalamkari master artisans.",https://www.dhanalakshmikalamkari.in/?product=DPTD151,https://lh3.googleusercontent.com/d/1sI-WgjD_i_3TZkhECduAwT2O57kX4pt4=w1200,in_stock,3800 INR,Dhanalakshmi Kalamkari,new,Apparel & Accessories > Clothing > Traditional & Ceremonial Clothing > Sarees
DPTD153,Hand-Painted Srikalahasti Pen Kalamkari Pure Tussar Silk duppatas Saree (DPTD153),"Authentic 100% hand-painted Srikalahasti Pen Kalamkari pure silk saree (Code: DPTD153). Handcrafted with bamboo pens and natural organic vegetable mineral dyes in Srikalahasti, Andhra Pradesh. Fabric: Pure Tussar Silk duppatas. Direct from Dhanalakshmi Kalamkari master artisans.",https://www.dhanalakshmikalamkari.in/?product=DPTD153,https://lh3.googleusercontent.com/d/1CONAe5ZgiEURh_N60DZxKdtghCR3cRRv=w1200,in_stock,3800 INR,Dhanalakshmi Kalamkari,new,Apparel & Accessories > Clothing > Traditional & Ceremonial Clothing > Sarees
DPTD154,Hand-Painted Srikalahasti Pen Kalamkari Pure Tussar Silk duppatas Saree (DPTD154),"Authentic 100% hand-painted Srikalahasti Pen Kalamkari pure silk saree (Code: DPTD154). Handcrafted with bamboo pens and natural organic vegetable mineral dyes in Srikalahasti, Andhra Pradesh. Fabric: Pure Tussar Silk duppatas. Direct from Dhanalakshmi Kalamkari master artisans.",https://www.dhanalakshmikalamkari.in/?product=DPTD154,https://lh3.googleusercontent.com/d/1GZ5z7gzSm1HDNRL9hD9Gf-oMuxwxNw9x=w1200,in_stock,3800 INR,Dhanalakshmi Kalamkari,new,Apparel & Accessories > Clothing > Traditional & Ceremonial Clothing > Sarees
DPTD155,Hand-Painted Srikalahasti Pen Kalamkari Pure Tussar Silk duppatas Saree (DPTD155),"Authentic 100% hand-painted Srikalahasti Pen Kalamkari pure silk saree (Code: DPTD155). Handcrafted with bamboo pens and natural organic vegetable mineral dyes in Srikalahasti, Andhra Pradesh. Fabric: Pure Tussar Silk duppatas. Direct from Dhanalakshmi Kalamkari master artisans.",https://www.dhanalakshmikalamkari.in/?product=DPTD155,https://lh3.googleusercontent.com/d/1_Xuiopz7zzOD8RyiIrpU4nUL9H_HLt0s=w1200,in_stock,3800 INR,Dhanalakshmi Kalamkari,new,Apparel & Accessories > Clothing > Traditional & Ceremonial Clothing > Sarees
DPTD156,Hand-Painted Srikalahasti Pen Kalamkari Pure Tussar Silk duppatas Saree (DPTD156),"Authentic 100% hand-painted Srikalahasti Pen Kalamkari pure silk saree (Code: DPTD156). Handcrafted with bamboo pens and natural organic vegetable mineral dyes in Srikalahasti, Andhra Pradesh. Fabric: Pure Tussar Silk duppatas. Direct from Dhanalakshmi Kalamkari master artisans.",https://www.dhanalakshmikalamkari.in/?product=DPTD156,https://lh3.googleusercontent.com/d/1d6ylILAKStnqhyq3PaNtKgpeJAsYa-9m=w1200,in_stock,3800 INR,Dhanalakshmi Kalamkari,new,Apparel & Accessories > Clothing > Traditional & Ceremonial Clothing > Sarees
DPTD157,Hand-Painted Srikalahasti Pen Kalamkari Pure Tussar Silk duppatas Saree (DPTD157),"Authentic 100% hand-painted Srikalahasti Pen Kalamkari pure silk saree (Code: DPTD157). Handcrafted with bamboo pens and natural organic vegetable mineral dyes in Srikalahasti, Andhra Pradesh. Fabric: Pure Tussar Silk duppatas. Direct from Dhanalakshmi Kalamkari master artisans.",https://www.dhanalakshmikalamkari.in/?product=DPTD157,https://lh3.googleusercontent.com/d/1gOkk977JXWNl6adNXQaS6t8L076twBRE=w1200,in_stock,3800 INR,Dhanalakshmi Kalamkari,new,Apparel & Accessories > Clothing > Traditional & Ceremonial Clothing > Sarees
DPTD159,Hand-Painted Srikalahasti Pen Kalamkari Pure Tussar Silk duppatas Saree (DPTD159),"Authentic 100% hand-painted Srikalahasti Pen Kalamkari pure silk saree (Code: DPTD159). Handcrafted with bamboo pens and natural organic vegetable mineral dyes in Srikalahasti, Andhra Pradesh. Fabric: Pure Tussar Silk duppatas. Direct from Dhanalakshmi Kalamkari master artisans.",https://www.dhanalakshmikalamkari.in/?product=DPTD159,https://lh3.googleusercontent.com/d/11jIycqPAbVkSXiP-OpatDbgq8GyVRU5p=w1200,in_stock,3800 INR,Dhanalakshmi Kalamkari,new,Apparel & Accessories > Clothing > Traditional & Ceremonial Clothing > Sarees
DPTD160,Hand-Painted Srikalahasti Pen Kalamkari Pure Tussar Silk duppatas Saree (DPTD160),"Authentic 100% hand-painted Srikalahasti Pen Kalamkari pure silk saree (Code: DPTD160). Handcrafted with bamboo pens and natural organic vegetable mineral dyes in Srikalahasti, Andhra Pradesh. Fabric: Pure Tussar Silk duppatas. Direct from Dhanalakshmi Kalamkari master artisans.",https://www.dhanalakshmikalamkari.in/?product=DPTD160,https://lh3.googleusercontent.com/d/1x1lfmMAgudUhRwg739Olf50lkaiicfQv=w1200,in_stock,3800 INR,Dhanalakshmi Kalamkari,new,Apparel & Accessories > Clothing > Traditional & Ceremonial Clothing > Sarees
DSKS142,Hand-Painted Srikalahasti Pen Kalamkari Semi Kanchi Silk Sarees Saree (DSKS142),"Authentic 100% hand-painted Srikalahasti Pen Kalamkari pure silk saree (Code: DSKS142). Handcrafted with bamboo pens and natural organic vegetable mineral dyes in Srikalahasti, Andhra Pradesh. Fabric: Semi Kanchi Silk Sarees. Direct from Dhanalakshmi Kalamkari master artisans.",https://www.dhanalakshmikalamkari.in/?product=DSKS142,https://lh3.googleusercontent.com/d/1CekHnaNviqEvZJamYa12yOt7Uz9yxJHE=w1200,in_stock,11000 INR,Dhanalakshmi Kalamkari,new,Apparel & Accessories > Clothing > Traditional & Ceremonial Clothing > Sarees
DSKS143,Hand-Painted Srikalahasti Pen Kalamkari Semi Kanchi Silk Sarees Saree (DSKS143),"Authentic 100% hand-painted Srikalahasti Pen Kalamkari pure silk saree (Code: DSKS143). Handcrafted with bamboo pens and natural organic vegetable mineral dyes in Srikalahasti, Andhra Pradesh. Fabric: Semi Kanchi Silk Sarees. Direct from Dhanalakshmi Kalamkari master artisans.",https://www.dhanalakshmikalamkari.in/?product=DSKS143,https://lh3.googleusercontent.com/d/1A1eUiW6s2V727mUg0z0ueAqOEWxInhXt=w1200,in_stock,11000 INR,Dhanalakshmi Kalamkari,new,Apparel & Accessories > Clothing > Traditional & Ceremonial Clothing > Sarees
DSKS144,Hand-Painted Srikalahasti Pen Kalamkari Semi Kanchi Silk Sarees Saree (DSKS144),"Authentic 100% hand-painted Srikalahasti Pen Kalamkari pure silk saree (Code: DSKS144). Handcrafted with bamboo pens and natural organic vegetable mineral dyes in Srikalahasti, Andhra Pradesh. Fabric: Semi Kanchi Silk Sarees. Direct from Dhanalakshmi Kalamkari master artisans.",https://www.dhanalakshmikalamkari.in/?product=DSKS144,https://lh3.googleusercontent.com/d/1IWGMCVQQGnnQobrCvACNen6qwHqEYJZY=w1200,in_stock,11000 INR,Dhanalakshmi Kalamkari,new,Apparel & Accessories > Clothing > Traditional & Ceremonial Clothing > Sarees
DSKS145,Hand-Painted Srikalahasti Pen Kalamkari Semi Kanchi Silk Sarees Saree (DSKS145),"Authentic 100% hand-painted Srikalahasti Pen Kalamkari pure silk saree (Code: DSKS145). Handcrafted with bamboo pens and natural organic vegetable mineral dyes in Srikalahasti, Andhra Pradesh. Fabric: Semi Kanchi Silk Sarees. Direct from Dhanalakshmi Kalamkari master artisans.",https://www.dhanalakshmikalamkari.in/?product=DSKS145,https://lh3.googleusercontent.com/d/1gzWuajKZvR9-3MNpBGyzHZqjHSUQ6C-g=w1200,in_stock,11000 INR,Dhanalakshmi Kalamkari,new,Apparel & Accessories > Clothing > Traditional & Ceremonial Clothing > Sarees
DSKS146,Hand-Painted Srikalahasti Pen Kalamkari Semi Kanchi Silk Sarees Saree (DSKS146),"Authentic 100% hand-painted Srikalahasti Pen Kalamkari pure silk saree (Code: DSKS146). Handcrafted with bamboo pens and natural organic vegetable mineral dyes in Srikalahasti, Andhra Pradesh. Fabric: Semi Kanchi Silk Sarees. Direct from Dhanalakshmi Kalamkari master artisans.",https://www.dhanalakshmikalamkari.in/?product=DSKS146,https://lh3.googleusercontent.com/d/1hzNHXpMgUsohKk01tXr6t-xoMcxrBSoO=w1200,in_stock,11000 INR,Dhanalakshmi Kalamkari,new,Apparel & Accessories > Clothing > Traditional & Ceremonial Clothing > Sarees
DSKS147,Hand-Painted Srikalahasti Pen Kalamkari Semi Kanchi Silk Sarees Saree (DSKS147),"Authentic 100% hand-painted Srikalahasti Pen Kalamkari pure silk saree (Code: DSKS147). Handcrafted with bamboo pens and natural organic vegetable mineral dyes in Srikalahasti, Andhra Pradesh. Fabric: Semi Kanchi Silk Sarees. Direct from Dhanalakshmi Kalamkari master artisans.",https://www.dhanalakshmikalamkari.in/?product=DSKS147,https://lh3.googleusercontent.com/d/1EXYk8hvLJtbD6zY2Z2E5JVuT5t3CLFla=w1200,in_stock,11000 INR,Dhanalakshmi Kalamkari,new,Apparel & Accessories > Clothing > Traditional & Ceremonial Clothing > Sarees
DSKS148,Hand-Painted Srikalahasti Pen Kalamkari Semi Kanchi Silk Sarees Saree (DSKS148),"Authentic 100% hand-painted Srikalahasti Pen Kalamkari pure silk saree (Code: DSKS148). Handcrafted with bamboo pens and natural organic vegetable mineral dyes in Srikalahasti, Andhra Pradesh. Fabric: Semi Kanchi Silk Sarees. Direct from Dhanalakshmi Kalamkari master artisans.",https://www.dhanalakshmikalamkari.in/?product=DSKS148,https://lh3.googleusercontent.com/d/1hPUVpqybuiv6z8Vb6a8Q-8Lps890sing=w1200,in_stock,11000 INR,Dhanalakshmi Kalamkari,new,Apparel & Accessories > Clothing > Traditional & Ceremonial Clothing > Sarees
DSKS149,Hand-Painted Srikalahasti Pen Kalamkari Semi Kanchi Silk Sarees Saree (DSKS149),"Authentic 100% hand-painted Srikalahasti Pen Kalamkari pure silk saree (Code: DSKS149). Handcrafted with bamboo pens and natural organic vegetable mineral dyes in Srikalahasti, Andhra Pradesh. Fabric: Semi Kanchi Silk Sarees. Direct from Dhanalakshmi Kalamkari master artisans.",https://www.dhanalakshmikalamkari.in/?product=DSKS149,https://lh3.googleusercontent.com/d/1UseJ7JsX0u4VtH8OtLF9ey9DeOWpqk_P=w1200,in_stock,11000 INR,Dhanalakshmi Kalamkari,new,Apparel & Accessories > Clothing > Traditional & Ceremonial Clothing > Sarees
DSKS150,Hand-Painted Srikalahasti Pen Kalamkari Semi Kanchi Silk Sarees Saree (DSKS150),"Authentic 100% hand-painted Srikalahasti Pen Kalamkari pure silk saree (Code: DSKS150). Handcrafted with bamboo pens and natural organic vegetable mineral dyes in Srikalahasti, Andhra Pradesh. Fabric: Semi Kanchi Silk Sarees. Direct from Dhanalakshmi Kalamkari master artisans.",https://www.dhanalakshmikalamkari.in/?product=DSKS150,https://lh3.googleusercontent.com/d/1AV5U__ITX5q1_hapJ8yzyZK5rYvsAWow=w1200,in_stock,11000 INR,Dhanalakshmi Kalamkari,new,Apparel & Accessories > Clothing > Traditional & Ceremonial Clothing > Sarees
DSKS151,Hand-Painted Srikalahasti Pen Kalamkari Semi Kanchi Silk Sarees Saree (DSKS151),"Authentic 100% hand-painted Srikalahasti Pen Kalamkari pure silk saree (Code: DSKS151). Handcrafted with bamboo pens and natural organic vegetable mineral dyes in Srikalahasti, Andhra Pradesh. Fabric: Semi Kanchi Silk Sarees. Direct from Dhanalakshmi Kalamkari master artisans.",https://www.dhanalakshmikalamkari.in/?product=DSKS151,https://lh3.googleusercontent.com/d/1GWUJfd7Orm96_9up6kKeFYTGxbktYlyf=w1200,in_stock,11000 INR,Dhanalakshmi Kalamkari,new,Apparel & Accessories > Clothing > Traditional & Ceremonial Clothing > Sarees
DSKS152,Hand-Painted Srikalahasti Pen Kalamkari Semi Kanchi Silk Sarees Saree (DSKS152),"Authentic 100% hand-painted Srikalahasti Pen Kalamkari pure silk saree (Code: DSKS152). Handcrafted with bamboo pens and natural organic vegetable mineral dyes in Srikalahasti, Andhra Pradesh. Fabric: Semi Kanchi Silk Sarees. Direct from Dhanalakshmi Kalamkari master artisans.",https://www.dhanalakshmikalamkari.in/?product=DSKS152,https://lh3.googleusercontent.com/d/1ZQZ-knePCar7vraUxGk0ygkddVF6DOYS=w1200,in_stock,11000 INR,Dhanalakshmi Kalamkari,new,Apparel & Accessories > Clothing > Traditional & Ceremonial Clothing > Sarees
DSKS153,Hand-Painted Srikalahasti Pen Kalamkari Semi Kanchi Silk Sarees Saree (DSKS153),"Authentic 100% hand-painted Srikalahasti Pen Kalamkari pure silk saree (Code: DSKS153). Handcrafted with bamboo pens and natural organic vegetable mineral dyes in Srikalahasti, Andhra Pradesh. Fabric: Semi Kanchi Silk Sarees. Direct from Dhanalakshmi Kalamkari master artisans.",https://www.dhanalakshmikalamkari.in/?product=DSKS153,https://lh3.googleusercontent.com/d/1s123PLWkxbovgLkA2bg7vDcJUEgRz7p6=w1200,in_stock,11000 INR,Dhanalakshmi Kalamkari,new,Apparel & Accessories > Clothing > Traditional & Ceremonial Clothing > Sarees
DSKS154,Hand-Painted Srikalahasti Pen Kalamkari Semi Kanchi Silk Sarees Saree (DSKS154),"Authentic 100% hand-painted Srikalahasti Pen Kalamkari pure silk saree (Code: DSKS154). Handcrafted with bamboo pens and natural organic vegetable mineral dyes in Srikalahasti, Andhra Pradesh. Fabric: Semi Kanchi Silk Sarees. Direct from Dhanalakshmi Kalamkari master artisans.",https://www.dhanalakshmikalamkari.in/?product=DSKS154,https://lh3.googleusercontent.com/d/18vk9MW7ed88-KuYPtNCFhl6VGmNUovAh=w1200,in_stock,11000 INR,Dhanalakshmi Kalamkari,new,Apparel & Accessories > Clothing > Traditional & Ceremonial Clothing > Sarees
DSKS156,Hand-Painted Srikalahasti Pen Kalamkari Semi Kanchi Silk Sarees Saree (DSKS156),"Authentic 100% hand-painted Srikalahasti Pen Kalamkari pure silk saree (Code: DSKS156). Handcrafted with bamboo pens and natural organic vegetable mineral dyes in Srikalahasti, Andhra Pradesh. Fabric: Semi Kanchi Silk Sarees. Direct from Dhanalakshmi Kalamkari master artisans.",https://www.dhanalakshmikalamkari.in/?product=DSKS156,https://lh3.googleusercontent.com/d/1pjyE9XygTzXE6sN7y7awhWr7ATbuzXQQ=w1200,in_stock,11000 INR,Dhanalakshmi Kalamkari,new,Apparel & Accessories > Clothing > Traditional & Ceremonial Clothing > Sarees
DSKS157,Hand-Painted Srikalahasti Pen Kalamkari Semi Kanchi Silk Sarees Saree (DSKS157),"Authentic 100% hand-painted Srikalahasti Pen Kalamkari pure silk saree (Code: DSKS157). Handcrafted with bamboo pens and natural organic vegetable mineral dyes in Srikalahasti, Andhra Pradesh. Fabric: Semi Kanchi Silk Sarees. Direct from Dhanalakshmi Kalamkari master artisans.",https://www.dhanalakshmikalamkari.in/?product=DSKS157,https://lh3.googleusercontent.com/d/1MnFWaBMdAOaQrAqXBUC7Iat-2jClOPE1=w1200,in_stock,11000 INR,Dhanalakshmi Kalamkari,new,Apparel & Accessories > Clothing > Traditional & Ceremonial Clothing > Sarees
DSKS158,Hand-Painted Srikalahasti Pen Kalamkari Semi Kanchi Silk Sarees Saree (DSKS158),"Authentic 100% hand-painted Srikalahasti Pen Kalamkari pure silk saree (Code: DSKS158). Handcrafted with bamboo pens and natural organic vegetable mineral dyes in Srikalahasti, Andhra Pradesh. Fabric: Semi Kanchi Silk Sarees. Direct from Dhanalakshmi Kalamkari master artisans.",https://www.dhanalakshmikalamkari.in/?product=DSKS158,https://lh3.googleusercontent.com/d/1Nk65li5eW_saFTHZvLTV3OFegBuZ_o3P=w1200,in_stock,11000 INR,Dhanalakshmi Kalamkari,new,Apparel & Accessories > Clothing > Traditional & Ceremonial Clothing > Sarees
DSKS159,Hand-Painted Srikalahasti Pen Kalamkari Semi Kanchi Silk Sarees Saree (DSKS159),"Authentic 100% hand-painted Srikalahasti Pen Kalamkari pure silk saree (Code: DSKS159). Handcrafted with bamboo pens and natural organic vegetable mineral dyes in Srikalahasti, Andhra Pradesh. Fabric: Semi Kanchi Silk Sarees. Direct from Dhanalakshmi Kalamkari master artisans.",https://www.dhanalakshmikalamkari.in/?product=DSKS159,https://lh3.googleusercontent.com/d/1UU0VntfoKAmbjcUv2_ksCjOUBf_2JjXG=w1200,in_stock,11000 INR,Dhanalakshmi Kalamkari,new,Apparel & Accessories > Clothing > Traditional & Ceremonial Clothing > Sarees
DSKS160,Hand-Painted Srikalahasti Pen Kalamkari Semi Kanchi Silk Sarees Saree (DSKS160),"Authentic 100% hand-painted Srikalahasti Pen Kalamkari pure silk saree (Code: DSKS160). Handcrafted with bamboo pens and natural organic vegetable mineral dyes in Srikalahasti, Andhra Pradesh. Fabric: Semi Kanchi Silk Sarees. Direct from Dhanalakshmi Kalamkari master artisans.",https://www.dhanalakshmikalamkari.in/?product=DSKS160,https://lh3.googleusercontent.com/d/1ApkQ1bgE7lBwx60VCV7e90xyUPXJDl6P=w1200,in_stock,11000 INR,Dhanalakshmi Kalamkari,new,Apparel & Accessories > Clothing > Traditional & Ceremonial Clothing > Sarees
DSKS162,Hand-Painted Srikalahasti Pen Kalamkari Semi Kanchi Silk Sarees Saree (DSKS162),"Authentic 100% hand-painted Srikalahasti Pen Kalamkari pure silk saree (Code: DSKS162). Handcrafted with bamboo pens and natural organic vegetable mineral dyes in Srikalahasti, Andhra Pradesh. Fabric: Semi Kanchi Silk Sarees. Direct from Dhanalakshmi Kalamkari master artisans.",https://www.dhanalakshmikalamkari.in/?product=DSKS162,https://lh3.googleusercontent.com/d/1K0cwPXH_thwxRhCEo4uevvfrWiUJAHaj=w1200,in_stock,11000 INR,Dhanalakshmi Kalamkari,new,Apparel & Accessories > Clothing > Traditional & Ceremonial Clothing > Sarees
DSKS163,Hand-Painted Srikalahasti Pen Kalamkari Semi Kanchi Silk Sarees Saree (DSKS163),"Authentic 100% hand-painted Srikalahasti Pen Kalamkari pure silk saree (Code: DSKS163). Handcrafted with bamboo pens and natural organic vegetable mineral dyes in Srikalahasti, Andhra Pradesh. Fabric: Semi Kanchi Silk Sarees. Direct from Dhanalakshmi Kalamkari master artisans.",https://www.dhanalakshmikalamkari.in/?product=DSKS163,https://lh3.googleusercontent.com/d/1h0LBJyuOi9Rw_SuN2nJ-k9jnUB6rO7jB=w1200,in_stock,11000 INR,Dhanalakshmi Kalamkari,new,Apparel & Accessories > Clothing > Traditional & Ceremonial Clothing > Sarees
DSKS164,Hand-Painted Srikalahasti Pen Kalamkari Semi Kanchi Silk Sarees Saree (DSKS164),"Authentic 100% hand-painted Srikalahasti Pen Kalamkari pure silk saree (Code: DSKS164). Handcrafted with bamboo pens and natural organic vegetable mineral dyes in Srikalahasti, Andhra Pradesh. Fabric: Semi Kanchi Silk Sarees. Direct from Dhanalakshmi Kalamkari master artisans.",https://www.dhanalakshmikalamkari.in/?product=DSKS164,https://lh3.googleusercontent.com/d/14BQ4AGRLI1MxZE2flzHODdht7q0a0Cwe=w1200,in_stock,10500 INR,Dhanalakshmi Kalamkari,new,Apparel & Accessories > Clothing > Traditional & Ceremonial Clothing > Sarees
DSKS166,Hand-Painted Srikalahasti Pen Kalamkari Semi Kanchi Silk Sarees Saree (DSKS166),"Authentic 100% hand-painted Srikalahasti Pen Kalamkari pure silk saree (Code: DSKS166). Handcrafted with bamboo pens and natural organic vegetable mineral dyes in Srikalahasti, Andhra Pradesh. Fabric: Semi Kanchi Silk Sarees. Direct from Dhanalakshmi Kalamkari master artisans.",https://www.dhanalakshmikalamkari.in/?product=DSKS166,https://lh3.googleusercontent.com/d/1BxM2sN0_ibeQGi788dLjvQNETznPXFWq=w1200,in_stock,10500 INR,Dhanalakshmi Kalamkari,new,Apparel & Accessories > Clothing > Traditional & Ceremonial Clothing > Sarees
DSKS167,Hand-Painted Srikalahasti Pen Kalamkari Semi Kanchi Silk Sarees Saree (DSKS167),"Authentic 100% hand-painted Srikalahasti Pen Kalamkari pure silk saree (Code: DSKS167). Handcrafted with bamboo pens and natural organic vegetable mineral dyes in Srikalahasti, Andhra Pradesh. Fabric: Semi Kanchi Silk Sarees. Direct from Dhanalakshmi Kalamkari master artisans.",https://www.dhanalakshmikalamkari.in/?product=DSKS167,https://lh3.googleusercontent.com/d/1XJb9pJRrA6l-nV6hs-dzIxvDMcSm35tV=w1200,in_stock,10500 INR,Dhanalakshmi Kalamkari,new,Apparel & Accessories > Clothing > Traditional & Ceremonial Clothing > Sarees
DSKS168,Hand-Painted Srikalahasti Pen Kalamkari Semi Kanchi Silk Sarees Saree (DSKS168),"Authentic 100% hand-painted Srikalahasti Pen Kalamkari pure silk saree (Code: DSKS168). Handcrafted with bamboo pens and natural organic vegetable mineral dyes in Srikalahasti, Andhra Pradesh. Fabric: Semi Kanchi Silk Sarees. Direct from Dhanalakshmi Kalamkari master artisans.",https://www.dhanalakshmikalamkari.in/?product=DSKS168,https://lh3.googleusercontent.com/d/1TMD06c7hxRaGZ54XsngE8ZgVkhu7ZP1M=w1200,in_stock,10500 INR,Dhanalakshmi Kalamkari,new,Apparel & Accessories > Clothing > Traditional & Ceremonial Clothing > Sarees
DSKS169,Hand-Painted Srikalahasti Pen Kalamkari Semi Kanchi Silk Sarees Saree (DSKS169),"Authentic 100% hand-painted Srikalahasti Pen Kalamkari pure silk saree (Code: DSKS169). Handcrafted with bamboo pens and natural organic vegetable mineral dyes in Srikalahasti, Andhra Pradesh. Fabric: Semi Kanchi Silk Sarees. Direct from Dhanalakshmi Kalamkari master artisans.",https://www.dhanalakshmikalamkari.in/?product=DSKS169,https://lh3.googleusercontent.com/d/1TMerfW3qZOpZX0-i98RUvkYYHyMlA0mj=w1200,in_stock,10500 INR,Dhanalakshmi Kalamkari,new,Apparel & Accessories > Clothing > Traditional & Ceremonial Clothing > Sarees
DSKS170,Hand-Painted Srikalahasti Pen Kalamkari Semi Kanchi Silk Sarees Saree (DSKS170),"Authentic 100% hand-painted Srikalahasti Pen Kalamkari pure silk saree (Code: DSKS170). Handcrafted with bamboo pens and natural organic vegetable mineral dyes in Srikalahasti, Andhra Pradesh. Fabric: Semi Kanchi Silk Sarees. Direct from Dhanalakshmi Kalamkari master artisans.",https://www.dhanalakshmikalamkari.in/?product=DSKS170,https://lh3.googleusercontent.com/d/1gmEZoak2aGZ1X6p0bsO2h6Lapu-TITkw=w1200,in_stock,10500 INR,Dhanalakshmi Kalamkari,new,Apparel & Accessories > Clothing > Traditional & Ceremonial Clothing > Sarees
DSKS171,Hand-Painted Srikalahasti Pen Kalamkari Semi Kanchi Silk Sarees Saree (DSKS171),"Authentic 100% hand-painted Srikalahasti Pen Kalamkari pure silk saree (Code: DSKS171). Handcrafted with bamboo pens and natural organic vegetable mineral dyes in Srikalahasti, Andhra Pradesh. Fabric: Semi Kanchi Silk Sarees. Direct from Dhanalakshmi Kalamkari master artisans.",https://www.dhanalakshmikalamkari.in/?product=DSKS171,https://lh3.googleusercontent.com/d/1S4YOGNpivfcvZsrslpbOndJDMo7EPCnm=w1200,in_stock,10500 INR,Dhanalakshmi Kalamkari,new,Apparel & Accessories > Clothing > Traditional & Ceremonial Clothing > Sarees
DSKS172,Hand-Painted Srikalahasti Pen Kalamkari Semi Kanchi Silk Sarees Saree (DSKS172),"Authentic 100% hand-painted Srikalahasti Pen Kalamkari pure silk saree (Code: DSKS172). Handcrafted with bamboo pens and natural organic vegetable mineral dyes in Srikalahasti, Andhra Pradesh. Fabric: Semi Kanchi Silk Sarees. Direct from Dhanalakshmi Kalamkari master artisans.",https://www.dhanalakshmikalamkari.in/?product=DSKS172,https://lh3.googleusercontent.com/d/1IFE4pN5j3AJ76sBru9PMuW7DtUrAxwgi=w1200,in_stock,10500 INR,Dhanalakshmi Kalamkari,new,Apparel & Accessories > Clothing > Traditional & Ceremonial Clothing > Sarees
DSKS173,Hand-Painted Srikalahasti Pen Kalamkari Semi Kanchi Silk Sarees Saree (DSKS173),"Authentic 100% hand-painted Srikalahasti Pen Kalamkari pure silk saree (Code: DSKS173). Handcrafted with bamboo pens and natural organic vegetable mineral dyes in Srikalahasti, Andhra Pradesh. Fabric: Semi Kanchi Silk Sarees. Direct from Dhanalakshmi Kalamkari master artisans.",https://www.dhanalakshmikalamkari.in/?product=DSKS173,https://lh3.googleusercontent.com/d/1RuArZZgY7d2SSTq1SJ-nZsU0BNy40lp1=w1200,in_stock,10500 INR,Dhanalakshmi Kalamkari,new,Apparel & Accessories > Clothing > Traditional & Ceremonial Clothing > Sarees
DSKS174,Hand-Painted Srikalahasti Pen Kalamkari Semi Kanchi Silk Sarees Saree (DSKS174),"Authentic 100% hand-painted Srikalahasti Pen Kalamkari pure silk saree (Code: DSKS174). Handcrafted with bamboo pens and natural organic vegetable mineral dyes in Srikalahasti, Andhra Pradesh. Fabric: Semi Kanchi Silk Sarees. Direct from Dhanalakshmi Kalamkari master artisans.",https://www.dhanalakshmikalamkari.in/?product=DSKS174,https://lh3.googleusercontent.com/d/1bidrqWMwdHIU_LL_tqoRelli0InjiTRb=w1200,in_stock,10500 INR,Dhanalakshmi Kalamkari,new,Apparel & Accessories > Clothing > Traditional & Ceremonial Clothing > Sarees
DSKS175,Hand-Painted Srikalahasti Pen Kalamkari Semi Kanchi Silk Sarees Saree (DSKS175),"Authentic 100% hand-painted Srikalahasti Pen Kalamkari pure silk saree (Code: DSKS175). Handcrafted with bamboo pens and natural organic vegetable mineral dyes in Srikalahasti, Andhra Pradesh. Fabric: Semi Kanchi Silk Sarees. Direct from Dhanalakshmi Kalamkari master artisans.",https://www.dhanalakshmikalamkari.in/?product=DSKS175,https://lh3.googleusercontent.com/d/12Ss8GHSCV4HBeiAreFzpeZulKjcS_-eI=w1200,in_stock,10500 INR,Dhanalakshmi Kalamkari,new,Apparel & Accessories > Clothing > Traditional & Ceremonial Clothing > Sarees
DSKS176,Hand-Painted Srikalahasti Pen Kalamkari Semi Kanchi Silk Sarees Saree (DSKS176),"Authentic 100% hand-painted Srikalahasti Pen Kalamkari pure silk saree (Code: DSKS176). Handcrafted with bamboo pens and natural organic vegetable mineral dyes in Srikalahasti, Andhra Pradesh. Fabric: Semi Kanchi Silk Sarees. Direct from Dhanalakshmi Kalamkari master artisans.",https://www.dhanalakshmikalamkari.in/?product=DSKS176,https://lh3.googleusercontent.com/d/1vTG9qeUZaFCgWAqlVl6_6DMYZjTlpAh7=w1200,in_stock,10500 INR,Dhanalakshmi Kalamkari,new,Apparel & Accessories > Clothing > Traditional & Ceremonial Clothing > Sarees
DSKS178,Hand-Painted Srikalahasti Pen Kalamkari Semi Kanchi Silk Sarees Saree (DSKS178),"Authentic 100% hand-painted Srikalahasti Pen Kalamkari pure silk saree (Code: DSKS178). Handcrafted with bamboo pens and natural organic vegetable mineral dyes in Srikalahasti, Andhra Pradesh. Fabric: Semi Kanchi Silk Sarees. Direct from Dhanalakshmi Kalamkari master artisans.",https://www.dhanalakshmikalamkari.in/?product=DSKS178,https://lh3.googleusercontent.com/d/1Tzi82JqXMX0Tq9x4FDYOg5-OytI6ldzo=w1200,in_stock,10500 INR,Dhanalakshmi Kalamkari,new,Apparel & Accessories > Clothing > Traditional & Ceremonial Clothing > Sarees
DSKS179,Hand-Painted Srikalahasti Pen Kalamkari Semi Kanchi Silk Sarees Saree (DSKS179),"Authentic 100% hand-painted Srikalahasti Pen Kalamkari pure silk saree (Code: DSKS179). Handcrafted with bamboo pens and natural organic vegetable mineral dyes in Srikalahasti, Andhra Pradesh. Fabric: Semi Kanchi Silk Sarees. Direct from Dhanalakshmi Kalamkari master artisans.",https://www.dhanalakshmikalamkari.in/?product=DSKS179,https://lh3.googleusercontent.com/d/1X2xs6cgO5BTqPChHCPIbu6o7ww9f6_B1=w1200,in_stock,10500 INR,Dhanalakshmi Kalamkari,new,Apparel & Accessories > Clothing > Traditional & Ceremonial Clothing > Sarees
DSKS180,Hand-Painted Srikalahasti Pen Kalamkari Semi Kanchi Silk Sarees Saree (DSKS180),"Authentic 100% hand-painted Srikalahasti Pen Kalamkari pure silk saree (Code: DSKS180). Handcrafted with bamboo pens and natural organic vegetable mineral dyes in Srikalahasti, Andhra Pradesh. Fabric: Semi Kanchi Silk Sarees. Direct from Dhanalakshmi Kalamkari master artisans.",https://www.dhanalakshmikalamkari.in/?product=DSKS180,https://lh3.googleusercontent.com/d/1IL2UaZ0P8YG4HxWvXldk_zJmvYqLoZ4I=w1200,in_stock,10500 INR,Dhanalakshmi Kalamkari,new,Apparel & Accessories > Clothing > Traditional & Ceremonial Clothing > Sarees
DSKS181,Hand-Painted Srikalahasti Pen Kalamkari Semi Kanchi Silk Sarees Saree (DSKS181),"Authentic 100% hand-painted Srikalahasti Pen Kalamkari pure silk saree (Code: DSKS181). Handcrafted with bamboo pens and natural organic vegetable mineral dyes in Srikalahasti, Andhra Pradesh. Fabric: Semi Kanchi Silk Sarees. Direct from Dhanalakshmi Kalamkari master artisans.",https://www.dhanalakshmikalamkari.in/?product=DSKS181,https://lh3.googleusercontent.com/d/1ZGlscd3fQvxyTQHdJnFm0vgGun26LFKi=w1200,in_stock,10500 INR,Dhanalakshmi Kalamkari,new,Apparel & Accessories > Clothing > Traditional & Ceremonial Clothing > Sarees
DSKS182,Hand-Painted Srikalahasti Pen Kalamkari Semi Kanchi Silk Sarees Saree (DSKS182),"Authentic 100% hand-painted Srikalahasti Pen Kalamkari pure silk saree (Code: DSKS182). Handcrafted with bamboo pens and natural organic vegetable mineral dyes in Srikalahasti, Andhra Pradesh. Fabric: Semi Kanchi Silk Sarees. Direct from Dhanalakshmi Kalamkari master artisans.",https://www.dhanalakshmikalamkari.in/?product=DSKS182,https://lh3.googleusercontent.com/d/1Y1wIMAr6fZNFOpsRr-1eLh6dKWU_563B=w1200,in_stock,10500 INR,Dhanalakshmi Kalamkari,new,Apparel & Accessories > Clothing > Traditional & Ceremonial Clothing > Sarees
DSKS183,Hand-Painted Srikalahasti Pen Kalamkari Semi Kanchi Silk Sarees Saree (DSKS183),"Authentic 100% hand-painted Srikalahasti Pen Kalamkari pure silk saree (Code: DSKS183). Handcrafted with bamboo pens and natural organic vegetable mineral dyes in Srikalahasti, Andhra Pradesh. Fabric: Semi Kanchi Silk Sarees. Direct from Dhanalakshmi Kalamkari master artisans.",https://www.dhanalakshmikalamkari.in/?product=DSKS183,https://lh3.googleusercontent.com/d/11H0iDy5XWSs-IJ_BHj-27aWH1hIlAq0u=w1200,in_stock,10500 INR,Dhanalakshmi Kalamkari,new,Apparel & Accessories > Clothing > Traditional & Ceremonial Clothing > Sarees
DSKS184,Hand-Painted Srikalahasti Pen Kalamkari Semi Kanchi Silk Sarees Saree (DSKS184),"Authentic 100% hand-painted Srikalahasti Pen Kalamkari pure silk saree (Code: DSKS184). Handcrafted with bamboo pens and natural organic vegetable mineral dyes in Srikalahasti, Andhra Pradesh. Fabric: Semi Kanchi Silk Sarees. Direct from Dhanalakshmi Kalamkari master artisans.",https://www.dhanalakshmikalamkari.in/?product=DSKS184,https://lh3.googleusercontent.com/d/1vi52oa6nltHUD5Zghfo6G-snT6PTD8pT=w1200,in_stock,10500 INR,Dhanalakshmi Kalamkari,new,Apparel & Accessories > Clothing > Traditional & Ceremonial Clothing > Sarees
DSKS185,Hand-Painted Srikalahasti Pen Kalamkari Semi Kanchi Silk Sarees Saree (DSKS185),"Authentic 100% hand-painted Srikalahasti Pen Kalamkari pure silk saree (Code: DSKS185). Handcrafted with bamboo pens and natural organic vegetable mineral dyes in Srikalahasti, Andhra Pradesh. Fabric: Semi Kanchi Silk Sarees. Direct from Dhanalakshmi Kalamkari master artisans.",https://www.dhanalakshmikalamkari.in/?product=DSKS185,https://lh3.googleusercontent.com/d/1xn_MiYhgu3rcfX8g_T40oPqsczPC7jIu=w1200,in_stock,10500 INR,Dhanalakshmi Kalamkari,new,Apparel & Accessories > Clothing > Traditional & Ceremonial Clothing > Sarees
DSKS186,Hand-Painted Srikalahasti Pen Kalamkari Semi Kanchi Silk Sarees Saree (DSKS186),"Authentic 100% hand-painted Srikalahasti Pen Kalamkari pure silk saree (Code: DSKS186). Handcrafted with bamboo pens and natural organic vegetable mineral dyes in Srikalahasti, Andhra Pradesh. Fabric: Semi Kanchi Silk Sarees. Direct from Dhanalakshmi Kalamkari master artisans.",https://www.dhanalakshmikalamkari.in/?product=DSKS186,https://lh3.googleusercontent.com/d/1Qx45q-hO-6aP-5WKC0-BpvyWiGMsM3Y_=w1200,in_stock,10500 INR,Dhanalakshmi Kalamkari,new,Apparel & Accessories > Clothing > Traditional & Ceremonial Clothing > Sarees
DSKS187,Hand-Painted Srikalahasti Pen Kalamkari Semi Kanchi Silk Sarees Saree (DSKS187),"Authentic 100% hand-painted Srikalahasti Pen Kalamkari pure silk saree (Code: DSKS187). Handcrafted with bamboo pens and natural organic vegetable mineral dyes in Srikalahasti, Andhra Pradesh. Fabric: Semi Kanchi Silk Sarees. Direct from Dhanalakshmi Kalamkari master artisans.",https://www.dhanalakshmikalamkari.in/?product=DSKS187,https://lh3.googleusercontent.com/d/131wIXwKlfZibpGlfTzPkTWU43_dKPxLl=w1200,in_stock,10500 INR,Dhanalakshmi Kalamkari,new,Apparel & Accessories > Clothing > Traditional & Ceremonial Clothing > Sarees
DSKS188,Hand-Painted Srikalahasti Pen Kalamkari Semi Kanchi Silk Sarees Saree (DSKS188),"Authentic 100% hand-painted Srikalahasti Pen Kalamkari pure silk saree (Code: DSKS188). Handcrafted with bamboo pens and natural organic vegetable mineral dyes in Srikalahasti, Andhra Pradesh. Fabric: Semi Kanchi Silk Sarees. Direct from Dhanalakshmi Kalamkari master artisans.",https://www.dhanalakshmikalamkari.in/?product=DSKS188,https://lh3.googleusercontent.com/d/1aiZmCGCQTanM8adcoaJI89Zw7JmRKCbY=w1200,in_stock,10500 INR,Dhanalakshmi Kalamkari,new,Apparel & Accessories > Clothing > Traditional & Ceremonial Clothing > Sarees
DSKS189,Hand-Painted Srikalahasti Pen Kalamkari Semi Kanchi Silk Sarees Saree (DSKS189),"Authentic 100% hand-painted Srikalahasti Pen Kalamkari pure silk saree (Code: DSKS189). Handcrafted with bamboo pens and natural organic vegetable mineral dyes in Srikalahasti, Andhra Pradesh. Fabric: Semi Kanchi Silk Sarees. Direct from Dhanalakshmi Kalamkari master artisans.",https://www.dhanalakshmikalamkari.in/?product=DSKS189,https://lh3.googleusercontent.com/d/1euMeE0ulZoZdDbI9SryUZElj1tQEmBn2=w1200,in_stock,10500 INR,Dhanalakshmi Kalamkari,new,Apparel & Accessories > Clothing > Traditional & Ceremonial Clothing > Sarees
DSKS190,Hand-Painted Srikalahasti Pen Kalamkari Semi Kanchi Silk Sarees Saree (DSKS190),"Authentic 100% hand-painted Srikalahasti Pen Kalamkari pure silk saree (Code: DSKS190). Handcrafted with bamboo pens and natural organic vegetable mineral dyes in Srikalahasti, Andhra Pradesh. Fabric: Semi Kanchi Silk Sarees. Direct from Dhanalakshmi Kalamkari master artisans.",https://www.dhanalakshmikalamkari.in/?product=DSKS190,https://lh3.googleusercontent.com/d/1EdTiYGgkgejfYzII173vH5LM5rZMzxxD=w1200,in_stock,10500 INR,Dhanalakshmi Kalamkari,new,Apparel & Accessories > Clothing > Traditional & Ceremonial Clothing > Sarees
DSKS191,Hand-Painted Srikalahasti Pen Kalamkari Semi Kanchi Silk Sarees Saree (DSKS191),"Authentic 100% hand-painted Srikalahasti Pen Kalamkari pure silk saree (Code: DSKS191). Handcrafted with bamboo pens and natural organic vegetable mineral dyes in Srikalahasti, Andhra Pradesh. Fabric: Semi Kanchi Silk Sarees. Direct from Dhanalakshmi Kalamkari master artisans.",https://www.dhanalakshmikalamkari.in/?product=DSKS191,https://lh3.googleusercontent.com/d/1a80t5ka7MCVcbnopSeThHwvlOebHw7Th=w1200,in_stock,10500 INR,Dhanalakshmi Kalamkari,new,Apparel & Accessories > Clothing > Traditional & Ceremonial Clothing > Sarees
DSKS192,Hand-Painted Srikalahasti Pen Kalamkari Semi Kanchi Silk Sarees Saree (DSKS192),"Authentic 100% hand-painted Srikalahasti Pen Kalamkari pure silk saree (Code: DSKS192). Handcrafted with bamboo pens and natural organic vegetable mineral dyes in Srikalahasti, Andhra Pradesh. Fabric: Semi Kanchi Silk Sarees. Direct from Dhanalakshmi Kalamkari master artisans.",https://www.dhanalakshmikalamkari.in/?product=DSKS192,https://lh3.googleusercontent.com/d/18Ji9k-mu-wF8jmKgx9TtzP-3c0tDqisV=w1200,in_stock,10500 INR,Dhanalakshmi Kalamkari,new,Apparel & Accessories > Clothing > Traditional & Ceremonial Clothing > Sarees
DSKS193,Hand-Painted Srikalahasti Pen Kalamkari Semi Kanchi Silk Sarees Saree (DSKS193),"Authentic 100% hand-painted Srikalahasti Pen Kalamkari pure silk saree (Code: DSKS193). Handcrafted with bamboo pens and natural organic vegetable mineral dyes in Srikalahasti, Andhra Pradesh. Fabric: Semi Kanchi Silk Sarees. Direct from Dhanalakshmi Kalamkari master artisans.",https://www.dhanalakshmikalamkari.in/?product=DSKS193,https://lh3.googleusercontent.com/d/1qFXNej3PTPa6GP3AUvSKcE7UIRtzqL3b=w1200,in_stock,10500 INR,Dhanalakshmi Kalamkari,new,Apparel & Accessories > Clothing > Traditional & Ceremonial Clothing > Sarees
DSKS194,Hand-Painted Srikalahasti Pen Kalamkari Semi Kanchi Silk Sarees Saree (DSKS194),"Authentic 100% hand-painted Srikalahasti Pen Kalamkari pure silk saree (Code: DSKS194). Handcrafted with bamboo pens and natural organic vegetable mineral dyes in Srikalahasti, Andhra Pradesh. Fabric: Semi Kanchi Silk Sarees. Direct from Dhanalakshmi Kalamkari master artisans.",https://www.dhanalakshmikalamkari.in/?product=DSKS194,https://lh3.googleusercontent.com/d/1sOdWr0rNK273baY63OAONPLEaXlcIRnT=w1200,in_stock,10500 INR,Dhanalakshmi Kalamkari,new,Apparel & Accessories > Clothing > Traditional & Ceremonial Clothing > Sarees
DSKS195,Hand-Painted Srikalahasti Pen Kalamkari Semi Kanchi Silk Sarees Saree (DSKS195),"Authentic 100% hand-painted Srikalahasti Pen Kalamkari pure silk saree (Code: DSKS195). Handcrafted with bamboo pens and natural organic vegetable mineral dyes in Srikalahasti, Andhra Pradesh. Fabric: Semi Kanchi Silk Sarees. Direct from Dhanalakshmi Kalamkari master artisans.",https://www.dhanalakshmikalamkari.in/?product=DSKS195,https://lh3.googleusercontent.com/d/1_Ore_fWRwRdPeL9FyKOsRtjQZJciPM7f=w1200,in_stock,10500 INR,Dhanalakshmi Kalamkari,new,Apparel & Accessories > Clothing > Traditional & Ceremonial Clothing > Sarees
DSKS196,Hand-Painted Srikalahasti Pen Kalamkari Semi Kanchi Silk Sarees Saree (DSKS196),"Authentic 100% hand-painted Srikalahasti Pen Kalamkari pure silk saree (Code: DSKS196). Handcrafted with bamboo pens and natural organic vegetable mineral dyes in Srikalahasti, Andhra Pradesh. Fabric: Semi Kanchi Silk Sarees. Direct from Dhanalakshmi Kalamkari master artisans.",https://www.dhanalakshmikalamkari.in/?product=DSKS196,https://lh3.googleusercontent.com/d/11g0fOtvEAN5B7j5aals7Y2zdYocZv7QL=w1200,in_stock,10500 INR,Dhanalakshmi Kalamkari,new,Apparel & Accessories > Clothing > Traditional & Ceremonial Clothing > Sarees
DSKS197,Hand-Painted Srikalahasti Pen Kalamkari Semi Kanchi Silk Sarees Saree (DSKS197),"Authentic 100% hand-painted Srikalahasti Pen Kalamkari pure silk saree (Code: DSKS197). Handcrafted with bamboo pens and natural organic vegetable mineral dyes in Srikalahasti, Andhra Pradesh. Fabric: Semi Kanchi Silk Sarees. Direct from Dhanalakshmi Kalamkari master artisans.",https://www.dhanalakshmikalamkari.in/?product=DSKS197,https://lh3.googleusercontent.com/d/1Orjgn-RCDuL31mqfahNrMr_21Jr61A99=w1200,in_stock,10500 INR,Dhanalakshmi Kalamkari,new,Apparel & Accessories > Clothing > Traditional & Ceremonial Clothing > Sarees
DSKS198,Hand-Painted Srikalahasti Pen Kalamkari Semi Kanchi Silk Sarees Saree (DSKS198),"Authentic 100% hand-painted Srikalahasti Pen Kalamkari pure silk saree (Code: DSKS198). Handcrafted with bamboo pens and natural organic vegetable mineral dyes in Srikalahasti, Andhra Pradesh. Fabric: Semi Kanchi Silk Sarees. Direct from Dhanalakshmi Kalamkari master artisans.",https://www.dhanalakshmikalamkari.in/?product=DSKS198,https://lh3.googleusercontent.com/d/1F_UmtO3I85YwutMShGRsHiS6VaOEnb-W=w1200,in_stock,10500 INR,Dhanalakshmi Kalamkari,new,Apparel & Accessories > Clothing > Traditional & Ceremonial Clothing > Sarees
DPIS070,Hand-Painted Srikalahasti Pen Kalamkari Pure Ikkath Silk Sarees Saree (DPIS070),"Authentic 100% hand-painted Srikalahasti Pen Kalamkari pure silk saree (Code: DPIS070). Handcrafted with bamboo pens and natural organic vegetable mineral dyes in Srikalahasti, Andhra Pradesh. Fabric: Pure Ikkath Silk Sarees. Direct from Dhanalakshmi Kalamkari master artisans.",https://www.dhanalakshmikalamkari.in/?product=DPIS070,https://lh3.googleusercontent.com/d/1PKfuQ2TVeG9QjDjp4EL9mK0fZuuZW8C5=w1200,in_stock,34500 INR,Dhanalakshmi Kalamkari,new,Apparel & Accessories > Clothing > Traditional & Ceremonial Clothing > Sarees
DPIS071,Hand-Painted Srikalahasti Pen Kalamkari Pure Ikkath Silk Sarees Saree (DPIS071),"Authentic 100% hand-painted Srikalahasti Pen Kalamkari pure silk saree (Code: DPIS071). Handcrafted with bamboo pens and natural organic vegetable mineral dyes in Srikalahasti, Andhra Pradesh. Fabric: Pure Ikkath Silk Sarees. Direct from Dhanalakshmi Kalamkari master artisans.",https://www.dhanalakshmikalamkari.in/?product=DPIS071,https://lh3.googleusercontent.com/d/1GbLljjyXZbu-bPSzYxKEmihcRBT--S93=w1200,in_stock,34500 INR,Dhanalakshmi Kalamkari,new,Apparel & Accessories > Clothing > Traditional & Ceremonial Clothing > Sarees
DPIS072,Hand-Painted Srikalahasti Pen Kalamkari Pure Ikkath Silk Sarees Saree (DPIS072),"Authentic 100% hand-painted Srikalahasti Pen Kalamkari pure silk saree (Code: DPIS072). Handcrafted with bamboo pens and natural organic vegetable mineral dyes in Srikalahasti, Andhra Pradesh. Fabric: Pure Ikkath Silk Sarees. Direct from Dhanalakshmi Kalamkari master artisans.",https://www.dhanalakshmikalamkari.in/?product=DPIS072,https://lh3.googleusercontent.com/d/1IQVxXVgd_R_ZsYA8gvJI8pNlgeFyuoM2=w1200,in_stock,34500 INR,Dhanalakshmi Kalamkari,new,Apparel & Accessories > Clothing > Traditional & Ceremonial Clothing > Sarees
DPIS073,Hand-Painted Srikalahasti Pen Kalamkari Pure Ikkath Silk Sarees Saree (DPIS073),"Authentic 100% hand-painted Srikalahasti Pen Kalamkari pure silk saree (Code: DPIS073). Handcrafted with bamboo pens and natural organic vegetable mineral dyes in Srikalahasti, Andhra Pradesh. Fabric: Pure Ikkath Silk Sarees. Direct from Dhanalakshmi Kalamkari master artisans.",https://www.dhanalakshmikalamkari.in/?product=DPIS073,https://lh3.googleusercontent.com/d/1wsPU_fYUMzxqzivnBskFK2ndJDF8SxMx=w1200,in_stock,34500 INR,Dhanalakshmi Kalamkari,new,Apparel & Accessories > Clothing > Traditional & Ceremonial Clothing > Sarees
DPIS074,Hand-Painted Srikalahasti Pen Kalamkari Pure Ikkath Silk Sarees Saree (DPIS074),"Authentic 100% hand-painted Srikalahasti Pen Kalamkari pure silk saree (Code: DPIS074). Handcrafted with bamboo pens and natural organic vegetable mineral dyes in Srikalahasti, Andhra Pradesh. Fabric: Pure Ikkath Silk Sarees. Direct from Dhanalakshmi Kalamkari master artisans.",https://www.dhanalakshmikalamkari.in/?product=DPIS074,https://lh3.googleusercontent.com/d/1NUdu5M9WNs9aCJSd4mIzQ9aIsTQaLNpX=w1200,in_stock,34500 INR,Dhanalakshmi Kalamkari,new,Apparel & Accessories > Clothing > Traditional & Ceremonial Clothing > Sarees
DPIS077,Hand-Painted Srikalahasti Pen Kalamkari Pure Ikkath Silk Sarees Saree (DPIS077),"Authentic 100% hand-painted Srikalahasti Pen Kalamkari pure silk saree (Code: DPIS077). Handcrafted with bamboo pens and natural organic vegetable mineral dyes in Srikalahasti, Andhra Pradesh. Fabric: Pure Ikkath Silk Sarees. Direct from Dhanalakshmi Kalamkari master artisans.",https://www.dhanalakshmikalamkari.in/?product=DPIS077,https://lh3.googleusercontent.com/d/158A4DufqvrMaS3PXhcbo6RZIONNCI9iZ=w1200,in_stock,27500 INR,Dhanalakshmi Kalamkari,new,Apparel & Accessories > Clothing > Traditional & Ceremonial Clothing > Sarees
DPIS078,Hand-Painted Srikalahasti Pen Kalamkari Pure Ikkath Silk Sarees Saree (DPIS078),"Authentic 100% hand-painted Srikalahasti Pen Kalamkari pure silk saree (Code: DPIS078). Handcrafted with bamboo pens and natural organic vegetable mineral dyes in Srikalahasti, Andhra Pradesh. Fabric: Pure Ikkath Silk Sarees. Direct from Dhanalakshmi Kalamkari master artisans.",https://www.dhanalakshmikalamkari.in/?product=DPIS078,https://lh3.googleusercontent.com/d/1OSmtWLwmUxo6rwTOylqhBC3tVDWoal61=w1200,in_stock,27500 INR,Dhanalakshmi Kalamkari,new,Apparel & Accessories > Clothing > Traditional & Ceremonial Clothing > Sarees
DPIS080,Hand-Painted Srikalahasti Pen Kalamkari Pure Ikkath Silk Sarees Saree (DPIS080),"Authentic 100% hand-painted Srikalahasti Pen Kalamkari pure silk saree (Code: DPIS080). Handcrafted with bamboo pens and natural organic vegetable mineral dyes in Srikalahasti, Andhra Pradesh. Fabric: Pure Ikkath Silk Sarees. Direct from Dhanalakshmi Kalamkari master artisans.",https://www.dhanalakshmikalamkari.in/?product=DPIS080,https://lh3.googleusercontent.com/d/1nxKlIY14-TjkJsVzu502er-KRcfDLCI4=w1200,in_stock,27500 INR,Dhanalakshmi Kalamkari,new,Apparel & Accessories > Clothing > Traditional & Ceremonial Clothing > Sarees
DPIS081,Hand-Painted Srikalahasti Pen Kalamkari Pure Ikkath Silk Sarees Saree (DPIS081),"Authentic 100% hand-painted Srikalahasti Pen Kalamkari pure silk saree (Code: DPIS081). Handcrafted with bamboo pens and natural organic vegetable mineral dyes in Srikalahasti, Andhra Pradesh. Fabric: Pure Ikkath Silk Sarees. Direct from Dhanalakshmi Kalamkari master artisans.",https://www.dhanalakshmikalamkari.in/?product=DPIS081,https://lh3.googleusercontent.com/d/18lD5YMCWFhHIinHyJwuwiBzo2b3FEhlW=w1200,in_stock,27500 INR,Dhanalakshmi Kalamkari,new,Apparel & Accessories > Clothing > Traditional & Ceremonial Clothing > Sarees
DPIS082,Hand-Painted Srikalahasti Pen Kalamkari Pure Ikkath Silk Sarees Saree (DPIS082),"Authentic 100% hand-painted Srikalahasti Pen Kalamkari pure silk saree (Code: DPIS082). Handcrafted with bamboo pens and natural organic vegetable mineral dyes in Srikalahasti, Andhra Pradesh. Fabric: Pure Ikkath Silk Sarees. Direct from Dhanalakshmi Kalamkari master artisans.",https://www.dhanalakshmikalamkari.in/?product=DPIS082,https://lh3.googleusercontent.com/d/1zntyvg636eWhKNXnUTna-gdVkA29ii4D=w1200,in_stock,27500 INR,Dhanalakshmi Kalamkari,new,Apparel & Accessories > Clothing > Traditional & Ceremonial Clothing > Sarees
DPIS083,Hand-Painted Srikalahasti Pen Kalamkari Pure Ikkath Silk Sarees Saree (DPIS083),"Authentic 100% hand-painted Srikalahasti Pen Kalamkari pure silk saree (Code: DPIS083). Handcrafted with bamboo pens and natural organic vegetable mineral dyes in Srikalahasti, Andhra Pradesh. Fabric: Pure Ikkath Silk Sarees. Direct from Dhanalakshmi Kalamkari master artisans.",https://www.dhanalakshmikalamkari.in/?product=DPIS083,https://lh3.googleusercontent.com/d/189-xvPqn2HD8JZWn0WTIEuDnjlwRThvA=w1200,in_stock,27500 INR,Dhanalakshmi Kalamkari,new,Apparel & Accessories > Clothing > Traditional & Ceremonial Clothing > Sarees
DPIS084,Hand-Painted Srikalahasti Pen Kalamkari Pure Ikkath Silk Sarees Saree (DPIS084),"Authentic 100% hand-painted Srikalahasti Pen Kalamkari pure silk saree (Code: DPIS084). Handcrafted with bamboo pens and natural organic vegetable mineral dyes in Srikalahasti, Andhra Pradesh. Fabric: Pure Ikkath Silk Sarees. Direct from Dhanalakshmi Kalamkari master artisans.",https://www.dhanalakshmikalamkari.in/?product=DPIS084,https://lh3.googleusercontent.com/d/1xqOUrv5MNeMWYhEz0hARPg82Cjp5PIIm=w1200,in_stock,27500 INR,Dhanalakshmi Kalamkari,new,Apparel & Accessories > Clothing > Traditional & Ceremonial Clothing > Sarees
DPIS085,Hand-Painted Srikalahasti Pen Kalamkari Pure Ikkath Silk Sarees Saree (DPIS085),"Authentic 100% hand-painted Srikalahasti Pen Kalamkari pure silk saree (Code: DPIS085). Handcrafted with bamboo pens and natural organic vegetable mineral dyes in Srikalahasti, Andhra Pradesh. Fabric: Pure Ikkath Silk Sarees. Direct from Dhanalakshmi Kalamkari master artisans.",https://www.dhanalakshmikalamkari.in/?product=DPIS085,https://lh3.googleusercontent.com/d/1Ya-icTIcVGOJzgwyw_Jh7AwuoAJCWsrH=w1200,in_stock,27500 INR,Dhanalakshmi Kalamkari,new,Apparel & Accessories > Clothing > Traditional & Ceremonial Clothing > Sarees
DPIS086,Hand-Painted Srikalahasti Pen Kalamkari Pure Ikkath Silk Sarees Saree (DPIS086),"Authentic 100% hand-painted Srikalahasti Pen Kalamkari pure silk saree (Code: DPIS086). Handcrafted with bamboo pens and natural organic vegetable mineral dyes in Srikalahasti, Andhra Pradesh. Fabric: Pure Ikkath Silk Sarees. Direct from Dhanalakshmi Kalamkari master artisans.",https://www.dhanalakshmikalamkari.in/?product=DPIS086,https://lh3.googleusercontent.com/d/14zLI9O-fuqRsc62DO8CWggKYMBa2Tubu=w1200,in_stock,27500 INR,Dhanalakshmi Kalamkari,new,Apparel & Accessories > Clothing > Traditional & Ceremonial Clothing > Sarees
DPIS087,Hand-Painted Srikalahasti Pen Kalamkari Pure Ikkath Silk Sarees Saree (DPIS087),"Authentic 100% hand-painted Srikalahasti Pen Kalamkari pure silk saree (Code: DPIS087). Handcrafted with bamboo pens and natural organic vegetable mineral dyes in Srikalahasti, Andhra Pradesh. Fabric: Pure Ikkath Silk Sarees. Direct from Dhanalakshmi Kalamkari master artisans.",https://www.dhanalakshmikalamkari.in/?product=DPIS087,https://lh3.googleusercontent.com/d/1HmfTYoV7-RXyrwBjOH2gXx2k4lQVZa22=w1200,in_stock,27500 INR,Dhanalakshmi Kalamkari,new,Apparel & Accessories > Clothing > Traditional & Ceremonial Clothing > Sarees
DPIS090,Hand-Painted Srikalahasti Pen Kalamkari Pure Ikkath Silk Sarees Saree (DPIS090),"Authentic 100% hand-painted Srikalahasti Pen Kalamkari pure silk saree (Code: DPIS090). Handcrafted with bamboo pens and natural organic vegetable mineral dyes in Srikalahasti, Andhra Pradesh. Fabric: Pure Ikkath Silk Sarees. Direct from Dhanalakshmi Kalamkari master artisans.",https://www.dhanalakshmikalamkari.in/?product=DPIS090,https://lh3.googleusercontent.com/d/144ORH69xILahLobWOuj8toM1xcANJtBP=w1200,in_stock,27500 INR,Dhanalakshmi Kalamkari,new,Apparel & Accessories > Clothing > Traditional & Ceremonial Clothing > Sarees
DPIS091,Hand-Painted Srikalahasti Pen Kalamkari Pure Ikkath Silk Sarees Saree (DPIS091),"Authentic 100% hand-painted Srikalahasti Pen Kalamkari pure silk saree (Code: DPIS091). Handcrafted with bamboo pens and natural organic vegetable mineral dyes in Srikalahasti, Andhra Pradesh. Fabric: Pure Ikkath Silk Sarees. Direct from Dhanalakshmi Kalamkari master artisans.",https://www.dhanalakshmikalamkari.in/?product=DPIS091,https://lh3.googleusercontent.com/d/1OmVQjAkfs5BptKGa2NKAk3CshfEacYGu=w1200,in_stock,27500 INR,Dhanalakshmi Kalamkari,new,Apparel & Accessories > Clothing > Traditional & Ceremonial Clothing > Sarees
DPIS093,Hand-Painted Srikalahasti Pen Kalamkari Pure Ikkath Silk Sarees Saree (DPIS093),"Authentic 100% hand-painted Srikalahasti Pen Kalamkari pure silk saree (Code: DPIS093). Handcrafted with bamboo pens and natural organic vegetable mineral dyes in Srikalahasti, Andhra Pradesh. Fabric: Pure Ikkath Silk Sarees. Direct from Dhanalakshmi Kalamkari master artisans.",https://www.dhanalakshmikalamkari.in/?product=DPIS093,https://lh3.googleusercontent.com/d/1O9jKfK_kSPwj_WwnQL2JRo6QacZtZWhY=w1200,in_stock,27500 INR,Dhanalakshmi Kalamkari,new,Apparel & Accessories > Clothing > Traditional & Ceremonial Clothing > Sarees
DPIS094,Hand-Painted Srikalahasti Pen Kalamkari Pure Ikkath Silk Sarees Saree (DPIS094),"Authentic 100% hand-painted Srikalahasti Pen Kalamkari pure silk saree (Code: DPIS094). Handcrafted with bamboo pens and natural organic vegetable mineral dyes in Srikalahasti, Andhra Pradesh. Fabric: Pure Ikkath Silk Sarees. Direct from Dhanalakshmi Kalamkari master artisans.",https://www.dhanalakshmikalamkari.in/?product=DPIS094,https://lh3.googleusercontent.com/d/1dK6NgXUbfmYOfSSkNLeBLuQ4Y8_FkeM5=w1200,in_stock,27500 INR,Dhanalakshmi Kalamkari,new,Apparel & Accessories > Clothing > Traditional & Ceremonial Clothing > Sarees
DPIS095,Hand-Painted Srikalahasti Pen Kalamkari Pure Ikkath Silk Sarees Saree (DPIS095),"Authentic 100% hand-painted Srikalahasti Pen Kalamkari pure silk saree (Code: DPIS095). Handcrafted with bamboo pens and natural organic vegetable mineral dyes in Srikalahasti, Andhra Pradesh. Fabric: Pure Ikkath Silk Sarees. Direct from Dhanalakshmi Kalamkari master artisans.",https://www.dhanalakshmikalamkari.in/?product=DPIS095,https://lh3.googleusercontent.com/d/1Du0zm8vwSN2hqsVboMXgVbtE30PrnAV6=w1200,in_stock,27500 INR,Dhanalakshmi Kalamkari,new,Apparel & Accessories > Clothing > Traditional & Ceremonial Clothing > Sarees
DPTS126,Hand-Painted Srikalahasti Pen Kalamkari Pure Tussar Silk Sarees Saree (DPTS126),"Authentic 100% hand-painted Srikalahasti Pen Kalamkari pure silk saree (Code: DPTS126). Handcrafted with bamboo pens and natural organic vegetable mineral dyes in Srikalahasti, Andhra Pradesh. Fabric: Pure Tussar Silk Sarees. Direct from Dhanalakshmi Kalamkari master artisans.",https://www.dhanalakshmikalamkari.in/?product=DPTS126,https://lh3.googleusercontent.com/d/1scnqb2Dc9KB7yt9J2oQnpqDUUJ1CmqtN=w1200,in_stock,14000 INR,Dhanalakshmi Kalamkari,new,Apparel & Accessories > Clothing > Traditional & Ceremonial Clothing > Sarees
DPTS128,Hand-Painted Srikalahasti Pen Kalamkari Pure Tussar Silk Sarees Saree (DPTS128),"Authentic 100% hand-painted Srikalahasti Pen Kalamkari pure silk saree (Code: DPTS128). Handcrafted with bamboo pens and natural organic vegetable mineral dyes in Srikalahasti, Andhra Pradesh. Fabric: Pure Tussar Silk Sarees. Direct from Dhanalakshmi Kalamkari master artisans.",https://www.dhanalakshmikalamkari.in/?product=DPTS128,https://lh3.googleusercontent.com/d/1FMVDfzcr4NohO933kfF_5IZNndE5yth0=w1200,in_stock,14000 INR,Dhanalakshmi Kalamkari,new,Apparel & Accessories > Clothing > Traditional & Ceremonial Clothing > Sarees
DPTS129,Hand-Painted Srikalahasti Pen Kalamkari Pure Tussar Silk Sarees Saree (DPTS129),"Authentic 100% hand-painted Srikalahasti Pen Kalamkari pure silk saree (Code: DPTS129). Handcrafted with bamboo pens and natural organic vegetable mineral dyes in Srikalahasti, Andhra Pradesh. Fabric: Pure Tussar Silk Sarees. Direct from Dhanalakshmi Kalamkari master artisans.",https://www.dhanalakshmikalamkari.in/?product=DPTS129,https://lh3.googleusercontent.com/d/1TbLnAQ4EPHux0-eN8FYNZhpGahAuQXbW=w1200,in_stock,14000 INR,Dhanalakshmi Kalamkari,new,Apparel & Accessories > Clothing > Traditional & Ceremonial Clothing > Sarees
DPTS130,Hand-Painted Srikalahasti Pen Kalamkari Pure Tussar Silk Sarees Saree (DPTS130),"Authentic 100% hand-painted Srikalahasti Pen Kalamkari pure silk saree (Code: DPTS130). Handcrafted with bamboo pens and natural organic vegetable mineral dyes in Srikalahasti, Andhra Pradesh. Fabric: Pure Tussar Silk Sarees. Direct from Dhanalakshmi Kalamkari master artisans.",https://www.dhanalakshmikalamkari.in/?product=DPTS130,https://lh3.googleusercontent.com/d/1kP0got5r0HIGGrcEfk8x4YQeNnx3GImV=w1200,in_stock,14000 INR,Dhanalakshmi Kalamkari,new,Apparel & Accessories > Clothing > Traditional & Ceremonial Clothing > Sarees
DPTS132,Hand-Painted Srikalahasti Pen Kalamkari Pure Tussar Silk Sarees Saree (DPTS132),"Authentic 100% hand-painted Srikalahasti Pen Kalamkari pure silk saree (Code: DPTS132). Handcrafted with bamboo pens and natural organic vegetable mineral dyes in Srikalahasti, Andhra Pradesh. Fabric: Pure Tussar Silk Sarees. Direct from Dhanalakshmi Kalamkari master artisans.",https://www.dhanalakshmikalamkari.in/?product=DPTS132,https://lh3.googleusercontent.com/d/1PCPUIsRnsnnk7ychUxiQYoZMaXAQAfC-=w1200,in_stock,14000 INR,Dhanalakshmi Kalamkari,new,Apparel & Accessories > Clothing > Traditional & Ceremonial Clothing > Sarees
DPTS133,Hand-Painted Srikalahasti Pen Kalamkari Pure Tussar Silk Sarees Saree (DPTS133),"Authentic 100% hand-painted Srikalahasti Pen Kalamkari pure silk saree (Code: DPTS133). Handcrafted with bamboo pens and natural organic vegetable mineral dyes in Srikalahasti, Andhra Pradesh. Fabric: Pure Tussar Silk Sarees. Direct from Dhanalakshmi Kalamkari master artisans.",https://www.dhanalakshmikalamkari.in/?product=DPTS133,https://lh3.googleusercontent.com/d/1q5UexqaPdXzaQ4IRToukoOsxgj7_ZtK7=w1200,in_stock,14000 INR,Dhanalakshmi Kalamkari,new,Apparel & Accessories > Clothing > Traditional & Ceremonial Clothing > Sarees
DPTS134,Hand-Painted Srikalahasti Pen Kalamkari Pure Tussar Silk Sarees Saree (DPTS134),"Authentic 100% hand-painted Srikalahasti Pen Kalamkari pure silk saree (Code: DPTS134). Handcrafted with bamboo pens and natural organic vegetable mineral dyes in Srikalahasti, Andhra Pradesh. Fabric: Pure Tussar Silk Sarees. Direct from Dhanalakshmi Kalamkari master artisans.",https://www.dhanalakshmikalamkari.in/?product=DPTS134,https://lh3.googleusercontent.com/d/1pdZHod_eMKJsaGGRa8DPVAUDyBwVkLtX=w1200,in_stock,14000 INR,Dhanalakshmi Kalamkari,new,Apparel & Accessories > Clothing > Traditional & Ceremonial Clothing > Sarees
DPTS136,Hand-Painted Srikalahasti Pen Kalamkari Pure Tussar Silk Sarees Saree (DPTS136),"Authentic 100% hand-painted Srikalahasti Pen Kalamkari pure silk saree (Code: DPTS136). Handcrafted with bamboo pens and natural organic vegetable mineral dyes in Srikalahasti, Andhra Pradesh. Fabric: Pure Tussar Silk Sarees. Direct from Dhanalakshmi Kalamkari master artisans.",https://www.dhanalakshmikalamkari.in/?product=DPTS136,https://lh3.googleusercontent.com/d/1wrtXF6K5gn6NVf184riHloM1KZcNH06v=w1200,in_stock,14000 INR,Dhanalakshmi Kalamkari,new,Apparel & Accessories > Clothing > Traditional & Ceremonial Clothing > Sarees
DPTS137,Hand-Painted Srikalahasti Pen Kalamkari Pure Tussar Silk Sarees Saree (DPTS137),"Authentic 100% hand-painted Srikalahasti Pen Kalamkari pure silk saree (Code: DPTS137). Handcrafted with bamboo pens and natural organic vegetable mineral dyes in Srikalahasti, Andhra Pradesh. Fabric: Pure Tussar Silk Sarees. Direct from Dhanalakshmi Kalamkari master artisans.",https://www.dhanalakshmikalamkari.in/?product=DPTS137,https://lh3.googleusercontent.com/d/1ByRB46abykvpmCoaPF4pvNDn4faK6bn7=w1200,in_stock,14000 INR,Dhanalakshmi Kalamkari,new,Apparel & Accessories > Clothing > Traditional & Ceremonial Clothing > Sarees
DPTS140,Hand-Painted Srikalahasti Pen Kalamkari Pure Tussar Silk Sarees Saree (DPTS140),"Authentic 100% hand-painted Srikalahasti Pen Kalamkari pure silk saree (Code: DPTS140). Handcrafted with bamboo pens and natural organic vegetable mineral dyes in Srikalahasti, Andhra Pradesh. Fabric: Pure Tussar Silk Sarees. Direct from Dhanalakshmi Kalamkari master artisans.",https://www.dhanalakshmikalamkari.in/?product=DPTS140,https://lh3.googleusercontent.com/d/1eDNmXjOzvPBQ8SAidhSqeOf0XsrZ_vtY=w1200,in_stock,14000 INR,Dhanalakshmi Kalamkari,new,Apparel & Accessories > Clothing > Traditional & Ceremonial Clothing > Sarees
DPTS141,Hand-Painted Srikalahasti Pen Kalamkari Pure Tussar Silk Sarees Saree (DPTS141),"Authentic 100% hand-painted Srikalahasti Pen Kalamkari pure silk saree (Code: DPTS141). Handcrafted with bamboo pens and natural organic vegetable mineral dyes in Srikalahasti, Andhra Pradesh. Fabric: Pure Tussar Silk Sarees. Direct from Dhanalakshmi Kalamkari master artisans.",https://www.dhanalakshmikalamkari.in/?product=DPTS141,https://lh3.googleusercontent.com/d/1AySLUi8oOWaUGzLGj7NvhjAy111tK-J8=w1200,in_stock,14000 INR,Dhanalakshmi Kalamkari,new,Apparel & Accessories > Clothing > Traditional & Ceremonial Clothing > Sarees
DPTS142,Hand-Painted Srikalahasti Pen Kalamkari Pure Tussar Silk Sarees Saree (DPTS142),"Authentic 100% hand-painted Srikalahasti Pen Kalamkari pure silk saree (Code: DPTS142). Handcrafted with bamboo pens and natural organic vegetable mineral dyes in Srikalahasti, Andhra Pradesh. Fabric: Pure Tussar Silk Sarees. Direct from Dhanalakshmi Kalamkari master artisans.",https://www.dhanalakshmikalamkari.in/?product=DPTS142,https://lh3.googleusercontent.com/d/1ex7_yTQnJR9a-d8liKx3ZxSZBsMV00dm=w1200,in_stock,14000 INR,Dhanalakshmi Kalamkari,new,Apparel & Accessories > Clothing > Traditional & Ceremonial Clothing > Sarees
DPTS143,Hand-Painted Srikalahasti Pen Kalamkari Pure Tussar Silk Sarees Saree (DPTS143),"Authentic 100% hand-painted Srikalahasti Pen Kalamkari pure silk saree (Code: DPTS143). Handcrafted with bamboo pens and natural organic vegetable mineral dyes in Srikalahasti, Andhra Pradesh. Fabric: Pure Tussar Silk Sarees. Direct from Dhanalakshmi Kalamkari master artisans.",https://www.dhanalakshmikalamkari.in/?product=DPTS143,https://lh3.googleusercontent.com/d/1MLzfAca2k_sLhxJbVAdMHPkHUJjkpYrU=w1200,in_stock,14000 INR,Dhanalakshmi Kalamkari,new,Apparel & Accessories > Clothing > Traditional & Ceremonial Clothing > Sarees
DPTS144,Hand-Painted Srikalahasti Pen Kalamkari Pure Tussar Silk Sarees Saree (DPTS144),"Authentic 100% hand-painted Srikalahasti Pen Kalamkari pure silk saree (Code: DPTS144). Handcrafted with bamboo pens and natural organic vegetable mineral dyes in Srikalahasti, Andhra Pradesh. Fabric: Pure Tussar Silk Sarees. Direct from Dhanalakshmi Kalamkari master artisans.",https://www.dhanalakshmikalamkari.in/?product=DPTS144,https://lh3.googleusercontent.com/d/1aBRaXTSVEtfFuIxTDmzoVe0QPWd7h-2p=w1200,in_stock,14000 INR,Dhanalakshmi Kalamkari,new,Apparel & Accessories > Clothing > Traditional & Ceremonial Clothing > Sarees
DPTS149,Hand-Painted Srikalahasti Pen Kalamkari Pure Tussar Silk Sarees Saree (DPTS149),"Authentic 100% hand-painted Srikalahasti Pen Kalamkari pure silk saree (Code: DPTS149). Handcrafted with bamboo pens and natural organic vegetable mineral dyes in Srikalahasti, Andhra Pradesh. Fabric: Pure Tussar Silk Sarees. Direct from Dhanalakshmi Kalamkari master artisans.",https://www.dhanalakshmikalamkari.in/?product=DPTS149,https://lh3.googleusercontent.com/d/1Dsqjb4C0suaAuz0ICbU9sfTrfPhXTmwC=w1200,in_stock,14000 INR,Dhanalakshmi Kalamkari,new,Apparel & Accessories > Clothing > Traditional & Ceremonial Clothing > Sarees
DPTS150,Hand-Painted Srikalahasti Pen Kalamkari Pure Tussar Silk Sarees Saree (DPTS150),"Authentic 100% hand-painted Srikalahasti Pen Kalamkari pure silk saree (Code: DPTS150). Handcrafted with bamboo pens and natural organic vegetable mineral dyes in Srikalahasti, Andhra Pradesh. Fabric: Pure Tussar Silk Sarees. Direct from Dhanalakshmi Kalamkari master artisans.",https://www.dhanalakshmikalamkari.in/?product=DPTS150,https://lh3.googleusercontent.com/d/1xVNuFi4DwLFosKqhSLO89fvJatKldyN-=w1200,in_stock,14000 INR,Dhanalakshmi Kalamkari,new,Apparel & Accessories > Clothing > Traditional & Ceremonial Clothing > Sarees
DPTS181,Hand-Painted Srikalahasti Pen Kalamkari Pure Tussar Silk Sarees Saree (DPTS181),"Authentic 100% hand-painted Srikalahasti Pen Kalamkari pure silk saree (Code: DPTS181). Handcrafted with bamboo pens and natural organic vegetable mineral dyes in Srikalahasti, Andhra Pradesh. Fabric: Pure Tussar Silk Sarees. Direct from Dhanalakshmi Kalamkari master artisans.",https://www.dhanalakshmikalamkari.in/?product=DPTS181,https://lh3.googleusercontent.com/d/1kYbZ3jiL68J28t5_G7ma5DubiILoOxWy=w1200,in_stock,15000 INR,Dhanalakshmi Kalamkari,new,Apparel & Accessories > Clothing > Traditional & Ceremonial Clothing > Sarees
DPTS182,Hand-Painted Srikalahasti Pen Kalamkari Pure Tussar Silk Sarees Saree (DPTS182),"Authentic 100% hand-painted Srikalahasti Pen Kalamkari pure silk saree (Code: DPTS182). Handcrafted with bamboo pens and natural organic vegetable mineral dyes in Srikalahasti, Andhra Pradesh. Fabric: Pure Tussar Silk Sarees. Direct from Dhanalakshmi Kalamkari master artisans.",https://www.dhanalakshmikalamkari.in/?product=DPTS182,https://lh3.googleusercontent.com/d/1BwNccs8o5_Y0On1sGkQmH6iK4F5vW2G5=w1200,in_stock,15000 INR,Dhanalakshmi Kalamkari,new,Apparel & Accessories > Clothing > Traditional & Ceremonial Clothing > Sarees
DPTS183,Hand-Painted Srikalahasti Pen Kalamkari Pure Tussar Silk Sarees Saree (DPTS183),"Authentic 100% hand-painted Srikalahasti Pen Kalamkari pure silk saree (Code: DPTS183). Handcrafted with bamboo pens and natural organic vegetable mineral dyes in Srikalahasti, Andhra Pradesh. Fabric: Pure Tussar Silk Sarees. Direct from Dhanalakshmi Kalamkari master artisans.",https://www.dhanalakshmikalamkari.in/?product=DPTS183,https://lh3.googleusercontent.com/d/10iWiMgQzHmQurhnSCnAJSO0pWbu9Geon=w1200,in_stock,15000 INR,Dhanalakshmi Kalamkari,new,Apparel & Accessories > Clothing > Traditional & Ceremonial Clothing > Sarees
DPTS180,Hand-Painted Srikalahasti Pen Kalamkari Pure Tussar Silk Sarees Saree (DPTS180),"Authentic 100% hand-painted Srikalahasti Pen Kalamkari pure silk saree (Code: DPTS180). Handcrafted with bamboo pens and natural organic vegetable mineral dyes in Srikalahasti, Andhra Pradesh. Fabric: Pure Tussar Silk Sarees. Direct from Dhanalakshmi Kalamkari master artisans.",https://www.dhanalakshmikalamkari.in/?product=DPTS180,https://lh3.googleusercontent.com/d/1fQlpyo6lDyIVrzhoQ09XMrmwQ-UwGPMs=w1200,in_stock,15000 INR,Dhanalakshmi Kalamkari,new,Apparel & Accessories > Clothing > Traditional & Ceremonial Clothing > Sarees
DPTS152,Hand-Painted Srikalahasti Pen Kalamkari Pure Tussar Silk Sarees Saree (DPTS152),"Authentic 100% hand-painted Srikalahasti Pen Kalamkari pure silk saree (Code: DPTS152). Handcrafted with bamboo pens and natural organic vegetable mineral dyes in Srikalahasti, Andhra Pradesh. Fabric: Pure Tussar Silk Sarees. Direct from Dhanalakshmi Kalamkari master artisans.",https://www.dhanalakshmikalamkari.in/?product=DPTS152,https://lh3.googleusercontent.com/d/1ZgxAro4LRuLwqVPEHC8Fr6kDUsRwhsLP=w1200,in_stock,15000 INR,Dhanalakshmi Kalamkari,new,Apparel & Accessories > Clothing > Traditional & Ceremonial Clothing > Sarees
DPTS154,Hand-Painted Srikalahasti Pen Kalamkari Pure Tussar Silk Sarees Saree (DPTS154),"Authentic 100% hand-painted Srikalahasti Pen Kalamkari pure silk saree (Code: DPTS154). Handcrafted with bamboo pens and natural organic vegetable mineral dyes in Srikalahasti, Andhra Pradesh. Fabric: Pure Tussar Silk Sarees. Direct from Dhanalakshmi Kalamkari master artisans.",https://www.dhanalakshmikalamkari.in/?product=DPTS154,https://lh3.googleusercontent.com/d/1JFyZKN9c6NKvhIjmnj66Cvu6r9K4VY14=w1200,in_stock,15000 INR,Dhanalakshmi Kalamkari,new,Apparel & Accessories > Clothing > Traditional & Ceremonial Clothing > Sarees
DPTS155,Hand-Painted Srikalahasti Pen Kalamkari Pure Tussar Silk Sarees Saree (DPTS155),"Authentic 100% hand-painted Srikalahasti Pen Kalamkari pure silk saree (Code: DPTS155). Handcrafted with bamboo pens and natural organic vegetable mineral dyes in Srikalahasti, Andhra Pradesh. Fabric: Pure Tussar Silk Sarees. Direct from Dhanalakshmi Kalamkari master artisans.",https://www.dhanalakshmikalamkari.in/?product=DPTS155,https://lh3.googleusercontent.com/d/141GGowvVO2NX0Rhwsaswj00ZtQsCAfPd=w1200,in_stock,15000 INR,Dhanalakshmi Kalamkari,new,Apparel & Accessories > Clothing > Traditional & Ceremonial Clothing > Sarees
DPTS157,Hand-Painted Srikalahasti Pen Kalamkari Pure Tussar Silk Sarees Saree (DPTS157),"Authentic 100% hand-painted Srikalahasti Pen Kalamkari pure silk saree (Code: DPTS157). Handcrafted with bamboo pens and natural organic vegetable mineral dyes in Srikalahasti, Andhra Pradesh. Fabric: Pure Tussar Silk Sarees. Direct from Dhanalakshmi Kalamkari master artisans.",https://www.dhanalakshmikalamkari.in/?product=DPTS157,https://lh3.googleusercontent.com/d/1ta1xvP2qmOFUnFtM-GRxR26Hvdo6nqqg=w1200,in_stock,15000 INR,Dhanalakshmi Kalamkari,new,Apparel & Accessories > Clothing > Traditional & Ceremonial Clothing > Sarees
DPTS158,Hand-Painted Srikalahasti Pen Kalamkari Pure Tussar Silk Sarees Saree (DPTS158),"Authentic 100% hand-painted Srikalahasti Pen Kalamkari pure silk saree (Code: DPTS158). Handcrafted with bamboo pens and natural organic vegetable mineral dyes in Srikalahasti, Andhra Pradesh. Fabric: Pure Tussar Silk Sarees. Direct from Dhanalakshmi Kalamkari master artisans.",https://www.dhanalakshmikalamkari.in/?product=DPTS158,https://lh3.googleusercontent.com/d/1fYqCOEsVqr8shub97Y3knhI1_hNZhyT5=w1200,in_stock,15000 INR,Dhanalakshmi Kalamkari,new,Apparel & Accessories > Clothing > Traditional & Ceremonial Clothing > Sarees
DPTS160,Hand-Painted Srikalahasti Pen Kalamkari Pure Tussar Silk Sarees Saree (DPTS160),"Authentic 100% hand-painted Srikalahasti Pen Kalamkari pure silk saree (Code: DPTS160). Handcrafted with bamboo pens and natural organic vegetable mineral dyes in Srikalahasti, Andhra Pradesh. Fabric: Pure Tussar Silk Sarees. Direct from Dhanalakshmi Kalamkari master artisans.",https://www.dhanalakshmikalamkari.in/?product=DPTS160,https://lh3.googleusercontent.com/d/1ZzT9KnoqPBcRszsx_SNNuJ6w-u0MNL3y=w1200,in_stock,15000 INR,Dhanalakshmi Kalamkari,new,Apparel & Accessories > Clothing > Traditional & Ceremonial Clothing > Sarees
DPTS161,Hand-Painted Srikalahasti Pen Kalamkari Pure Tussar Silk Sarees Saree (DPTS161),"Authentic 100% hand-painted Srikalahasti Pen Kalamkari pure silk saree (Code: DPTS161). Handcrafted with bamboo pens and natural organic vegetable mineral dyes in Srikalahasti, Andhra Pradesh. Fabric: Pure Tussar Silk Sarees. Direct from Dhanalakshmi Kalamkari master artisans.",https://www.dhanalakshmikalamkari.in/?product=DPTS161,https://lh3.googleusercontent.com/d/11Ck5QQIV7ZPoluT0RdIxzdjAqwq6Gy1D=w1200,in_stock,15000 INR,Dhanalakshmi Kalamkari,new,Apparel & Accessories > Clothing > Traditional & Ceremonial Clothing > Sarees
DPTS162,Hand-Painted Srikalahasti Pen Kalamkari Pure Tussar Silk Sarees Saree (DPTS162),"Authentic 100% hand-painted Srikalahasti Pen Kalamkari pure silk saree (Code: DPTS162). Handcrafted with bamboo pens and natural organic vegetable mineral dyes in Srikalahasti, Andhra Pradesh. Fabric: Pure Tussar Silk Sarees. Direct from Dhanalakshmi Kalamkari master artisans.",https://www.dhanalakshmikalamkari.in/?product=DPTS162,https://lh3.googleusercontent.com/d/11GPUBV2FasQWYd79ytunp6ze8bDCNix8=w1200,in_stock,15000 INR,Dhanalakshmi Kalamkari,new,Apparel & Accessories > Clothing > Traditional & Ceremonial Clothing > Sarees
DPTS163,Hand-Painted Srikalahasti Pen Kalamkari Pure Tussar Silk Sarees Saree (DPTS163),"Authentic 100% hand-painted Srikalahasti Pen Kalamkari pure silk saree (Code: DPTS163). Handcrafted with bamboo pens and natural organic vegetable mineral dyes in Srikalahasti, Andhra Pradesh. Fabric: Pure Tussar Silk Sarees. Direct from Dhanalakshmi Kalamkari master artisans.",https://www.dhanalakshmikalamkari.in/?product=DPTS163,https://lh3.googleusercontent.com/d/1K1zVL5N1OXjKeCg77syBzNrP7-IDlVHc=w1200,in_stock,15000 INR,Dhanalakshmi Kalamkari,new,Apparel & Accessories > Clothing > Traditional & Ceremonial Clothing > Sarees
DPTS165,Hand-Painted Srikalahasti Pen Kalamkari Pure Tussar Silk Sarees Saree (DPTS165),"Authentic 100% hand-painted Srikalahasti Pen Kalamkari pure silk saree (Code: DPTS165). Handcrafted with bamboo pens and natural organic vegetable mineral dyes in Srikalahasti, Andhra Pradesh. Fabric: Pure Tussar Silk Sarees. Direct from Dhanalakshmi Kalamkari master artisans.",https://www.dhanalakshmikalamkari.in/?product=DPTS165,https://lh3.googleusercontent.com/d/1gZcyv2c6bxYcl2X3ExrMy7i2iTfNGHzG=w1200,in_stock,15000 INR,Dhanalakshmi Kalamkari,new,Apparel & Accessories > Clothing > Traditional & Ceremonial Clothing > Sarees
DPTS166,Hand-Painted Srikalahasti Pen Kalamkari Pure Tussar Silk Sarees Saree (DPTS166),"Authentic 100% hand-painted Srikalahasti Pen Kalamkari pure silk saree (Code: DPTS166). Handcrafted with bamboo pens and natural organic vegetable mineral dyes in Srikalahasti, Andhra Pradesh. Fabric: Pure Tussar Silk Sarees. Direct from Dhanalakshmi Kalamkari master artisans.",https://www.dhanalakshmikalamkari.in/?product=DPTS166,https://lh3.googleusercontent.com/d/1P51I4lhlB2MaNTQe0NHB2Amq0UH046zP=w1200,in_stock,15000 INR,Dhanalakshmi Kalamkari,new,Apparel & Accessories > Clothing > Traditional & Ceremonial Clothing > Sarees
DPTS167,Hand-Painted Srikalahasti Pen Kalamkari Pure Tussar Silk Sarees Saree (DPTS167),"Authentic 100% hand-painted Srikalahasti Pen Kalamkari pure silk saree (Code: DPTS167). Handcrafted with bamboo pens and natural organic vegetable mineral dyes in Srikalahasti, Andhra Pradesh. Fabric: Pure Tussar Silk Sarees. Direct from Dhanalakshmi Kalamkari master artisans.",https://www.dhanalakshmikalamkari.in/?product=DPTS167,https://lh3.googleusercontent.com/d/1oBihY9eC0b_7vxGobkvxVi_0QTrBa5FY=w1200,in_stock,15000 INR,Dhanalakshmi Kalamkari,new,Apparel & Accessories > Clothing > Traditional & Ceremonial Clothing > Sarees
DPTS168,Hand-Painted Srikalahasti Pen Kalamkari Pure Tussar Silk Sarees Saree (DPTS168),"Authentic 100% hand-painted Srikalahasti Pen Kalamkari pure silk saree (Code: DPTS168). Handcrafted with bamboo pens and natural organic vegetable mineral dyes in Srikalahasti, Andhra Pradesh. Fabric: Pure Tussar Silk Sarees. Direct from Dhanalakshmi Kalamkari master artisans.",https://www.dhanalakshmikalamkari.in/?product=DPTS168,https://lh3.googleusercontent.com/d/1R77xp-vwrGFmJ6g1AplVNvJwoc6jzR-D=w1200,in_stock,15000 INR,Dhanalakshmi Kalamkari,new,Apparel & Accessories > Clothing > Traditional & Ceremonial Clothing > Sarees
DPTS169,Hand-Painted Srikalahasti Pen Kalamkari Pure Tussar Silk Sarees Saree (DPTS169),"Authentic 100% hand-painted Srikalahasti Pen Kalamkari pure silk saree (Code: DPTS169). Handcrafted with bamboo pens and natural organic vegetable mineral dyes in Srikalahasti, Andhra Pradesh. Fabric: Pure Tussar Silk Sarees. Direct from Dhanalakshmi Kalamkari master artisans.",https://www.dhanalakshmikalamkari.in/?product=DPTS169,https://lh3.googleusercontent.com/d/1Qh26Izp_d9tgwqvuqnK1ojczDHWZ9v0d=w1200,in_stock,15000 INR,Dhanalakshmi Kalamkari,new,Apparel & Accessories > Clothing > Traditional & Ceremonial Clothing > Sarees
DPTS170,Hand-Painted Srikalahasti Pen Kalamkari Pure Tussar Silk Sarees Saree (DPTS170),"Authentic 100% hand-painted Srikalahasti Pen Kalamkari pure silk saree (Code: DPTS170). Handcrafted with bamboo pens and natural organic vegetable mineral dyes in Srikalahasti, Andhra Pradesh. Fabric: Pure Tussar Silk Sarees. Direct from Dhanalakshmi Kalamkari master artisans.",https://www.dhanalakshmikalamkari.in/?product=DPTS170,https://lh3.googleusercontent.com/d/1AUp4usUjmfuMFq60eEjisCAsf7qOZrQl=w1200,in_stock,15000 INR,Dhanalakshmi Kalamkari,new,Apparel & Accessories > Clothing > Traditional & Ceremonial Clothing > Sarees
DPTS172,Hand-Painted Srikalahasti Pen Kalamkari Pure Tussar Silk Sarees Saree (DPTS172),"Authentic 100% hand-painted Srikalahasti Pen Kalamkari pure silk saree (Code: DPTS172). Handcrafted with bamboo pens and natural organic vegetable mineral dyes in Srikalahasti, Andhra Pradesh. Fabric: Pure Tussar Silk Sarees. Direct from Dhanalakshmi Kalamkari master artisans.",https://www.dhanalakshmikalamkari.in/?product=DPTS172,https://lh3.googleusercontent.com/d/11C77j8ByTamxie1sr6M_ddJWDmSm_o5U=w1200,in_stock,19500 INR,Dhanalakshmi Kalamkari,new,Apparel & Accessories > Clothing > Traditional & Ceremonial Clothing > Sarees
DPTS173,Hand-Painted Srikalahasti Pen Kalamkari Pure Tussar Silk Sarees Saree (DPTS173),"Authentic 100% hand-painted Srikalahasti Pen Kalamkari pure silk saree (Code: DPTS173). Handcrafted with bamboo pens and natural organic vegetable mineral dyes in Srikalahasti, Andhra Pradesh. Fabric: Pure Tussar Silk Sarees. Direct from Dhanalakshmi Kalamkari master artisans.",https://www.dhanalakshmikalamkari.in/?product=DPTS173,https://lh3.googleusercontent.com/d/1APw4sUhAXo_UVuWm8Cu0Wub1N0NIRu9c=w1200,in_stock,19500 INR,Dhanalakshmi Kalamkari,new,Apparel & Accessories > Clothing > Traditional & Ceremonial Clothing > Sarees
DPTS174,Hand-Painted Srikalahasti Pen Kalamkari Pure Tussar Silk Sarees Saree (DPTS174),"Authentic 100% hand-painted Srikalahasti Pen Kalamkari pure silk saree (Code: DPTS174). Handcrafted with bamboo pens and natural organic vegetable mineral dyes in Srikalahasti, Andhra Pradesh. Fabric: Pure Tussar Silk Sarees. Direct from Dhanalakshmi Kalamkari master artisans.",https://www.dhanalakshmikalamkari.in/?product=DPTS174,https://lh3.googleusercontent.com/d/1y2QMTI6ErD6KWT11jJgTJ4CL2tXMqtrI=w1200,in_stock,19500 INR,Dhanalakshmi Kalamkari,new,Apparel & Accessories > Clothing > Traditional & Ceremonial Clothing > Sarees
DPTS175,Hand-Painted Srikalahasti Pen Kalamkari Pure Tussar Silk Sarees Saree (DPTS175),"Authentic 100% hand-painted Srikalahasti Pen Kalamkari pure silk saree (Code: DPTS175). Handcrafted with bamboo pens and natural organic vegetable mineral dyes in Srikalahasti, Andhra Pradesh. Fabric: Pure Tussar Silk Sarees. Direct from Dhanalakshmi Kalamkari master artisans.",https://www.dhanalakshmikalamkari.in/?product=DPTS175,https://lh3.googleusercontent.com/d/14-4j4WnaP4yLLwfcwIkjg2xVqAKwCCHI=w1200,in_stock,19500 INR,Dhanalakshmi Kalamkari,new,Apparel & Accessories > Clothing > Traditional & Ceremonial Clothing > Sarees
DPTS176,Hand-Painted Srikalahasti Pen Kalamkari Pure Tussar Silk Sarees Saree (DPTS176),"Authentic 100% hand-painted Srikalahasti Pen Kalamkari pure silk saree (Code: DPTS176). Handcrafted with bamboo pens and natural organic vegetable mineral dyes in Srikalahasti, Andhra Pradesh. Fabric: Pure Tussar Silk Sarees. Direct from Dhanalakshmi Kalamkari master artisans.",https://www.dhanalakshmikalamkari.in/?product=DPTS176,https://lh3.googleusercontent.com/d/1N2zHpMpE0AOmGZASfm5oXkzgXcc-D29W=w1200,in_stock,19500 INR,Dhanalakshmi Kalamkari,new,Apparel & Accessories > Clothing > Traditional & Ceremonial Clothing > Sarees
DPTS179,Hand-Painted Srikalahasti Pen Kalamkari Pure Tussar Silk Sarees Saree (DPTS179),"Authentic 100% hand-painted Srikalahasti Pen Kalamkari pure silk saree (Code: DPTS179). Handcrafted with bamboo pens and natural organic vegetable mineral dyes in Srikalahasti, Andhra Pradesh. Fabric: Pure Tussar Silk Sarees. Direct from Dhanalakshmi Kalamkari master artisans.",https://www.dhanalakshmikalamkari.in/?product=DPTS179,https://lh3.googleusercontent.com/d/1VZohKTfs9in6XOccGi3hgXUUYRReavQ5=w1200,in_stock,19500 INR,Dhanalakshmi Kalamkari,new,Apparel & Accessories > Clothing > Traditional & Ceremonial Clothing > Sarees
